  0
SECTION
  2
HEADER
  9
$ACADVER
  1
AC1015
  9
$ACADMAINTVER
 70
     6
  9
$DWGCODEPAGE
  3
ANSI_1252
  9
$INSBASE
 10
0.0
 20
0.0
 30
0.0
  9
$EXTMIN
 10
-58.5579488851
 20
7.5465799723
 30
0.0
  9
$EXTMAX
 10
46.0551139825
 20
137.0228262592
 30
0.0
  9
$LIMMIN
 10
0.0
 20
0.0
  9
$LIMMAX
 10
420.0
 20
297.0
  9
$ORTHOMODE
 70
     0
  9
$REGENMODE
 70
     1
  9
$FILLMODE
 70
     1
  9
$QTEXTMODE
 70
     0
  9
$MIRRTEXT
 70
     1
  9
$LTSCALE
 40
1.0
  9
$ATTMODE
 70
     1
  9
$TEXTSIZE
 40
3.5
  9
$TRACEWID
 40
1.0
  9
$TEXTSTYLE
  7
Standard
  9
$CLAYER
  8
0
  9
$CELTYPE
  6
ByLayer
  9
$CECOLOR
 62
   256
  9
$CELTSCALE
 40
1.0
  9
$DISPSILH
 70
     0
  9
$DIMSCALE
 40
1.0
  9
$DIMASZ
 40
3.302
  9
$DIMEXO
 40
0.0
  9
$DIMDLI
 40
3.75
  9
$DIMRND
 40
0.0
  9
$DIMDLE
 40
0.0
  9
$DIMEXE
 40
1.0
  9
$DIMTP
 40
0.0
  9
$DIMTM
 40
0.0
  9
$DIMTXT
 40
3.5
  9
$DIMCEN
 40
2.5
  9
$DIMTSZ
 40
0.0
  9
$DIMTOL
 70
     0
  9
$DIMLIM
 70
     0
  9
$DIMTIH
 70
     1
  9
$DIMTOH
 70
     1
  9
$DIMSE1
 70
     0
  9
$DIMSE2
 70
     0
  9
$DIMTAD
 70
     1
  9
$DIMZIN
 70
     1
  9
$DIMBLK
  1

  9
$DIMASO
 70
     1
  9
$DIMSHO
 70
     1
  9
$DIMPOST
  1

  9
$DIMAPOST
  1

  9
$DIMALT
 70
     0
  9
$DIMALTD
 70
     3
  9
$DIMALTF
 40
0.0393700787
  9
$DIMLFAC
 40
1.0
  9
$DIMTOFL
 70
     1
  9
$DIMTVP
 40
0.0
  9
$DIMTIX
 70
     0
  9
$DIMSOXD
 70
     0
  9
$DIMSAH
 70
     0
  9
$DIMBLK1
  1

  9
$DIMBLK2
  1

  9
$DIMSTYLE
  2
ISO-25
  9
$DIMCLRD
 70
     0
  9
$DIMCLRE
 70
     0
  9
$DIMCLRT
 70
     0
  9
$DIMTFAC
 40
1.0
  9
$DIMGAP
 40
1.524
  9
$DIMJUST
 70
     0
  9
$DIMSD1
 70
     0
  9
$DIMSD2
 70
     0
  9
$DIMTOLJ
 70
     0
  9
$DIMTZIN
 70
     1
  9
$DIMALTZ
 70
     0
  9
$DIMALTTZ
 70
     0
  9
$DIMUPT
 70
     0
  9
$DIMDEC
 70
     2
  9
$DIMTDEC
 70
     2
  9
$DIMALTU
 70
     2
  9
$DIMALTTD
 70
     3
  9
$DIMTXSTY
  7
Standard
  9
$DIMAUNIT
 70
     0
  9
$DIMADEC
 70
     2
  9
$DIMALTRND
 40
0.0
  9
$DIMAZIN
 70
     0
  9
$DIMDSEP
 70
    44
  9
$DIMATFIT
 70
     3
  9
$DIMFRAC
 70
     0
  9
$DIMLDRBLK
  1

  9
$DIMLUNIT
 70
     2
  9
$DIMLWD
 70
    -2
  9
$DIMLWE
 70
    -2
  9
$DIMTMOVE
 70
     0
  9
$LUNITS
 70
     2
  9
$LUPREC
 70
     2
  9
$SKETCHINC
 40
1.0
  9
$FILLETRAD
 40
0.0
  9
$AUNITS
 70
     0
  9
$AUPREC
 70
     2
  9
$MENU
  1
.
  9
$ELEVATION
 40
0.0
  9
$PELEVATION
 40
0.0
  9
$THICKNESS
 40
0.0
  9
$LIMCHECK
 70
     0
  9
$CHAMFERA
 40
0.0
  9
$CHAMFERB
 40
0.0
  9
$CHAMFERC
 40
0.0
  9
$CHAMFERD
 40
0.0
  9
$SKPOLY
 70
     0
  9
$TDCREATE
 40
2461007.687228947
  9
$TDUCREATE
 40
2461007.937228947
  9
$TDUPDATE
 40
2461007.687277836
  9
$TDUUPDATE
 40
2461007.937277836
  9
$TDINDWG
 40
0.0000000116
  9
$TDUSRTIMER
 40
0.0000000116
  9
$USRTIMER
 70
     1
  9
$ANGBASE
 50
0.0
  9
$ANGDIR
 70
     0
  9
$PDMODE
 70
     0
  9
$PDSIZE
 40
-1.0
  9
$PLINEWID
 40
0.0
  9
$SPLFRAME
 70
     0
  9
$SPLINETYPE
 70
     6
  9
$SPLINESEGS
 70
     8
  9
$HANDSEED
  5
30B
  9
$SURFTAB1
 70
     6
  9
$SURFTAB2
 70
     6
  9
$SURFTYPE
 70
     6
  9
$SURFU
 70
     6
  9
$SURFV
 70
     6
  9
$UCSBASE
  2

  9
$UCSNAME
  2

  9
$UCSORG
 10
0.0
 20
0.0
 30
0.0
  9
$UCSXDIR
 10
1.0
 20
0.0
 30
0.0
  9
$UCSYDIR
 10
0.0
 20
1.0
 30
0.0
  9
$UCSORTHOREF
  2

  9
$UCSORTHOVIEW
 70
     0
  9
$UCSORGTOP
 10
0.0
 20
0.0
 30
0.0
  9
$UCSORGBOTTOM
 10
0.0
 20
0.0
 30
0.0
  9
$UCSORGLEFT
 10
0.0
 20
0.0
 30
0.0
  9
$UCSORGRIGHT
 10
0.0
 20
0.0
 30
0.0
  9
$UCSORGFRONT
 10
0.0
 20
0.0
 30
0.0
  9
$UCSORGBACK
 10
0.0
 20
0.0
 30
0.0
  9
$PUCSBASE
  2

  9
$PUCSNAME
  2

  9
$PUCSORG
 10
0.0
 20
0.0
 30
0.0
  9
$PUCSXDIR
 10
1.0
 20
0.0
 30
0.0
  9
$PUCSYDIR
 10
0.0
 20
1.0
 30
0.0
  9
$PUCSORTHOREF
  2

  9
$PUCSORTHOVIEW
 70
     0
  9
$PUCSORGTOP
 10
0.0
 20
0.0
 30
0.0
  9
$PUCSORGBOTTOM
 10
0.0
 20
0.0
 30
0.0
  9
$PUCSORGLEFT
 10
0.0
 20
0.0
 30
0.0
  9
$PUCSORGRIGHT
 10
0.0
 20
0.0
 30
0.0
  9
$PUCSORGFRONT
 10
0.0
 20
0.0
 30
0.0
  9
$PUCSORGBACK
 10
0.0
 20
0.0
 30
0.0
  9
$USERI1
 70
     0
  9
$USERI2
 70
     0
  9
$USERI3
 70
     0
  9
$USERI4
 70
     0
  9
$USERI5
 70
     0
  9
$USERR1
 40
0.0
  9
$USERR2
 40
0.0
  9
$USERR3
 40
0.0
  9
$USERR4
 40
0.0
  9
$USERR5
 40
0.0
  9
$WORLDVIEW
 70
     1
  9
$SHADEDGE
 70
     3
  9
$SHADEDIF
 70
    70
  9
$TILEMODE
 70
     1
  9
$MAXACTVP
 70
    64
  9
$PINSBASE
 10
0.0
 20
0.0
 30
0.0
  9
$PLIMCHECK
 70
     0
  9
$PEXTMIN
 10
1.0000000000E+20
 20
1.0000000000E+20
 30
1.0000000000E+20
  9
$PEXTMAX
 10
-1.0000000000E+20
 20
-1.0000000000E+20
 30
-1.0000000000E+20
  9
$PLIMMIN
 10
0.0
 20
0.0
  9
$PLIMMAX
 10
420.0
 20
297.0
  9
$UNITMODE
 70
     0
  9
$VISRETAIN
 70
     1
  9
$PLINEGEN
 70
     0
  9
$PSLTSCALE
 70
     1
  9
$TREEDEPTH
 70
  3020
  9
$CMLSTYLE
  2
Standard
  9
$CMLJUST
 70
     0
  9
$CMLSCALE
 40
20.0
  9
$PROXYGRAPHICS
 70
     1
  9
$MEASUREMENT
 70
     1
  9
$CELWEIGHT
370
    -1
  9
$ENDCAPS
280
     0
  9
$JOINSTYLE
280
     0
  9
$LWDISPLAY
290
     1
  9
$INSUNITS
 70
     4
  9
$HYPERLINKBASE
  1

  9
$STYLESHEET
  1

  9
$XEDIT
290
     1
  9
$CEPSNTYPE
380
     0
  9
$PSTYLEMODE
290
     1
  9
$FINGERPRINTGUID
  2
{f81d9e4a-fd09-46fd-a978-c39b8ae8d11e}
  9
$VERSIONGUID
  2
{FAEB1C32-E019-11D5-929B-00C0DF256EC4}
  9
$EXTNAMES
290
     1
  9
$PSVPSCALE
 40
0.0
  9
$OLESTARTUP
290
     0
  0
ENDSEC
  0
SECTION
  2
CLASSES
  0
CLASS
  1
ACDBDICTIONARYWDFLT
  2
AcDbDictionaryWithDefault
  3
ObjectDBX Classes
 90
        0
280
     0
281
     0
  0
CLASS
  1
VISUALSTYLE
  2
AcDbVisualStyle
  3
ObjectDBX Classes
 90
     4095
280
     0
281
     0
  0
CLASS
  1
MATERIAL
  2
AcDbMaterial
  3
ObjectDBX Classes
 90
     1153
280
     0
281
     0
  0
CLASS
  1
SCALE
  2
AcDbScale
  3
ObjectDBX Classes
 90
     1153
280
     0
281
     0
  0
CLASS
  1
TABLESTYLE
  2
AcDbTableStyle
  3
ObjectDBX Classes
 90
     4095
280
     0
281
     0
  0
CLASS
  1
MLEADERSTYLE
  2
AcDbMLeaderStyle
  3
ACDB_MLEADERSTYLE_CLASS
 90
     4095
280
     0
281
     0
  0
CLASS
  1
SUN
  2
AcDbSun
  3
SCENEOE
 90
     1153
280
     0
281
     0
  0
CLASS
  1
ACDBPLACEHOLDER
  2
AcDbPlaceHolder
  3
ObjectDBX Classes
 90
        0
280
     0
281
     0
  0
CLASS
  1
LAYOUT
  2
AcDbLayout
  3
ObjectDBX Classes
 90
        0
280
     0
281
     0
  0
ENDSEC
  0
SECTION
  2
TABLES
  0
TABLE
  2
VPORT
  5
8
330
0
100
AcDbSymbolTable
 70
     1
  0
VPORT
  5
29
330
8
100
AcDbSymbolTableRecord
100
AcDbViewportTableRecord
  2
*Active
 70
     0
 10
0.0
 20
0.0
 11
1.0
 21
1.0
 12
-6.2514174513
 22
72.2847031157
 13
0.0
 23
0.0
 14
10.0
 24
10.0
 15
10.0
 25
10.0
 16
0.0
 26
0.0
 36
1.0
 17
0.0
 27
0.0
 37
0.0
 40
132.0657712127
 41
0.8079710825
 42
50.0
 43
0.0
 44
0.0
 50
0.0
 51
0.0
 71
     0
 72
   100
 73
     1
 74
     3
 75
     0
 76
     0
 77
     0
 78
     0
281
     0
 65
     1
110
0.0
120
0.0
130
0.0
111
1.0
121
0.0
131
0.0
112
0.0
122
1.0
132
0.0
 79
     0
146
0.0
  0
ENDTAB
  0
TABLE
  2
LTYPE
  5
5
330
0
100
AcDbSymbolTable
 70
     6
  0
LTYPE
  5
14
330
5
100
AcDbSymbolTableRecord
100
AcDbLinetypeTableRecord
  2
ByBlock
 70
     0
  3

 72
    65
 73
     0
 40
0.0
  0
LTYPE
  5
15
330
5
100
AcDbSymbolTableRecord
100
AcDbLinetypeTableRecord
  2
ByLayer
 70
     0
  3

 72
    65
 73
     0
 40
0.0
  0
LTYPE
  5
16
330
5
100
AcDbSymbolTableRecord
100
AcDbLinetypeTableRecord
  2
Continuous
 70
     0
  3
Solid line
 72
    65
 73
     0
 40
0.0
  0
LTYPE
  5
5E
330
5
100
AcDbSymbolTableRecord
100
AcDbLinetypeTableRecord
  2
HIDDEN
 70
     0
  3
Hidden __ __ __ __ __ __ __ __ __ __ __ __ __ __
 72
    65
 73
     2
 40
1.905
 49
1.27
 74
     0
 49
-0.635
 74
     0
  0
LTYPE
  5
5F
330
5
100
AcDbSymbolTableRecord
100
AcDbLinetypeTableRecord
  2
PHANTOM
 70
     0
  3
Phantom ______  __  __  ______  __  __  ______
 72
    65
 73
     6
 40
12.7
 49
6.35
 74
     0
 49
-1.27
 74
     0
 49
1.27
 74
     0
 49
-1.27
 74
     0
 49
1.27
 74
     0
 49
-1.27
 74
     0
  0
LTYPE
  5
60
330
5
100
AcDbSymbolTableRecord
100
AcDbLinetypeTableRecord
  2
CENTER
 70
     0
  3
Center ____ _ ____ _ ____ _ ____ _ ____ _ ____
 72
    65
 73
     4
 40
10.16
 49
6.35
 74
     0
 49
-1.27
 74
     0
 49
1.27
 74
     0
 49
-1.27
 74
     0
  0
LTYPE
  5
61
330
5
100
AcDbSymbolTableRecord
100
AcDbLinetypeTableRecord
  2
CENTERX2
 70
     0
  3
Center (2x) ________  __  ________  __  _____
 72
    65
 73
     4
 40
20.32
 49
12.7
 74
     0
 49
-2.54
 74
     0
 49
2.54
 74
     0
 49
-2.54
 74
     0
  0
LTYPE
  5
62
330
5
100
AcDbSymbolTableRecord
100
AcDbLinetypeTableRecord
  2
DOT2
 70
     0
  3
Dot (.5x) ........................................
 72
    65
 73
     2
 40
0.635
 49
0.0
 74
     0
 49
-0.635
 74
     0
  0
ENDTAB
  0
TABLE
  2
LAYER
  5
2
330
0
100
AcDbSymbolTable
 70
     1
  0
LAYER
  5
10
330
2
100
AcDbSymbolTableRecord
100
AcDbLayerTableRecord
  2
0
 70
     0
 62
     7
  6
Continuous
370
    -3
390
F
  0
ENDTAB
  0
TABLE
  2
STYLE
  5
3
330
0
100
AcDbSymbolTable
 70
     2
  0
STYLE
  5
11
330
3
100
AcDbSymbolTableRecord
100
AcDbTextStyleTableRecord
  2
Standard
 70
     0
 40
0.0
 41
1.0
 50
0.0
 71
     0
 42
3.5
  3
txt
  4

  0
STYLE
  5
307
330
3
100
AcDbSymbolTableRecord
100
AcDbTextStyleTableRecord
  2
SLDTEXTSTYLE0
 70
     0
 40
0.0
 41
0.7
 50
0.0
 71
     0
 42
3.5
  3
TXT
  4

  0
ENDTAB
  0
TABLE
  2
VIEW
  5
6
330
0
100
AcDbSymbolTable
 70
     0
  0
ENDTAB
  0
TABLE
  2
UCS
  5
7
330
0
100
AcDbSymbolTable
 70
     0
  0
ENDTAB
  0
TABLE
  2
APPID
  5
9
330
0
100
AcDbSymbolTable
 70
     1
  0
APPID
  5
12
330
9
100
AcDbSymbolTableRecord
100
AcDbRegAppTableRecord
  2
ACAD
 70
     0
  0
ENDTAB
  0
TABLE
  2
DIMSTYLE
  5
A
330
0
100
AcDbSymbolTable
 70
     1
100
AcDbDimStyleTable
  0
DIMSTYLE
105
27
330
A
100
AcDbSymbolTableRecord
100
AcDbDimStyleTableRecord
  2
ISO-25
 70
     0
 41
2.5
 42
0.625
 43
3.75
 44
1.25
 73
     0
 74
     0
 77
     1
 78
     8
140
2.5
141
2.5
143
0.0393700787
147
0.625
171
     3
172
     1
178
     0
271
     2
272
     2
274
     3
278
    44
283
     0
284
     8
340
11
  0
ENDTAB
  0
TABLE
  2
BLOCK_RECORD
  5
1
330
0
100
AcDbSymbolTable
 70
     1
  0
BLOCK_RECORD
  5
1F
330
1
100
AcDbSymbolTableRecord
100
AcDbBlockTableRecord
  2
*Model_Space
340
22
  0
BLOCK_RECORD
  5
1B
330
1
100
AcDbSymbolTableRecord
100
AcDbBlockTableRecord
  2
*Paper_Space
340
1E
  0
BLOCK_RECORD
  5
23
330
1
100
AcDbSymbolTableRecord
100
AcDbBlockTableRecord
  2
*Paper_Space0
340
26
  0
ENDTAB
  0
ENDSEC
  0
SECTION
  2
BLOCKS
  0
BLOCK
  5
20
330
1F
100
AcDbEntity
  8
0
100
AcDbBlockBegin
  2
*Model_Space
 70
     0
 10
0.0
 20
0.0
 30
0.0
  3
*Model_Space
  1

  0
ENDBLK
  5
21
330
1F
100
AcDbEntity
  8
0
100
AcDbBlockEnd
  0
BLOCK
  5
1C
330
1B
100
AcDbEntity
 67
     1
  8
0
100
AcDbBlockBegin
  2
*Paper_Space
 70
     0
 10
0.0
 20
0.0
 30
0.0
  3
*Paper_Space
  1

  0
ENDBLK
  5
1D
330
1B
100
AcDbEntity
 67
     1
  8
0
100
AcDbBlockEnd
  0
BLOCK
  5
24
330
23
100
AcDbEntity
  8
0
100
AcDbBlockBegin
  2
*Paper_Space0
 70
     0
 10
0.0
 20
0.0
 30
0.0
  3
*Paper_Space0
  1

  0
ENDBLK
  5
25
330
23
100
AcDbEntity
  8
0
100
AcDbBlockEnd
  0
ENDSEC
  0
SECTION
  2
ENTITIES
  0
CIRCLE
  5
63
330
1F
100
AcDbEntity
  8
0
  6
Continuous
 62
     7
100
AcDbCircle
 10
37.7624052559
 20
103.3693886765
 30
0.0
 40
0.6085423486159246
  0
CIRCLE
  5
64
330
1F
100
AcDbEntity
  8
0
  6
Continuous
 62
     7
100
AcDbCircle
 10
0.9891488641
 20
115.2115196814
 30
0.0
 40
0.1451930439533786
  0
CIRCLE
  5
65
330
1F
100
AcDbEntity
  8
0
  6
Continuous
 62
     7
100
AcDbCircle
 10
-0.3168347558
 20
113.5166543
 30
0.0
 40
0.1451930439533685
  0
CIRCLE
  5
66
330
1F
100
AcDbEntity
  8
0
  6
Continuous
 62
     7
100
AcDbCircle
 10
-1.9859648909
 20
110.8049490727
 30
0.0
 40
0.1451930439533665
  0
CIRCLE
  5
67
330
1F
100
AcDbEntity
  8
0
  6
Continuous
 62
     7
100
AcDbCircle
 10
-3.212895696
 20
108.036742344
 30
0.0
 40
0.1451930439533744
  0
CIRCLE
  5
68
330
1F
100
AcDbEntity
  8
0
  6
Continuous
 62
     7
100
AcDbCircle
 10
6.8800330922
 20
106.8695137846
 30
0.0
 40
0.1451930439533673
  0
CIRCLE
  5
69
330
1F
100
AcDbEntity
  8
0
  6
Continuous
 62
     7
100
AcDbCircle
 10
8.9117939767
 20
96.2924039715
 30
0.0
 40
0.2337168429859291
  0
CIRCLE
  5
6A
330
1F
100
AcDbEntity
  8
0
  6
Continuous
 62
     7
100
AcDbCircle
 10
3.9368175077
 20
95.791322733
 30
0.0
 40
0.1910930090845542
  0
CIRCLE
  5
6B
330
1F
100
AcDbEntity
  8
0
  6
Continuous
 62
     7
100
AcDbCircle
 10
16.7661763806
 20
56.4178362746
 30
0.0
 40
0.3232890933487043
  0
ELLIPSE
  5
6C
330
1F
100
AcDbEntity
  8
0
  6
Continuous
 62
     7
100
AcDbEllipse
 10
37.7533966767
 20
125.1827983677
 30
0.0
 11
-0.01111760667745898
 21
1.122878085311584
 31
0.0
210
0.0
220
0.0
230
1.0
 40
0.6663252714
 41
0.0
 42
6.283185307179586
  0
ELLIPSE
  5
6D
330
1F
100
AcDbEntity
  8
0
  6
Continuous
 62
     7
100
AcDbEllipse
 10
37.7533966767
 20
125.1827983677
 30
0.0
 11
-0.01111760667750161
 21
0.648063513766445
 31
0.0
210
0.0
220
0.0
230
1.0
 40
0.6203337467
 41
0.0
 42
6.283185307179586
  0
ELLIPSE
  5
6E
330
1F
100
AcDbEntity
  8
0
  6
Continuous
 62
     7
100
AcDbEllipse
 10
-33.5579488851
 20
27.5465799723
 30
0.0
 11
25.0
 21
0.0
 31
0.0
210
0.0
220
0.0
230
1.0
 40
0.8
 41
0.0
 42
6.283185307179586
  0
LINE
  5
6F
330
1F
100
AcDbEntity
  8
0
  6
Continuous
 62
     7
100
AcDbLine
 10
12.6303680895
 20
124.1161535263
 30
0.0
 11
7.1393175584
 21
127.7061659953
 31
0.0
  0
LINE
  5
70
330
1F
100
AcDbEntity
  8
0
  6
Continuous
 62
     7
100
AcDbLine
 10
14.9268982297
 20
125.5740666437
 30
0.0
 11
13.9331881906
 21
124.0351351673
 31
0.0
  0
LINE
  5
71
330
1F
100
AcDbEntity
  8
0
  6
Continuous
 62
     7
100
AcDbLine
 10
7.1393175584
 20
127.7061659953
 30
0.0
 11
7.1393175584
 21
127.2490351983
 31
0.0
  0
LINE
  5
72
330
1F
100
AcDbEntity
  8
0
  6
Continuous
 62
     7
100
AcDbLine
 10
5.1748852542
 20
125.3669716517
 30
0.0
 11
4.3341668397
 21
124.9446722431
 31
0.0
  0
LINE
  5
73
330
1F
100
AcDbEntity
  8
0
  6
Continuous
 62
     7
100
AcDbLine
 10
16.5203577329
 20
123.9292705816
 30
0.0
 11
16.3539950582
 21
124.3280675027
 31
0.0
  0
LINE
  5
74
330
1F
100
AcDbEntity
  8
0
  6
Continuous
 62
     7
100
AcDbLine
 10
0.8859326531
 20
126.7685555708
 30
0.0
 11
0.8859326531
 21
125.7696101286
 31
0.0
  0
LINE
  5
75
330
1F
100
AcDbEntity
  8
0
  6
Continuous
 62
     7
100
AcDbLine
 10
0.8859326531
 20
125.7696101286
 30
0.0
 11
0.320307578
 21
124.4959122667
 31
0.0
  0
LINE
  5
76
330
1F
100
AcDbEntity
  8
0
  6
Continuous
 62
     7
100
AcDbLine
 10
-4.7820858884
 20
116.4634832557
 30
0.0
 11
-4.5309603956
 21
116.0021099933
 31
0.0
  0
LINE
  5
77
330
1F
100
AcDbEntity
  8
0
  6
Continuous
 62
     7
100
AcDbLine
 10
-4.5309603956
 20
116.0021099933
 30
0.0
 11
-4.5309603956
 21
114.6311426347
 31
0.0
  0
LINE
  5
78
330
1F
100
AcDbEntity
  8
0
  6
Continuous
 62
     7
100
AcDbLine
 10
-5.1307159762
 20
110.5917469774
 30
0.0
 11
-6.2694096061
 21
108.0863059962
 31
0.0
  0
LINE
  5
79
330
1F
100
AcDbEntity
  8
0
  6
Continuous
 62
     7
100
AcDbLine
 10
-4.656523142
 20
113.774076026
 30
0.0
 11
-4.656523142
 21
112.8439970491
 31
0.0
  0
LINE
  5
7A
330
1F
100
AcDbEntity
  8
0
  6
Continuous
 62
     7
100
AcDbLine
 10
4.260336473
 20
106.2188008589
 30
0.0
 11
6.8800330922
 21
107.312360832
 31
0.0
  0
LINE
  5
7B
330
1F
100
AcDbEntity
  8
0
  6
Continuous
 62
     7
100
AcDbLine
 10
-5.2653024746
 20
100.3100517602
 30
0.0
 11
-3.7478422491
 21
98.7049577451
 31
0.0
  0
LINE
  5
7C
330
1F
100
AcDbEntity
  8
0
  6
Continuous
 62
     7
100
AcDbLine
 10
-7.3876124613
 20
98.1271741129
 30
0.0
 11
-7.3876124613
 21
97.8046559579
 31
0.0
  0
LINE
  5
7D
330
1F
100
AcDbEntity
  8
0
  6
Continuous
 62
     7
100
AcDbLine
 10
-7.3876124613
 20
97.8046559579
 30
0.0
 11
-14.702725135
 21
84.322031308
 31
0.0
  0
LINE
  5
7E
330
1F
100
AcDbEntity
  8
0
  6
Continuous
 62
     7
100
AcDbLine
 10
23.7159856284
 20
74.0331376326
 30
0.0
 11
23.4403306866
 21
77.7938028667
 31
0.0
  0
LINE
  5
7F
330
1F
100
AcDbEntity
  8
0
  6
Continuous
 62
     7
100
AcDbLine
 10
14.435405263
 20
87.1936197236
 30
0.0
 11
14.435405263
 21
95.3291711597
 31
0.0
  0
LINE
  5
80
330
1F
100
AcDbEntity
  8
0
  6
Continuous
 62
     7
100
AcDbLine
 10
23.4770325987
 20
82.3996746296
 30
0.0
 11
23.8338648509
 21
82.3996746296
 31
0.0
  0
LINE
  5
81
330
1F
100
AcDbEntity
  8
0
  6
Continuous
 62
     7
100
AcDbLine
 10
23.1756434655
 20
85.0724075241
 30
0.0
 11
23.1756434655
 21
87.8287095756
 31
0.0
  0
LINE
  5
82
330
1F
100
AcDbEntity
  8
0
  6
Continuous
 62
     7
100
AcDbLine
 10
22.7145389267
 20
90.5575857359
 30
0.0
 11
22.9699492826
 21
90.7358540278
 31
0.0
  0
LINE
  5
83
330
1F
100
AcDbEntity
  8
0
  6
Continuous
 62
     7
100
AcDbLine
 10
21.3979743204
 20
108.4012528139
 30
0.0
 11
22.8553922357
 21
107.0161130283
 31
0.0
  0
LINE
  5
84
330
1F
100
AcDbEntity
  8
0
  6
Continuous
 62
     7
100
AcDbLine
 10
37.8227843028
 20
101.234123074
 30
0.0
 11
39.6227056559
 21
98.4839638129
 31
0.0
  0
LINE
  5
85
330
1F
100
AcDbEntity
  8
0
  6
Continuous
 62
     7
100
AcDbLine
 10
37.5795605281
 20
35.8919665315
 30
0.0
 11
37.7624052559
 21
93.3909369892
 31
0.0
  0
LINE
  5
86
330
1F
100
AcDbEntity
  8
0
  6
Continuous
 62
     7
100
AcDbLine
 10
37.8227843028
 20
101.234123074
 30
0.0
 11
35.7715276677
 21
98.5995993159
 31
0.0
  0
LINE
  5
87
330
1F
100
AcDbEntity
  8
0
  6
Continuous
 62
     7
100
AcDbLine
 10
-3.7478422491
 20
98.7049577451
 30
0.0
 11
-5.4268246225
 21
95.9256410222
 31
0.0
  0
LINE
  5
88
330
1F
100
AcDbEntity
  8
0
  6
Continuous
 62
     7
100
AcDbLine
 10
31.4420485007
 20
103.0979643838
 30
0.0
 11
36.0032288839
 21
106.6379409951
 31
0.0
  0
LINE
  5
89
330
1F
100
AcDbEntity
  8
0
  6
Continuous
 62
     7
100
AcDbLine
 10
36.0032288839
 20
106.6379409951
 30
0.0
 11
36.5318799281
 21
106.6379409951
 31
0.0
  0
LINE
  5
8A
330
1F
100
AcDbEntity
  8
0
  6
Continuous
 62
     7
100
AcDbLine
 10
38.811687556
 20
106.6379409951
 30
0.0
 11
38.811687556
 21
104.3085723318
 31
0.0
  0
LINE
  5
8B
330
1F
100
AcDbEntity
  8
0
  6
Continuous
 62
     7
100
AcDbLine
 10
40.6060536206
 20
110.3925768627
 30
0.0
 11
40.6060536206
 21
108.7419616648
 31
0.0
  0
LINE
  5
8C
330
1F
100
AcDbEntity
  8
0
  6
Continuous
 62
     7
100
AcDbLine
 10
40.6060536206
 20
111.0591714619
 30
0.0
 11
40.6060536206
 21
112.2812615604
 31
0.0
  0
LINE
  5
8D
330
1F
100
AcDbEntity
  8
0
  6
Continuous
 62
     7
100
AcDbLine
 10
38.4996880769
 20
122.676143717
 30
0.0
 11
38.5799729963
 21
113.5967888397
 31
0.0
  0
LINE
  5
8E
330
1F
100
AcDbEntity
  8
0
  6
Continuous
 62
     7
100
AcDbLine
 10
36.7598129658
 20
114.1162962986
 30
0.0
 11
36.9090126018
 21
122.676143717
 31
0.0
  0
LINE
  5
8F
330
1F
100
AcDbEntity
  8
0
  6
Continuous
 62
     7
100
AcDbLine
 10
25.43771707
 20
108.4012528139
 30
0.0
 11
26.1840040207
 21
107.7337065629
 31
0.0
  0
LINE
  5
90
330
1F
100
AcDbEntity
  8
0
  6
Continuous
 62
     7
100
AcDbLine
 10
28.1008548883
 20
112.2812615604
 30
0.0
 11
27.0381595166
 21
112.2812615604
 31
0.0
  0
LINE
  5
91
330
1F
100
AcDbEntity
  8
0
  6
Continuous
 62
     7
100
AcDbLine
 10
27.0381595166
 20
112.2812615604
 30
0.0
 11
25.7493587467
 21
113.7393609388
 31
0.0
  0
LINE
  5
92
330
1F
100
AcDbEntity
  8
0
  6
Continuous
 62
     7
100
AcDbLine
 10
25.7493587467
 20
113.7393609388
 30
0.0
 11
25.7493587467
 21
114.1162962986
 31
0.0
  0
LINE
  5
93
330
1F
100
AcDbEntity
  8
0
  6
Continuous
 62
     7
100
AcDbLine
 10
25.7493587467
 20
114.1162962986
 30
0.0
 11
24.9547782829
 21
115.0152539245
 31
0.0
  0
LINE
  5
94
330
1F
100
AcDbEntity
  8
0
  6
Continuous
 62
     7
100
AcDbLine
 10
24.9547782829
 20
115.0152539245
 30
0.0
 11
24.9547782829
 21
115.4729286879
 31
0.0
  0
LINE
  5
95
330
1F
100
AcDbEntity
  8
0
  6
Continuous
 62
     7
100
AcDbLine
 10
24.9547782829
 20
115.4729286879
 30
0.0
 11
24.401421736
 21
116.0989748976
 31
0.0
  0
LINE
  5
96
330
1F
100
AcDbEntity
  8
0
  6
Continuous
 62
     7
100
AcDbLine
 10
24.401421736
 20
116.0989748976
 30
0.0
 11
24.6781000094
 21
116.3435283053
 31
0.0
  0
LINE
  5
97
330
1F
100
AcDbEntity
  8
0
  6
Continuous
 62
     7
100
AcDbLine
 10
17.9951701933
 20
125.7786872677
 30
0.0
 11
16.3539950582
 21
124.3280675027
 31
0.0
  0
LINE
  5
98
330
1F
100
AcDbEntity
  8
0
  6
Continuous
 62
     7
100
AcDbLine
 10
0.8859326531
 20
126.7685555708
 30
0.0
 11
1.5651305279
 21
126.7685555708
 31
0.0
  0
LINE
  5
99
330
1F
100
AcDbEntity
  8
0
  6
Continuous
 62
     7
100
AcDbLine
 10
24.401421736
 20
116.7081900923
 30
0.0
 11
24.4580145818
 21
117.4972437413
 31
0.0
  0
LINE
  5
9A
330
1F
100
AcDbEntity
  8
0
  6
Continuous
 62
     7
100
AcDbLine
 10
2.9665236721
 20
116.0021099933
 30
0.0
 11
2.5724508719
 21
115.2408130245
 31
0.0
  0
LINE
  5
9B
330
1F
100
AcDbEntity
  8
0
  6
Continuous
 62
     7
100
AcDbLine
 10
36.7598129658
 20
110.2760224096
 30
0.0
 11
36.3869106747
 21
110.2213002163
 31
0.0
  0
LINE
  5
9C
330
1F
100
AcDbEntity
  8
0
  6
Continuous
 62
     7
100
AcDbLine
 10
7.3781730137
 20
106.6379409951
 30
0.0
 11
4.6266874735
 21
105.4893673659
 31
0.0
  0
LINE
  5
9D
330
1F
100
AcDbEntity
  8
0
  6
Continuous
 62
     7
100
AcDbLine
 10
36.7004600508
 20
109.0410168606
 30
0.0
 11
36.4711411344
 21
109.0410168606
 31
0.0
  0
LINE
  5
9E
330
1F
100
AcDbEntity
  8
0
  6
Continuous
 62
     7
100
AcDbLine
 10
36.5318799281
 20
108.3715759861
 30
0.0
 11
36.5318799281
 21
104.2271636345
 31
0.0
  0
LINE
  5
9F
330
1F
100
AcDbEntity
  8
0
  6
Continuous
 62
     7
100
AcDbLine
 10
38.811687556
 20
106.6379409951
 30
0.0
 11
38.811687556
 21
107.3825845075
 31
0.0
  0
LINE
  5
A0
330
1F
100
AcDbEntity
  8
0
  6
Continuous
 62
     7
100
AcDbLine
 10
37.7624052559
 20
93.3909369892
 30
0.0
 11
38.6838042401
 21
96.3888856947
 31
0.0
  0
LINE
  5
A1
330
1F
100
AcDbEntity
  8
0
  6
Continuous
 62
     7
100
AcDbLine
 10
38.6838042401
 20
96.3888856947
 30
0.0
 11
37.7624052559
 21
97.9751922293
 31
0.0
  0
LINE
  5
A2
330
1F
100
AcDbEntity
  8
0
  6
Continuous
 62
     7
100
AcDbLine
 10
36.7004600508
 20
96.5045211977
 30
0.0
 11
37.7624052559
 21
97.9751922293
 31
0.0
  0
LINE
  5
A3
330
1F
100
AcDbEntity
  8
0
  6
Continuous
 62
     7
100
AcDbLine
 10
36.7004600508
 20
96.5045211977
 30
0.0
 11
37.7624052559
 21
93.3909369892
 31
0.0
  0
LINE
  5
A4
330
1F
100
AcDbEntity
  8
0
  6
Continuous
 62
     7
100
AcDbLine
 10
-5.4268246225
 20
95.9256410222
 30
0.0
 11
-7.3876124613
 21
98.1271741129
 31
0.0
  0
LINE
  5
A5
330
1F
100
AcDbEntity
  8
0
  6
Continuous
 62
     7
100
AcDbLine
 10
-4.1911500765
 20
98.7049577451
 30
0.0
 11
-5.4712611759
 21
96.5888954354
 31
0.0
  0
LINE
  5
A6
330
1F
100
AcDbEntity
  8
0
  6
Continuous
 62
     7
100
AcDbLine
 10
-5.4712611759
 20
96.5888954354
 30
0.0
 11
-7.0965647811
 21
98.2931248007
 31
0.0
  0
LINE
  5
A7
330
1F
100
AcDbEntity
  8
0
  6
Continuous
 62
     7
100
AcDbLine
 10
-4.1911500765
 20
98.7049577451
 30
0.0
 11
-5.4712611759
 21
100.0341189582
 31
0.0
  0
LINE
  5
A8
330
1F
100
AcDbEntity
  8
0
  6
Continuous
 62
     7
100
AcDbLine
 10
-6.0002315429
 20
87.093943239
 30
0.0
 11
-6.0002315429
 21
86.7112746347
 31
0.0
  0
LINE
  5
A9
330
1F
100
AcDbEntity
  8
0
  6
Continuous
 62
     7
100
AcDbLine
 10
-2.0968707313
 20
87.6065862864
 30
0.0
 11
-2.0968707313
 21
87.2657946881
 31
0.0
  0
LINE
  5
AA
330
1F
100
AcDbEntity
  8
0
  6
Continuous
 62
     7
100
AcDbLine
 10
15.5066586695
 20
99.748285165
 30
0.0
 11
15.5066586695
 21
95.7538045706
 31
0.0
  0
LINE
  5
AB
330
1F
100
AcDbEntity
  8
0
  6
Continuous
 62
     7
100
AcDbLine
 10
11.0886131362
 20
70.6590728967
 30
0.0
 11
11.0886131362
 21
68.7609769508
 31
0.0
  0
LINE
  5
AC
330
1F
100
AcDbEntity
  8
0
  6
Continuous
 62
     7
100
AcDbLine
 10
15.2678056943
 20
38.2909089322
 30
0.0
 11
17.1208370323
 21
39.4217580595
 31
0.0
  0
LINE
  5
AD
330
1F
100
AcDbEntity
  8
0
  6
Continuous
 62
     7
100
AcDbLine
 10
16.0345583998
 20
34.0515960272
 30
0.0
 11
28.7234971532
 21
34.0515960272
 31
0.0
  0
LINE
  5
AE
330
1F
100
AcDbEntity
  8
0
  6
Continuous
 62
     7
100
AcDbLine
 10
-1.3616357887
 20
34.0515960272
 30
0.0
 11
5.7141876697
 21
34.0515960272
 31
0.0
  0
LINE
  5
AF
330
1F
100
AcDbEntity
  8
0
  6
Continuous
 62
     7
100
AcDbLine
 10
-1.3616357887
 20
34.0515960272
 30
0.0
 11
-1.3616357887
 21
34.0210225512
 31
0.0
  0
LINE
  5
B0
330
1F
100
AcDbEntity
  8
0
  6
Continuous
 62
     7
100
AcDbLine
 10
15.3669330609
 20
137.0228262592
 30
0.0
 11
6.7124093475
 21
137.0228262592
 31
0.0
  0
LINE
  5
B1
330
1F
100
AcDbEntity
  8
0
  6
Continuous
 62
     7
100
AcDbLine
 10
6.7124093475
 20
137.0228262592
 30
0.0
 11
6.7124093475
 21
127.7248435336
 31
0.0
  0
LINE
  5
B2
330
1F
100
AcDbEntity
  8
0
  6
Continuous
 62
     7
100
AcDbLine
 10
15.3669330609
 20
137.0228262592
 30
0.0
 11
15.3669330609
 21
126.051850102
 31
0.0
  0
LINE
  5
B3
330
1F
100
AcDbEntity
  8
0
  6
Continuous
 62
     7
100
AcDbLine
 10
4.7441510275
 20
125.7819690762
 30
0.0
 11
4.2708123857
 21
125.4874472547
 31
0.0
  0
LINE
  5
B4
330
1F
100
AcDbEntity
  8
0
  6
Continuous
 62
     7
100
AcDbLine
 10
1.5885600823
 20
127.0652427273
 30
0.0
 11
0.5998082528
 21
127.0652427273
 31
0.0
  0
LINE
  5
B5
330
1F
100
AcDbEntity
  8
0
  6
Continuous
 62
     7
100
AcDbLine
 10
0.5998082528
 20
127.0652427273
 30
0.0
 11
0.5998082528
 21
125.7188572573
 31
0.0
  0
LINE
  5
B6
330
1F
100
AcDbEntity
  8
0
  6
Continuous
 62
     7
100
AcDbLine
 10
0.5998082528
 20
125.7188572573
 30
0.0
 11
0.0765637908
 21
124.6434008676
 31
0.0
  0
LINE
  5
B7
330
1F
100
AcDbEntity
  8
0
  6
Continuous
 62
     7
100
AcDbLine
 10
-5.161302506
 20
116.2451159003
 30
0.0
 11
-4.9313734818
 21
115.8755871114
 31
0.0
  0
LINE
  5
B8
330
1F
100
AcDbEntity
  8
0
  6
Continuous
 62
     7
100
AcDbLine
 10
-4.9313734818
 20
115.8755871114
 30
0.0
 11
-4.9313734818
 21
114.6062662963
 31
0.0
  0
LINE
  5
B9
330
1F
100
AcDbEntity
  8
0
  6
Continuous
 62
     7
100
AcDbLine
 10
-5.404165912
 20
110.4795132355
 30
0.0
 11
-6.3516839383
 21
108.5320214037
 31
0.0
  0
LINE
  5
BA
330
1F
100
AcDbEntity
  8
0
  6
Continuous
 62
     7
100
AcDbLine
 10
-8.0232242333
 20
97.764303694
 30
0.0
 11
-8.0232242333
 21
97.6203823172
 31
0.0
  0
LINE
  5
BB
330
1F
100
AcDbEntity
  8
0
  6
Continuous
 62
     7
100
AcDbLine
 10
-8.0232242333
 20
97.6203823172
 30
0.0
 11
-15.3190966043
 21
84.435360157
 31
0.0
  0
LINE
  5
BC
330
1F
100
AcDbEntity
  8
0
  6
Continuous
 62
     7
100
AcDbLine
 10
-1.6511427242
 20
33.998473096
 30
0.0
 11
-1.6511427242
 21
31.198473096
 31
0.0
  0
LINE
  5
BD
330
1F
100
AcDbEntity
  8
0
  6
Continuous
 62
     7
100
AcDbLine
 10
-1.6511427242
 20
31.198473096
 30
0.0
 11
28.9980004019
 21
31.198473096
 31
0.0
  0
LINE
  5
BE
330
1F
100
AcDbEntity
  8
0
  6
Continuous
 62
     7
100
AcDbLine
 10
28.9980004019
 20
31.198473096
 30
0.0
 11
28.9980004019
 21
33.998473096
 31
0.0
  0
LINE
  5
BF
330
1F
100
AcDbEntity
  8
0
  6
Continuous
 62
     7
100
AcDbLine
 10
24.2286955532
 20
74.2718534834
 30
0.0
 11
23.9737272982
 21
77.1807040995
 31
0.0
  0
LINE
  5
C0
330
1F
100
AcDbEntity
  8
0
  6
Continuous
 62
     7
100
AcDbLine
 10
23.9737272982
 20
77.1807040995
 30
0.0
 11
24.9167879539
 21
77.1807040995
 31
0.0
  0
LINE
  5
C1
330
1F
100
AcDbEntity
  8
0
  6
Continuous
 62
     7
100
AcDbLine
 10
24.9167879539
 20
77.1807040995
 30
0.0
 11
23.9737272982
 21
81.8109774521
 31
0.0
  0
LINE
  5
C2
330
1F
100
AcDbEntity
  8
0
  6
Continuous
 62
     7
100
AcDbLine
 10
23.9737272982
 20
81.8109774521
 30
0.0
 11
24.3861181157
 21
81.8109774521
 31
0.0
  0
LINE
  5
C3
330
1F
100
AcDbEntity
  8
0
  6
Continuous
 62
     7
100
AcDbLine
 10
23.8031587556
 20
84.8833998012
 30
0.0
 11
23.8031587556
 21
87.5983248211
 31
0.0
  0
LINE
  5
C4
330
1F
100
AcDbEntity
  8
0
  6
Continuous
 62
     7
100
AcDbLine
 10
23.4105821641
 20
90.2722987744
 30
0.0
 11
23.7591467221
 21
90.4069714445
 31
0.0
  0
LINE
  5
C5
330
1F
100
AcDbEntity
  8
0
  6
Continuous
 62
     7
100
AcDbLine
 10
21.3359735862
 20
107.608688585
 30
0.0
 11
22.4029090194
 21
106.7147697085
 31
0.0
  0
LINE
  5
C6
330
1F
100
AcDbEntity
  8
0
  6
Continuous
 62
     7
100
AcDbLine
 10
39.0983588694
 20
104.5525297223
 30
0.0
 11
39.0983588694
 21
106.3845116455
 31
0.0
  0
LINE
  5
C7
330
1F
100
AcDbEntity
  8
0
  6
Continuous
 62
     7
100
AcDbLine
 10
40.9597345782
 20
108.4250639317
 30
0.0
 11
40.9597345782
 21
110.2511172213
 31
0.0
  0
LINE
  5
C8
330
1F
100
AcDbEntity
  8
0
  6
Continuous
 62
     7
100
AcDbLine
 10
40.9597345782
 20
111.0217452151
 30
0.0
 11
40.9597345782
 21
112.1776872058
 31
0.0
  0
LINE
  5
C9
330
1F
100
AcDbEntity
  8
0
  6
Continuous
 62
     7
100
AcDbLine
 10
38.841629077
 20
113.8172483546
 30
0.0
 11
38.841629077
 21
122.6057961699
 31
0.0
  0
LINE
  5
CA
330
1F
100
AcDbEntity
  8
0
  6
Continuous
 62
     7
100
AcDbLine
 10
36.633524791
 20
122.4852077036
 30
0.0
 11
36.4601803996
 21
114.4876366693
 31
0.0
  0
LINE
  5
CB
330
1F
100
AcDbEntity
  8
0
  6
Continuous
 62
     7
100
AcDbLine
 10
27.9109320965
 20
112.5127428553
 30
0.0
 11
27.0981601689
 21
112.5127428553
 31
0.0
  0
LINE
  5
CC
330
1F
100
AcDbEntity
  8
0
  6
Continuous
 62
     7
100
AcDbLine
 10
27.0981601689
 20
112.5127428553
 30
0.0
 11
26.0374239245
 21
113.7859543233
 31
0.0
  0
LINE
  5
CD
330
1F
100
AcDbEntity
  8
0
  6
Continuous
 62
     7
100
AcDbLine
 10
26.0374239245
 20
113.7859543233
 30
0.0
 11
26.0374239245
 21
114.0846016516
 31
0.0
  0
LINE
  5
CE
330
1F
100
AcDbEntity
  8
0
  6
Continuous
 62
     7
100
AcDbLine
 10
26.0374239245
 20
114.0846016516
 30
0.0
 11
25.1963307108
 21
115.0941735701
 31
0.0
  0
LINE
  5
CF
330
1F
100
AcDbEntity
  8
0
  6
Continuous
 62
     7
100
AcDbLine
 10
25.1963307108
 20
115.0941735701
 30
0.0
 11
25.1963307108
 21
115.4208538037
 31
0.0
  0
LINE
  5
D0
330
1F
100
AcDbEntity
  8
0
  6
Continuous
 62
     7
100
AcDbLine
 10
25.1963307108
 20
115.4208538037
 30
0.0
 11
24.6716661365
 21
116.0506135167
 31
0.0
  0
LINE
  5
D1
330
1F
100
AcDbEntity
  8
0
  6
Continuous
 62
     7
100
AcDbLine
 10
24.6716661365
 20
116.0506135167
 30
0.0
 11
24.9339984237
 21
116.2691674428
 31
0.0
  0
LINE
  5
D2
330
1F
100
AcDbEntity
  8
0
  6
Continuous
 62
     7
100
AcDbLine
 10
17.8647551748
 20
126.5581509452
 30
0.0
 11
16.2242967727
 21
125.1914544236
 31
0.0
  0
LINE
  5
D3
330
1F
100
AcDbEntity
  8
0
  6
Continuous
 62
     7
100
AcDbLine
 10
15.0936676604
 20
34.3255859094
 30
0.0
 11
6.080017861
 21
34.3255859094
 31
0.0
  0
LINE
  5
D4
330
1F
100
AcDbEntity
  8
0
  6
Continuous
 62
     7
100
AcDbLine
 10
32.556106597
 20
103.6079973837
 30
0.0
 11
35.9950446358
 21
106.2322186608
 31
0.0
  0
LINE
  5
D5
330
1F
100
AcDbEntity
  8
0
  6
Continuous
 62
     7
100
AcDbLine
 10
35.9950446358
 20
106.2322186608
 30
0.0
 11
36.3466999203
 21
106.2322186608
 31
0.0
  0
LINE
  5
D6
330
1F
100
AcDbEntity
  8
0
  6
Continuous
 62
     7
100
AcDbLine
 10
36.3466999203
 20
106.2322186608
 30
0.0
 11
36.3466999203
 21
104.5525297223
 31
0.0
  0
LINE
  5
D7
330
1F
100
AcDbEntity
  8
0
  6
Continuous
 62
     7
100
AcDbLine
 10
-48.8829488851
 20
28.9465799723
 30
0.0
 11
-18.2329488851
 21
28.9465799723
 31
0.0
  0
LINE
  5
D8
330
1F
100
AcDbEntity
  8
0
  6
Continuous
 62
     7
100
AcDbLine
 10
-48.8829488851
 20
28.9465799723
 30
0.0
 11
-48.8829488851
 21
26.1465799723
 31
0.0
  0
LINE
  5
D9
330
1F
100
AcDbEntity
  8
0
  6
Continuous
 62
     7
100
AcDbLine
 10
-48.8829488851
 20
26.1465799723
 30
0.0
 11
-18.2329488851
 21
26.1465799723
 31
0.0
  0
LINE
  5
DA
330
1F
100
AcDbEntity
  8
0
  6
Continuous
 62
     7
100
AcDbLine
 10
-18.2329488851
 20
28.9465799723
 30
0.0
 11
-18.2329488851
 21
26.1465799723
 31
0.0
  0
SPLINE
  5
DB
330
1F
100
AcDbEntity
  8
0
  6
Continuous
 62
     7
100
AcDbSpline
210
0.0
220
0.0
230
1.0
 70
     8
 71
     3
 72
    10
 73
     6
 74
     0
 42
0.00000001
 43
0.00000001
 40
0.0
 40
0.0
 40
0.0
 40
0.0
 40
0.5810376140115928
 40
0.784009246165626
 40
0.9999999999999999
 40
0.9999999999999999
 40
0.9999999999999999
 40
0.9999999999999999
 10
12.63036578893661
 20
124.1161535262689
 30
0.0
 10
12.9052464829457
 20
123.9543320949848
 30
0.0
 10
13.27615019124031
 20
123.7359822062769
 30
0.0
 10
13.82125367802469
 20
123.8722603104231
 30
0.0
 10
13.94674547826869
 20
124.0596942444333
 30
0.0
 10
14.01144118709895
 20
124.15632343611
 30
0.0
  0
SPLINE
  5
DC
330
1F
100
AcDbEntity
  8
0
  6
Continuous
 62
     7
100
AcDbSpline
210
0.0
220
0.0
230
1.0
 70
     8
 71
     3
 72
    14
 73
    10
 74
     0
 42
0.00000001
 43
0.00000001
 40
0.0
 40
0.0
 40
0.0
 40
0.0
 40
0.1943557407180694
 40
0.4055586667399311
 40
0.8278078920750996
 40
0.976068023549676
 40
0.9895808317530831
 40
0.9947065773050195
 40
1.0
 40
1.0
 40
1.0
 40
1.0
 10
7.139313966035843
 20
127.249035198287
 30
0.0
 10
7.063028107464019
 20
127.2480661863141
 30
0.0
 10
6.903843763440044
 20
127.246044166268
 30
0.0
 10
6.650367856189149
 20
127.0293094172706
 30
0.0
 10
6.501639643633671
 20
126.7719999847775
 30
0.0
 10
6.456614441144676
 20
126.5378370695365
 30
0.0
 10
6.485104761813357
 20
126.478234551519
 30
0.0
 10
6.493663084284099
 20
126.4735658445278
 30
0.0
 10
6.497661281642019
 20
126.4744927146411
 30
0.0
 10
6.499692552097766
 20
126.4749636078234
 30
0.0
  0
SPLINE
  5
DD
330
1F
100
AcDbEntity
  8
0
  6
Continuous
 62
     7
100
AcDbSpline
210
0.0
220
0.0
230
1.0
 70
     8
 71
     3
 72
     9
 73
     5
 74
     0
 42
0.00000001
 43
0.00000001
 40
0.0
 40
0.0
 40
0.0
 40
0.0
 40
0.5419369248412091
 40
1.0
 40
1.0
 40
1.0
 40
1.0
 10
1.565130427479744
 20
126.7685555707861
 30
0.0
 10
2.83425537940996
 20
125.9948663846379
 30
0.0
 10
5.176086861555371
 20
124.5672294204747
 30
0.0
 10
6.68636867972587
 20
122.2865075832942
 30
0.0
 10
7.378173013713459
 20
121.2417931249734
 30
0.0
  0
SPLINE
  5
DE
330
1F
100
AcDbEntity
  8
0
  6
Continuous
 62
     7
100
AcDbSpline
210
0.0
220
0.0
230
1.0
 70
     8
 71
     3
 72
    11
 73
     7
 74
     0
 42
0.00000001
 43
0.00000001
 40
0.0
 40
0.0
 40
0.0
 40
0.0
 40
0.30306954051967
 40
0.5695942450450951
 40
0.7692030299105065
 40
1.0
 40
1.0
 40
1.0
 40
1.0
 10
0.320307444781065
 20
124.4959122667179
 30
0.0
 10
-0.5436927043870196
 20
123.9364677837007
 30
0.0
 10
-2.167509838370183
 20
122.8850379455111
 30
0.0
 10
-4.053714111392803
 20
121.004478681288
 30
0.0
 10
-4.94748139573389
 20
118.7284435488655
 30
0.0
 10
-4.839818230567063
 20
117.2540818924528
 30
0.0
 10
-4.782085888411575
 20
116.463483255704
 30
0.0
  0
SPLINE
  5
DF
330
1F
100
AcDbEntity
  8
0
  6
Continuous
 62
     7
100
AcDbSpline
210
0.0
220
0.0
230
1.0
 70
     8
 71
     3
 72
     9
 73
     5
 74
     0
 42
0.00000001
 43
0.00000001
 40
0.0
 40
0.0
 40
0.0
 40
0.0
 40
0.5724523362633931
 40
1.0
 40
1.0
 40
1.0
 40
1.0
 10
-4.410125315189362
 20
114.4091452378451
 30
0.0
 10
-4.496866893487666
 20
114.3018912096606
 30
0.0
 10
-4.648393182758315
 20
114.1145323303441
 30
0.0
 10
-4.654088235490893
 20
113.8760420067107
 30
0.0
 10
-4.656523141981564
 20
113.7740760260175
 30
0.0
  0
SPLINE
  5
E0
330
1F
100
AcDbEntity
  8
0
  6
Continuous
 62
     7
100
AcDbSpline
210
0.0
220
0.0
230
1.0
 70
     8
 71
     3
 72
     9
 73
     5
 74
     0
 42
0.00000001
 43
0.00000001
 40
0.0
 40
0.0
 40
0.0
 40
0.0
 40
0.6502549554698412
 40
1.0
 40
1.0
 40
1.0
 40
1.0
 10
-4.530958831310272
 20
114.63114263472
 30
0.0
 10
-4.519434765993179
 20
114.573638648358
 30
0.0
 10
-4.501712386147928
 20
114.4852056639136
 30
0.0
 10
-4.433858692844366
 20
114.4288539652156
 30
0.0
 10
-4.410127199858376
 20
114.4091452378451
 30
0.0
  0
SPLINE
  5
E1
330
1F
100
AcDbEntity
  8
0
  6
Continuous
 62
     7
100
AcDbSpline
210
0.0
220
0.0
230
1.0
 70
     8
 71
     3
 72
     9
 73
     5
 74
     0
 42
0.00000001
 43
0.00000001
 40
0.0
 40
0.0
 40
0.0
 40
0.0
 40
0.5618818814876652
 40
1.0
 40
1.0
 40
1.0
 40
1.0
 10
-4.656519740819931
 20
112.8439970490633
 30
0.0
 10
-4.858725825763492
 20
112.4433236488351
 30
0.0
 10
-5.218598766332764
 20
111.7302317812571
 30
0.0
 10
-5.157489189167388
 20
110.9385827580077
 30
0.0
 10
-5.130715976196611
 20
110.5917469774195
 30
0.0
  0
SPLINE
  5
E2
330
1F
100
AcDbEntity
  8
0
  6
Continuous
 62
     7
100
AcDbSpline
210
0.0
220
0.0
230
1.0
 70
     8
 71
     3
 72
     9
 73
     5
 74
     0
 42
0.00000001
 43
0.00000001
 40
0.0
 40
0.0
 40
0.0
 40
0.0
 40
0.5495986091931199
 40
1.0
 40
1.0
 40
1.0
 40
1.0
 10
-8.120693266391754
 20
110.1774107453675
 30
0.0
 10
-7.857808802346988
 20
108.6201658098784
 30
0.0
 10
-7.379487970293368
 20
105.7867435459914
 30
0.0
 10
-8.638418157445146
 20
103.2235504238604
 30
0.0
 10
-9.205442064667071
 20
102.069084676746
 30
0.0
  0
SPLINE
  5
E3
330
1F
100
AcDbEntity
  8
0
  6
Continuous
 62
     7
100
AcDbSpline
210
0.0
220
0.0
230
1.0
 70
     8
 71
     3
 72
    10
 73
     6
 74
     0
 42
0.00000001
 43
0.00000001
 40
0.0
 40
0.0
 40
0.0
 40
0.0
 40
0.2890515601141354
 40
0.492793062129451
 40
0.9999999999999999
 40
0.9999999999999999
 40
0.9999999999999999
 40
0.9999999999999999
 10
-9.205438196659088
 20
102.069084676746
 30
0.0
 10
-8.727864578965137
 20
101.9985227403286
 30
0.0
 10
-7.913667397802328
 20
101.8782243662143
 30
0.0
 10
-7.207195047347675
 20
100.3067386409243
 30
0.0
 10
-7.678552043697662
 20
99.24291792976213
 30
0.0
 10
-8.014828945579492
 20
98.48396381286662
 30
0.0
  0
SPLINE
  5
E4
330
1F
100
AcDbEntity
  8
0
  6
Continuous
 62
     7
100
AcDbSpline
210
0.0
220
0.0
230
1.0
 70
     8
 71
     3
 72
    37
 73
    33
 74
     0
 42
0.00000001
 43
0.00000001
 40
0.0
 40
0.0
 40
0.0
 40
0.0
 40
0.1305802886801144
 40
0.2079741217761486
 40
0.2541593331436881
 40
0.3119856232503396
 40
0.4035276184550285
 40
0.5085218469456702
 40
0.6141910424868708
 40
0.6423559367944213
 40
0.6599773188911706
 40
0.6718479586929416
 40
0.6841203344482046
 40
0.7370486212350383
 40
0.7879441340602215
 40
0.813431363507731
 40
0.8251969842193687
 40
0.8272399135618005
 40
0.8278394797604538
 40
0.8284155041202309
 40
0.8297363494783139
 40
0.831284034071911
 40
0.8351194595616104
 40
0.8448186625494789
 40
0.8674232584135325
 40
0.8899286192600098
 40
0.9024230987187182
 40
0.9055775807985512
 40
0.9077165277524011
 40
0.9111320394125342
 40
0.9158119000995782
 40
0.9999999999999999
 40
0.9999999999999999
 40
0.9999999999999999
 40
0.9999999999999999
 10
-14.70272243022919
 20
84.32203130800549
 30
0.0
 10
-15.40742364233488
 20
83.39580175663694
 30
0.0
 10
-16.52979530488571
 20
81.92060378107658
 30
0.0
 10
-18.00123388396183
 20
80.19280233125889
 30
0.0
 10
-19.17130820133961
 20
79.07594099937782
 30
0.0
 10
-20.33786559879559
 20
77.77469767041748
 30
0.0
 10
-21.47289189333121
 20
75.77848760228834
 30
0.0
 10
-23.63709232193033
 20
74.09895765613398
 30
0.0
 10
-25.51453869126063
 20
73.05662641797453
 30
0.0
 10
-26.55280507898066
 20
72.23120925783144
 30
0.0
 10
-26.97915437920988
 20
71.88922002914826
 30
0.0
 10
-27.02927340222625
 20
71.50769449948837
 30
0.0
 10
-27.17123580083484
 20
70.82768845408326
 30
0.0
 10
-28.15187754344115
 20
70.21886164980177
 30
0.0
 10
-29.02609873069316
 20
69.52562502273095
 30
0.0
 10
-29.66932746469944
 20
69.06330921769528
 30
0.0
 10
-29.94096314236889
 20
68.84586192272675
 30
0.0
 10
-30.02464341719971
 20
68.74356830480868
 30
0.0
 10
-30.02644059343769
 20
68.71239143320173
 30
0.0
 10
-30.00760208546193
 20
68.69683022256588
 30
0.0
 10
-29.97595736828553
 20
68.6951241745909
 30
0.0
 10
-29.91663604095061
 20
68.6982105406976
 30
0.0
 10
-29.78395817874369
 20
68.72423364594725
 30
0.0
 10
-29.47356063282622
 20
68.80921317486491
 30
0.0
 10
-29.00789302440863
 20
68.95603483793583
 30
0.0
 10
-28.51265442215922
 20
69.10005721670727
 30
0.0
 10
-28.18133319234718
 20
69.16321946514653
 30
0.0
 10
-28.01603665056488
 20
69.15419876131686
 30
0.0
 10
-27.95795397040117
 20
69.08678488167077
 30
0.0
 10
-28.00542937451122
 20
68.99224547356957
 30
0.0
 10
-28.5028280445767
 20
68.37165530394334
 30
0.0
 10
-29.19898675296218
 20
67.94097656069667
 30
0.0
 10
-29.85848516499586
 20
67.53297771812447
 30
0.0
  0
SPLINE
  5
E5
330
1F
100
AcDbEntity
  8
0
  6
Continuous
 62
     7
100
AcDbSpline
210
0.0
220
0.0
230
1.0
 70
     8
 71
     3
 72
     9
 73
     5
 74
     0
 42
0.00000001
 43
0.00000001
 40
0.0
 40
0.0
 40
0.0
 40
0.0
 40
0.5587476360839656
 40
1.0
 40
1.0
 40
1.0
 40
1.0
 10
-26.0002464056015
 20
70.42192755924931
 30
0.0
 10
-26.60364490760007
 20
69.72414184836728
 30
0.0
 10
-27.68355730996395
 20
68.47530307784017
 30
0.0
 10
-29.19261145584746
 20
67.82147909578939
 30
0.0
 10
-29.85848516499586
 20
67.53297771812447
 30
0.0
  0
SPLINE
  5
E6
330
1F
100
AcDbEntity
  8
0
  6
Continuous
 62
     7
100
AcDbSpline
210
0.0
220
0.0
230
1.0
 70
     8
 71
     3
 72
    10
 73
     6
 74
     0
 42
0.00000001
 43
0.00000001
 40
0.0
 40
0.0
 40
0.0
 40
0.0
 40
0.8947015244518115
 40
0.9377085429545677
 40
1.0
 40
1.0
 40
1.0
 40
1.0
 10
14.92689549922943
 20
125.57406664375
 30
0.0
 10
15.03642110501794
 20
126.0263735297457
 30
0.0
 10
15.15121144952204
 20
126.500422158751
 30
0.0
 10
14.76293339918975
 20
126.618145344383
 30
0.0
 10
14.72575745281157
 20
126.5974665056656
 30
0.0
 10
14.70376526484415
 20
126.5852335176095
 30
0.0
  0
SPLINE
  5
E7
330
1F
100
AcDbEntity
  8
0
  6
Continuous
 62
     7
100
AcDbSpline
210
0.0
220
0.0
230
1.0
 70
     8
 71
     3
 72
    13
 73
     9
 74
     0
 42
0.00000001
 43
0.00000001
 40
0.0
 40
0.0
 40
0.0
 40
0.0
 40
0.1831895569757119
 40
0.3569504675471196
 40
0.5106640029257242
 40
0.6127511844165373
 40
0.8016447306107738
 40
1.0
 40
1.0
 40
1.0
 40
1.0
 10
-26.0002464056015
 20
70.42192755924931
 30
0.0
 10
-26.78450832133306
 20
69.26234054092068
 30
0.0
 10
-28.3126667061306
 20
67.00284968790847
 30
0.0
 10
-32.01565111782472
 20
65.55815928929265
 30
0.0
 10
-35.12978304802949
 20
64.92780705812399
 30
0.0
 10
-38.33737755531784
 20
63.95586730191661
 30
0.0
 10
-41.31480997486851
 20
61.75502022429766
 30
0.0
 10
-43.92375200436279
 20
60.5039204160845
 30
0.0
 10
-45.26009540492686
 20
59.86308633343655
 30
0.0
  0
SPLINE
  5
E8
330
1F
100
AcDbEntity
  8
0
  6
Continuous
 62
     7
100
AcDbSpline
210
0.0
220
0.0
230
1.0
 70
     8
 71
     3
 72
    13
 73
     9
 74
     0
 42
0.00000001
 43
0.00000001
 40
0.0
 40
0.0
 40
0.0
 40
0.0
 40
0.3285932057442475
 40
0.3532741330988436
 40
0.3709565290274904
 40
0.4345589209856648
 40
0.5603422944215842
 40
1.0
 40
1.0
 40
1.0
 40
1.0
 10
-45.26007175445557
 20
59.86308633343654
 30
0.0
 10
-44.95879916917275
 20
59.84226345229205
 30
0.0
 10
-44.63489773258899
 20
59.81987654606169
 30
0.0
 10
-44.28638621154593
 20
59.68897684826237
 30
0.0
 10
-44.25921006362567
 20
59.58057022682323
 30
0.0
 10
-44.46270645770316
 20
59.45612847281296
 30
0.0
 10
-44.95743009470115
 20
59.21925216446298
 30
0.0
 10
-45.50090694363251
 20
59.14465219563525
 30
0.0
 10
-45.92348640116442
 20
59.08664712251925
 30
0.0
  0
SPLINE
  5
E9
330
1F
100
AcDbEntity
  8
0
  6
Continuous
 62
     7
100
AcDbSpline
210
0.0
220
0.0
230
1.0
 70
     8
 71
     3
 72
    13
 73
     9
 74
     0
 42
0.00000001
 43
0.00000001
 40
0.0
 40
0.0
 40
0.0
 40
0.0
 40
0.1758594516410327
 40
0.30435808409678
 40
0.4317609988090964
 40
0.5656739253759904
 40
0.7805588977932779
 40
1.0
 40
1.0
 40
1.0
 40
1.0
 10
-45.92347145080566
 20
59.08664712251924
 30
0.0
 10
-44.89451859014136
 20
59.05322668785162
 30
0.0
 10
-43.11372080887148
 20
58.99538629673133
 30
0.0
 10
-41.17959112274859
 20
60.6397422221439
 30
0.0
 10
-39.00833631869487
 20
61.14306297571095
 30
0.0
 10
-36.37233823736404
 20
61.44640530588146
 30
0.0
 10
-33.09213636908527
 20
61.64110668008258
 30
0.0
 10
-31.05259671219588
 20
63.0661224474312
 30
0.0
 10
-30.02212938257591
 20
63.78610461962671
 30
0.0
  0
SPLINE
  5
EA
330
1F
100
AcDbEntity
  8
0
  6
Continuous
 62
     7
100
AcDbSpline
210
0.0
220
0.0
230
1.0
 70
     8
 71
     3
 72
    13
 73
     9
 74
     0
 42
0.00000001
 43
0.00000001
 40
0.0
 40
0.0
 40
0.0
 40
0.0
 40
0.3393814093493917
 40
0.7656930334973272
 40
0.9148183376277702
 40
0.9264023479919191
 40
0.9373716710756228
 40
1.0
 40
1.0
 40
1.0
 40
1.0
 10
-42.7398681640625
 20
59.52266163656852
 30
0.0
 10
-42.07948812998804
 20
59.78376289953416
 30
0.0
 10
-40.58957625614412
 20
60.3728447189344
 30
0.0
 10
-39.53830009328524
 20
58.21362641037775
 30
0.0
 10
-38.37752803963362
 20
58.47403486115715
 30
0.0
 10
-38.07635034666306
 20
58.2998944056725
 30
0.0
 10
-38.08301431377991
 20
58.12359385236724
 30
0.0
 10
-38.21121300322033
 20
58.04517590019871
 30
0.0
 10
-38.32030438685668
 20
57.97844571019959
 30
0.0
  0
SPLINE
  5
EB
330
1F
100
AcDbEntity
  8
0
  6
Continuous
 62
     7
100
AcDbSpline
210
0.0
220
0.0
230
1.0
 70
     8
 71
     3
 72
    24
 73
    20
 74
     0
 42
0.00000001
 43
0.00000001
 40
0.0
 40
0.0
 40
0.0
 40
0.0
 40
0.1065783610402134
 40
0.1755566284841251
 40
0.2627703313630813
 40
0.3011711158910833
 40
0.3401371997982321
 40
0.3812936058140408
 40
0.4127135674613258
 40
0.4927836990133334
 40
0.5152610021190064
 40
0.5412326988100479
 40
0.6008091213598614
 40
0.7004000370611259
 40
0.7062937326647044
 40
0.7144380284410209
 40
0.8122746676030566
 40
0.916841009962331
 40
1.0
 40
1.0
 40
1.0
 40
1.0
 10
-38.32030296325684
 20
57.97844571019959
 30
0.0
 10
-38.55947297647733
 20
57.82272151893887
 30
0.0
 10
-38.95343551020076
 20
57.56621153206794
 30
0.0
 10
-39.21023806560152
 20
56.88238667180261
 30
0.0
 10
-39.04063568755823
 20
56.36556112666788
 30
0.0
 10
-38.72528658586299
 20
56.03616181967987
 30
0.0
 10
-38.39064086868708
 20
56.04520875011653
 30
0.0
 10
-38.11978715403156
 20
56.15045247945069
 30
0.0
 10
-37.68801711443709
 20
56.01454874558944
 30
0.0
 10
-37.75512680079198
 20
55.53430952622445
 30
0.0
 10
-37.43980308257576
 20
55.34839196403105
 30
0.0
 10
-37.15067282002592
 20
55.41405182822464
 30
0.0
 10
-36.74722587814133
 20
55.73318082616384
 30
0.0
 10
-36.81239938689495
 20
56.34050765478575
 30
0.0
 10
-36.49875174870442
 20
56.42614292387272
 30
0.0
 10
-36.2865350850963
 20
56.17831420704243
 30
0.0
 10
-36.16766267674358
 20
55.70920652633973
 30
0.0
 10
-35.56029474130001
 20
54.93061559703723
 30
0.0
 10
-35.11714929263278
 20
55.28020465425147
 30
0.0
 10
-34.92084372491624
 20
55.4350664012249
 30
0.0
  0
SPLINE
  5
EC
330
1F
100
AcDbEntity
  8
0
  6
Continuous
 62
     7
100
AcDbSpline
210
0.0
220
0.0
230
1.0
 70
     8
 71
     3
 72
    17
 73
    13
 74
     0
 42
0.00000001
 43
0.00000001
 40
0.0
 40
0.0
 40
0.0
 40
0.0
 40
0.4611713113059894
 40
0.623378099431099
 40
0.658113036324928
 40
0.6926086435838268
 40
0.7811062039654109
 40
0.8041057006875294
 40
0.8204879745836419
 40
0.8475408071336682
 40
0.8887260329980324
 40
1.0
 40
1.0
 40
1.0
 40
1.0
 10
-34.92084145545959
 20
55.43506640122488
 30
0.0
 10
-34.23511891145586
 20
56.38735404083175
 30
0.0
 10
-33.30820865980215
 20
57.67458775276573
 30
0.0
 10
-31.90272946109734
 20
57.21443991907969
 30
0.0
 10
-31.3734961157129
 20
57.13856323118974
 30
0.0
 10
-31.13269777642672
 20
57.42760724302651
 30
0.0
 10
-31.08261488905912
 20
57.7347317658685
 30
0.0
 10
-30.97345611492424
 20
57.99049713713333
 30
0.0
 10
-30.84576727912613
 20
58.08337836975173
 30
0.0
 10
-30.65870525105666
 20
57.9862685524965
 30
0.0
 10
-30.40992454372342
 20
57.70271332090687
 30
0.0
 10
-30.25953733451885
 20
57.40582883574992
 30
0.0
 10
-30.14977562687803
 20
57.18914452971587
 30
0.0
  0
SPLINE
  5
ED
330
1F
100
AcDbEntity
  8
0
  6
Continuous
 62
     7
100
AcDbSpline
210
0.0
220
0.0
230
1.0
 70
     8
 71
     3
 72
    26
 73
    22
 74
     0
 42
0.00000001
 43
0.00000001
 40
0.0
 40
0.0
 40
0.0
 40
0.0
 40
0.1115468052557874
 40
0.1663543070398955
 40
0.3320645444562836
 40
0.4886855116912941
 40
0.539057706847776
 40
0.5570447381290943
 40
0.5633556333295385
 40
0.5691522423748218
 40
0.5886204004151772
 40
0.613729583875184
 40
0.6748635188267754
 40
0.8061394050097783
 40
0.8999654856095697
 40
0.9256801939383537
 40
0.9368295651346331
 40
0.9410577015987246
 40
0.9456335185677951
 40
0.9724634525283313
 40
0.9999999999999999
 40
0.9999999999999999
 40
0.9999999999999999
 40
0.9999999999999999
 10
-30.14977276325226
 20
57.18914452971587
 30
0.0
 10
-30.47319538064908
 20
56.88037775281524
 30
0.0
 10
-30.95552874084442
 20
56.41990124620026
 30
0.0
 10
-31.26942550230678
 20
55.10270242368431
 30
0.0
 10
-30.43022004312986
 20
53.74432682183562
 30
0.0
 10
-30.09014625398501
 20
52.34692461050339
 30
0.0
 10
-29.87858583554371
 20
51.48893998863709
 30
0.0
 10
-29.81069996953099
 20
51.20768702401875
 30
0.0
 10
-29.7409373959395
 20
51.10287210361021
 30
0.0
 10
-29.60644984563847
 20
51.08925957067577
 30
0.0
 10
-29.45433016192826
 20
51.24370214908651
 30
0.0
 10
-29.17196157892236
 20
51.52980489028184
 30
0.0
 10
-28.65384308383492
 20
52.21902390194594
 30
0.0
 10
-28.00687235876085
 20
53.11765926866942
 30
0.0
 10
-27.43108615075089
 20
53.92913873659277
 30
0.0
 10
-27.08899491775659
 20
54.29353077948309
 30
0.0
 10
-26.95726399038875
 20
54.40395349901053
 30
0.0
 10
-26.8716353659964
 20
54.39285625120421
 30
0.0
 10
-26.79810009667271
 20
54.26228789041116
 30
0.0
 10
-26.82976299300157
 20
54.02423761063481
 30
0.0
 10
-26.84993655276741
 20
53.81447532477494
 30
0.0
 10
-26.86015443282016
 20
53.70823101780154
 30
0.0
  0
SPLINE
  5
EE
330
1F
100
AcDbEntity
  8
0
  6
Continuous
 62
     7
100
AcDbSpline
210
0.0
220
0.0
230
1.0
 70
     8
 71
     3
 72
    33
 73
    29
 74
     0
 42
0.00000001
 43
0.00000001
 40
0.0
 40
0.0
 40
0.0
 40
0.0
 40
0.1061841288491568
 40
0.1562971107839377
 40
0.2462344608611774
 40
0.3426952293144407
 40
0.5204613239411776
 40
0.5656359084333669
 40
0.575810121952778
 40
0.5781322876408325
 40
0.5787281545450224
 40
0.579028382397956
 40
0.5791633468340442
 40
0.579289748318834
 40
0.5796486501181924
 40
0.5810206224559451
 40
0.5828280122928966
 40
0.587677917955415
 40
0.7042331192963448
 40
0.7613890130195554
 40
0.8081935513744375
 40
0.8528827633554587
 40
0.9229553544923821
 40
0.9867919353227744
 40
0.9934856616707821
 40
0.9978978286579686
 40
0.9989365240554628
 40
1.0
 40
1.0
 40
1.0
 40
1.0
 10
-26.86014771461487
 20
53.70823101780154
 30
0.0
 10
-26.48052589644952
 20
54.23405143925373
 30
0.0
 10
-25.92174376947009
 20
55.00802974990049
 30
0.0
 10
-24.56614882936505
 20
55.61217136786448
 30
0.0
 10
-23.26660756895842
 20
56.14454355817895
 30
0.0
 10
-21.50245766333408
 20
57.43419566157066
 30
0.0
 10
-20.2292249712892
 20
58.86486846899707
 30
0.0
 10
-19.43548445466766
 20
60.00117316365551
 30
0.0
 10
-19.2387271238923
 20
60.28142578656413
 30
0.0
 10
-19.18871848943978
 20
60.34158846702774
 30
0.0
 10
-19.17399954131974
 20
60.35383862961227
 30
0.0
 10
-19.1683810879527
 20
60.35663863628554
 30
0.0
 10
-19.16488465295103
 20
60.35655971531095
 30
0.0
 10
-19.16182214658545
 20
60.35413228803029
 30
0.0
 10
-19.16013518288318
 20
60.34241916031336
 30
0.0
 10
-19.16431412043577
 20
60.32204271654226
 30
0.0
 10
-19.17632401059139
 20
60.2756644301365
 30
0.0
 10
-19.4184369463874
 20
59.58473706936621
 30
0.0
 10
-19.94461283140542
 20
58.6361729418606
 30
0.0
 10
-20.78010785195721
 20
57.63657663054791
 30
0.0
 10
-21.27015269523514
 20
56.87584288919312
 30
0.0
 10
-21.26826273905265
 20
55.84963861466172
 30
0.0
 10
-22.21135618600493
 20
55.17136873398192
 30
0.0
 10
-22.83868750340111
 20
54.61810463420731
 30
0.0
 10
-23.04791246591548
 20
54.22323309814355
 30
0.0
 10
-23.08298893598645
 20
54.16031709919017
 30
0.0
 10
-23.07903295134624
 20
54.11620330370041
 30
0.0
 10
-23.06545615671339
 20
54.11321693637314
 30
0.0
 10
-23.05858773728094
 20
54.11170615095304
 30
0.0
  0
SPLINE
  5
EF
330
1F
100
AcDbEntity
  8
0
  6
Continuous
 62
     7
100
AcDbSpline
210
0.0
220
0.0
230
1.0
 70
     8
 71
     3
 72
    10
 73
     6
 74
     0
 42
0.00000001
 43
0.00000001
 40
0.0
 40
0.0
 40
0.0
 40
0.0
 40
0.1952158617721602
 40
0.4130513757289467
 40
1.0
 40
1.0
 40
1.0
 40
1.0
 10
-23.05857837200165
 20
54.11170615095304
 30
0.0
 10
-22.61288998252908
 20
54.23853389020729
 30
0.0
 10
-21.66987131208455
 20
54.50688489254898
 30
0.0
 10
-20.59632520422426
 20
52.29595450387262
 30
0.0
 10
-19.52813554185235
 20
51.08304699305916
 30
0.0
 10
-18.74907886937571
 20
50.1984440777884
 30
0.0
  0
SPLINE
  5
F0
330
1F
100
AcDbEntity
  8
0
  6
Continuous
 62
     7
100
AcDbSpline
210
0.0
220
0.0
230
1.0
 70
     8
 71
     3
 72
     9
 73
     5
 74
     0
 42
0.00000001
 43
0.00000001
 40
0.0
 40
0.0
 40
0.0
 40
0.0
 40
0.4172317276230326
 40
1.0
 40
1.0
 40
1.0
 40
1.0
 10
14.70375806093216
 20
126.5852335176095
 30
0.0
 10
13.62128612373584
 20
126.4942709742303
 30
0.0
 10
11.0268718797301
 20
126.2762565296017
 30
0.0
 10
8.57069785275967
 20
127.1796796589491
 30
0.0
 10
7.139317558404936
 20
127.7061659952642
 30
0.0
  0
SPLINE
  5
F1
330
1F
100
AcDbEntity
  8
0
  6
Continuous
 62
     7
100
AcDbSpline
210
0.0
220
0.0
230
1.0
 70
     8
 71
     3
 72
     9
 73
     5
 74
     0
 42
0.00000001
 43
0.00000001
 40
0.0
 40
0.0
 40
0.0
 40
0.0
 40
0.5656411885679942
 40
1.0
 40
1.0
 40
1.0
 40
1.0
 10
20.27934789657593
 20
34.05159602720914
 30
0.0
 10
20.25443252801115
 20
34.05610285055062
 30
0.0
 10
20.21038451830406
 20
34.06407048698262
 30
0.0
 10
20.16661331200972
 20
34.05537359770076
 30
0.0
 10
20.14760090286877
 20
34.05159602720914
 30
0.0
  0
SPLINE
  5
F2
330
1F
100
AcDbEntity
  8
0
  6
Continuous
 62
     7
100
AcDbSpline
210
0.0
220
0.0
230
1.0
 70
     8
 71
     3
 72
    20
 73
    16
 74
     0
 42
0.00000001
 43
0.00000001
 40
0.0
 40
0.0
 40
0.0
 40
0.0
 40
0.2776834734918114
 40
0.3172970575788786
 40
0.358059968702534
 40
0.5290828589562697
 40
0.6771720220875217
 40
0.7310158098405031
 40
0.7638705440444791
 40
0.8038937908790935
 40
0.8327310310717643
 40
0.8615068701355741
 40
0.8947584227030996
 40
0.9262648350530492
 40
1.0
 40
1.0
 40
1.0
 40
1.0
 10
-16.7449414730072
 20
48.97095500743684
 30
0.0
 10
-16.08045740666511
 20
49.02488175566904
 30
0.0
 10
-15.32117981478273
 20
49.08650155004754
 30
0.0
 10
-14.53953726341556
 20
48.64220982679222
 30
0.0
 10
-13.95961662511213
 20
48.95830504716174
 30
0.0
 10
-13.86996403442812
 20
49.89297808945945
 30
0.0
 10
-13.56009345222576
 20
50.70137871744854
 30
0.0
 10
-13.36249308077076
 20
51.19813644623907
 30
0.0
 10
-13.11213321368493
 20
51.44216526498973
 30
0.0
 10
-12.88483746811997
 20
51.27205948952822
 30
0.0
 10
-12.68775586238129
 20
51.14563390711049
 30
0.0
 10
-12.46623212483029
 20
51.21768448255541
 30
0.0
 10
-12.29019514581446
 20
51.34194247201364
 30
0.0
 10
-11.9270884589843
 20
51.35497047922237
 30
0.0
 10
-11.8195627166933
 20
51.09360601688596
 30
0.0
 10
-11.74422720246491
 20
50.91048683303641
 30
0.0
  0
SPLINE
  5
F3
330
1F
100
AcDbEntity
  8
0
  6
Continuous
 62
     7
100
AcDbSpline
210
0.0
220
0.0
230
1.0
 70
     8
 71
     3
 72
    10
 73
     6
 74
     0
 42
0.00000001
 43
0.00000001
 40
0.0
 40
0.0
 40
0.0
 40
0.0
 40
0.3576164088996019
 40
0.6554959762222097
 40
1.0
 40
1.0
 40
1.0
 40
1.0
 10
-11.74422353506088
 20
50.91048683303642
 30
0.0
 10
-11.99949885280854
 20
50.4277543719657
 30
0.0
 10
-12.46740787333509
 20
49.54292588549507
 30
0.0
 10
-11.34128757159167
 20
48.23692643222599
 30
0.0
 10
-12.01806854431512
 20
47.46035256079472
 30
0.0
 10
-12.38101954672176
 20
47.0438836049011
 30
0.0
  0
SPLINE
  5
F4
330
1F
100
AcDbEntity
  8
0
  6
Continuous
 62
     7
100
AcDbSpline
210
0.0
220
0.0
230
1.0
 70
     8
 71
     3
 72
    19
 73
    15
 74
     0
 42
0.00000001
 43
0.00000001
 40
0.0
 40
0.0
 40
0.0
 40
0.0
 40
0.1648956807493789
 40
0.305860374523189
 40
0.4861772581453488
 40
0.500346217661918
 40
0.5130525892239989
 40
0.594032600740542
 40
0.6779081068161077
 40
0.8241745524802565
 40
0.8541104013368634
 40
0.8812500465978238
 40
0.9207385491541217
 40
1.0
 40
1.0
 40
1.0
 40
1.0
 10
-12.38101720809937
 20
47.0438836049011
 30
0.0
 10
-12.17021754748086
 20
46.60581829755029
 30
0.0
 10
-11.77921116785268
 20
45.79326324236008
 30
0.0
 10
-10.33679846084808
 20
45.1324194496016
 30
0.0
 10
-10.48882417568367
 20
43.95819462130023
 30
0.0
 10
-10.01564967825978
 20
43.49860773751046
 30
0.0
 10
-9.686528652356127
 20
43.60510321634766
 30
0.0
 10
-9.520430548731907
 20
44.17340151591048
 30
0.0
 10
-9.370534080209959
 20
45.03518508123604
 30
0.0
 10
-8.906262722174771
 20
45.67171165905891
 30
0.0
 10
-8.600011956979474
 20
46.16883066736379
 30
0.0
 10
-8.286794131901654
 20
46.29477698247651
 30
0.0
 10
-8.04182211191589
 20
45.83890111819337
 30
0.0
 10
-7.948458759616889
 20
45.52946126070556
 30
0.0
 10
-7.886141979297903
 20
45.32292095183521
 30
0.0
  0
SPLINE
  5
F5
330
1F
100
AcDbEntity
  8
0
  6
Continuous
 62
     7
100
AcDbSpline
210
0.0
220
0.0
230
1.0
 70
     8
 71
     3
 72
    12
 73
     8
 74
     0
 42
0.00000001
 43
0.00000001
 40
0.0
 40
0.0
 40
0.0
 40
0.0
 40
0.2945840616762615
 40
0.3815080156220787
 40
0.4352016294385251
 40
0.5955633759464014
 40
0.9999999999999999
 40
0.9999999999999999
 40
0.9999999999999999
 40
0.9999999999999999
 10
-7.886141538619995
 20
45.32292095183521
 30
0.0
 10
-7.455953221426808
 20
45.32128605766688
 30
0.0
 10
-6.898827726237811
 20
45.31916874953297
 30
0.0
 10
-6.261388822631807
 20
45.30660307244106
 30
0.0
 10
-5.846111652565193
 20
45.0361642484958
 30
0.0
 10
-6.485863743575772
 20
44.01873682892709
 30
0.0
 10
-6.914046057201243
 20
43.41457202479351
 30
0.0
 10
-7.220655669459846
 20
42.98194617724923
 30
0.0
  0
SPLINE
  5
F6
330
1F
100
AcDbEntity
  8
0
  6
Continuous
 62
     7
100
AcDbSpline
210
0.0
220
0.0
230
1.0
 70
     8
 71
     3
 72
    24
 73
    20
 74
     0
 42
0.00000001
 43
0.00000001
 40
0.0
 40
0.0
 40
0.0
 40
0.0
 40
0.1531983898780845
 40
0.228699401514712
 40
0.2810449598198228
 40
0.298720070937571
 40
0.3083030292053881
 40
0.3146700354735951
 40
0.3224153051657023
 40
0.3658001070885645
 40
0.4104942911286193
 40
0.4471253782003392
 40
0.4632880211791415
 40
0.4813834913297799
 40
0.5188997874923372
 40
0.5670417930075824
 40
0.7002538590103871
 40
0.8425002982168016
 40
1.0
 40
1.0
 40
1.0
 40
1.0
 10
-7.22065195441246
 20
42.98194617724923
 30
0.0
 10
-6.731140859565156
 20
43.40847459052232
 30
0.0
 10
-6.000383215731686
 20
44.04520969538992
 30
0.0
 10
-5.171266275230519
 20
45.00101319067279
 30
0.0
 10
-5.153571720011825
 20
45.65005379789436
 30
0.0
 10
-5.096299244359741
 20
45.98064473675996
 30
0.0
 10
-5.042688801736951
 20
46.12402338264434
 30
0.0
 10
-4.940198659171546
 20
46.16863107950494
 30
0.0
 10
-4.69749746930846
 20
46.07881777633567
 30
0.0
 10
-4.438805103051561
 20
45.73752104508446
 30
0.0
 10
-4.172865083829246
 20
45.26799542115163
 30
0.0
 10
-4.10203610550724
 20
44.85868969579842
 30
0.0
 10
-4.072713927636633
 20
44.54023164912575
 30
0.0
 10
-3.795208955219163
 20
44.34935817259939
 30
0.0
 10
-3.334002652692984
 20
44.32917918040911
 30
0.0
 10
-2.43456463887029
 20
44.73641136538222
 30
0.0
 10
-1.978291883466095
 20
46.19981277458707
 30
0.0
 10
-1.622410760165286
 20
47.98770972493472
 30
0.0
 10
-0.9469418663200553
 20
49.10334637621273
 30
0.0
 10
-0.5920210356691035
 20
49.68955055316919
 30
0.0
  0
SPLINE
  5
F7
330
1F
100
AcDbEntity
  8
0
  6
Continuous
 62
     7
100
AcDbSpline
210
0.0
220
0.0
230
1.0
 70
     8
 71
     3
 72
    24
 73
    20
 74
     0
 42
0.00000001
 43
0.00000001
 40
0.0
 40
0.0
 40
0.0
 40
0.0
 40
0.3553855359505875
 40
0.5231748598423112
 40
0.5733535579110912
 40
0.5961902908384658
 40
0.601474175706861
 40
0.6032408388338668
 40
0.6053384854853795
 40
0.6130751777111841
 40
0.6227973274741668
 40
0.6471333491410967
 40
0.7066215598073393
 40
0.8096737322522742
 40
0.8541810606994069
 40
0.8717700372387529
 40
0.8889106347326666
 40
0.9336086787126189
 40
1.0
 40
1.0
 40
1.0
 40
1.0
 10
-0.5920208059251308
 20
49.68955055316919
 30
0.0
 10
-0.6318796899034445
 20
48.71706094416361
 30
0.0
 10
-0.6905572778447967
 20
47.28542666695898
 30
0.0
 10
-1.317849549073705
 20
45.86513532891663
 30
0.0
 10
-1.54318501857318
 20
45.24846482810937
 30
0.0
 10
-1.603317803291735
 20
45.05266228768093
 30
0.0
 10
-1.605234427778863
 20
44.96410334620974
 30
0.0
 10
-1.584416671739385
 20
44.94717536903608
 30
0.0
 10
-1.551400029304596
 20
44.95123616687641
 30
0.0
 10
-1.508013069879165
 20
44.98320515596276
 30
0.0
 10
-1.422748285549704
 20
45.05625188995798
 30
0.0
 10
-1.249502048544548
 20
45.24128145687391
 30
0.0
 10
-0.9297204194340601
 20
45.62967283394011
 30
0.0
 10
-0.5821726232755582
 20
46.07292626171267
 30
0.0
 10
-0.3496942424965709
 20
46.44686860664611
 30
0.0
 10
-0.2001274621143269
 20
46.61215802792225
 30
0.0
 10
0.0302840840608519
 20
46.63386223086781
 30
0.0
 10
0.3163162831405644
 20
46.39712256463589
 30
0.0
 10
0.521001999980956
 20
46.18506627213495
 30
0.0
 10
0.643330137845332
 20
46.0583331918571
 30
0.0
  0
SPLINE
  5
F8
330
1F
100
AcDbEntity
  8
0
  6
Continuous
 62
     7
100
AcDbSpline
210
0.0
220
0.0
230
1.0
 70
     8
 71
     3
 72
     9
 73
     5
 74
     0
 42
0.00000001
 43
0.00000001
 40
0.0
 40
0.0
 40
0.0
 40
0.0
 40
0.7133508670080607
 40
1.0
 40
1.0
 40
1.0
 40
1.0
 10
0.6433296948671341
 20
46.05833319185711
 30
0.0
 10
0.804341917200962
 20
44.56681408884086
 30
0.0
 10
1.030054437898029
 20
42.47595085169081
 30
0.0
 10
-0.2306431617616412
 20
40.90076191126929
 30
0.0
 10
-0.5920210356691047
 20
40.44923536719895
 30
0.0
  0
SPLINE
  5
F9
330
1F
100
AcDbEntity
  8
0
  6
Continuous
 62
     7
100
AcDbSpline
210
0.0
220
0.0
230
1.0
 70
     8
 71
     3
 72
    15
 73
    11
 74
     0
 42
0.00000001
 43
0.00000001
 40
0.0
 40
0.0
 40
0.0
 40
0.0
 40
0.2177022011316113
 40
0.3007426802663088
 40
0.6092314220081098
 40
0.7233817899740349
 40
0.7586915483448269
 40
0.7799197486083772
 40
0.8420883359826955
 40
1.0
 40
1.0
 40
1.0
 40
1.0
 10
-0.5920208059251308
 20
40.44923536719895
 30
0.0
 10
-0.3647299622686528
 20
40.23079120601657
 30
0.0
 10
-0.050741140998466
 20
39.92902355194126
 30
0.0
 10
0.0529802571132466
 20
39.05072480201742
 30
0.0
 10
-0.5091692098900459
 20
38.48860467221797
 30
0.0
 10
-0.7711384188006638
 20
37.92200798062437
 30
0.0
 10
-0.8634965357247084
 20
37.6983233790482
 30
0.0
 10
-0.8038130544605021
 20
37.51788430451164
 30
0.0
 10
-0.3807953092489719
 20
37.69600292857549
 30
0.0
 10
-0.1469848555885191
 20
37.83184781381822
 30
0.0
 10
0.0207784833239896
 20
37.92931903961555
 30
0.0
  0
SPLINE
  5
FA
330
1F
100
AcDbEntity
  8
0
  6
Continuous
 62
     7
100
AcDbSpline
210
0.0
220
0.0
230
1.0
 70
     8
 71
     3
 72
    11
 73
     7
 74
     0
 42
0.00000001
 43
0.00000001
 40
0.0
 40
0.0
 40
0.0
 40
0.0
 40
0.2961188885978155
 40
0.8152878066416268
 40
0.8970571014492431
 40
1.0
 40
1.0
 40
1.0
 40
1.0
 10
0.0207784760277718
 20
37.92931903961555
 30
0.0
 10
0.0489419871842354
 20
37.67901051969008
 30
0.0
 10
0.1264830293879498
 20
36.98984987492315
 30
0.0
 10
-0.6210095128315889
 20
36.58170313873037
 30
0.0
 10
-0.711887615175204
 20
35.93765398534909
 30
0.0
 10
-0.5478686247923843
 20
35.88878475425063
 30
0.0
 10
-0.4564583611796446
 20
35.86154919276571
 30
0.0
  0
SPLINE
  5
FB
330
1F
100
AcDbEntity
  8
0
  6
Continuous
 62
     7
100
AcDbSpline
210
0.0
220
0.0
230
1.0
 70
     8
 71
     3
 72
    12
 73
     8
 74
     0
 42
0.00000001
 43
0.00000001
 40
0.0
 40
0.0
 40
0.0
 40
0.0
 40
0.1579722457087156
 40
0.2181557124709281
 40
0.2226857453450361
 40
0.2282349941522084
 40
1.0
 40
1.0
 40
1.0
 40
1.0
 10
-0.4564581904560328
 20
35.86154919276571
 30
0.0
 10
-0.4511059197735832
 20
35.75909630248696
 30
0.0
 10
-0.4437145680913388
 20
35.61761142852573
 30
0.0
 10
-0.4253256643516657
 20
35.42236279813039
 30
0.0
 10
-0.4696479878573614
 20
35.39823320170154
 30
0.0
 10
-1.001119582187328
 20
35.24869601081757
 30
0.0
 10
-1.182023421968097
 20
34.63266034077876
 30
0.0
 10
-1.361635788691342
 20
34.02102255124538
 30
0.0
  0
SPLINE
  5
FC
330
1F
100
AcDbEntity
  8
0
  6
Continuous
 62
     7
100
AcDbSpline
210
0.0
220
0.0
230
1.0
 70
     8
 71
     3
 72
    14
 73
    10
 74
     0
 42
0.00000001
 43
0.00000001
 40
0.0
 40
0.0
 40
0.0
 40
0.0
 40
0.0474092362129001
 40
0.1228843919099891
 40
0.2187815145716331
 40
0.3415923598164015
 40
0.5228983809793855
 40
0.7423662519556953
 40
1.0
 40
1.0
 40
1.0
 40
1.0
 10
37.57953643798828
 20
35.89196653153203
 30
0.0
 10
37.68074384299291
 20
36.68942175639709
 30
0.0
 10
37.94307269311254
 20
38.75641983970143
 30
0.0
 10
38.02603520073866
 20
42.4678095587243
 30
0.0
 10
38.16597125724009
 20
47.449576391703
 30
0.0
 10
38.24820528415924
 20
54.22904423402771
 30
0.0
 10
38.31231123467516
 20
63.10162732893229
 30
0.0
 10
38.33389341003123
 20
74.2598011816451
 30
0.0
 10
38.31766187244923
 20
82.34518594728623
 30
0.0
 10
38.30889688047046
 20
86.71127463469948
 30
0.0
  0
SPLINE
  5
FD
330
1F
100
AcDbEntity
  8
0
  6
Continuous
 62
     7
100
AcDbSpline
210
0.0
220
0.0
230
1.0
 70
     8
 71
     3
 72
     9
 73
     5
 74
     0
 42
0.00000001
 43
0.00000001
 40
0.0
 40
0.0
 40
0.0
 40
0.0
 40
0.5339921668431307
 40
1.0
 40
1.0
 40
1.0
 40
1.0
 10
5.714185535907745
 20
34.05159602720914
 30
0.0
 10
5.607830317411185
 20
34.34539330638989
 30
0.0
 10
5.408660319983484
 20
34.89558354778919
 30
0.0
 10
5.210553468916434
 20
35.44615746309665
 30
0.0
 10
5.118234124517147
 20
35.70272922036178
 30
0.0
  0
SPLINE
  5
FE
330
1F
100
AcDbEntity
  8
0
  6
Continuous
 62
     7
100
AcDbSpline
210
0.0
220
0.0
230
1.0
 70
     8
 71
     3
 72
    12
 73
     8
 74
     0
 42
0.00000001
 43
0.00000001
 40
0.0
 40
0.0
 40
0.0
 40
0.0
 40
0.1725056359280164
 40
0.277473375930041
 40
0.5864883881573099
 40
0.7939041957659222
 40
1.0
 40
1.0
 40
1.0
 40
1.0
 10
5.118232220411301
 20
35.70272922036177
 30
0.0
 10
5.256091431313751
 20
35.73449354967928
 30
0.0
 10
5.477836422115769
 20
35.78558611626394
 30
0.0
 10
5.594999120090269
 20
36.2695606710967
 30
0.0
 10
5.174874629850142
 20
36.58834612071689
 30
0.0
 10
4.823419787898821
 20
37.05037395199178
 30
0.0
 10
4.943056913572455
 20
37.35880855470852
 30
0.0
 10
5.002684524807085
 20
37.51253356672755
 30
0.0
  0
SPLINE
  5
FF
330
1F
100
AcDbEntity
  8
0
  6
Continuous
 62
     7
100
AcDbSpline
210
0.0
220
0.0
230
1.0
 70
     8
 71
     3
 72
    14
 73
    10
 74
     0
 42
0.00000001
 43
0.00000001
 40
0.0
 40
0.0
 40
0.0
 40
0.0
 40
0.192012979644426
 40
0.2027272478934474
 40
0.2124774960608466
 40
0.3021519211757151
 40
0.417230870798309
 40
0.705848068260039
 40
1.0
 40
1.0
 40
1.0
 40
1.0
 10
5.00268116593361
 20
37.51253356672755
 30
0.0
 10
5.20734242111266
 20
37.28393064889951
 30
0.0
 10
5.423423714625734
 20
37.04257175494601
 30
0.0
 10
5.732031620077649
 20
37.10184068042774
 30
0.0
 10
5.816300893652878
 20
37.24188198634786
 30
0.0
 10
5.672172644105395
 20
37.55572115548306
 30
0.0
 10
5.555738026729208
 20
38.19587954758681
 30
0.0
 10
4.858486883616741
 20
39.16154995192594
 30
0.0
 10
5.538524989692275
 20
39.79579878935928
 30
0.0
 10
5.881773306281934
 20
40.11593503437694
 30
0.0
  0
SPLINE
  5
100
330
1F
100
AcDbEntity
  8
0
  6
Continuous
 62
     7
100
AcDbSpline
210
0.0
220
0.0
230
1.0
 70
     8
 71
     3
 72
    12
 73
     8
 74
     0
 42
0.00000001
 43
0.00000001
 40
0.0
 40
0.0
 40
0.0
 40
0.0
 40
0.4031631037513142
 40
0.6590487198618037
 40
0.8077636541089409
 40
0.901150798227148
 40
1.0
 40
1.0
 40
1.0
 40
1.0
 10
6.9979727268219
 20
54.43576196952063
 30
0.0
 10
6.448830877927214
 20
52.50712437378709
 30
0.0
 10
5.551151429661463
 20
49.35439009151114
 30
0.0
 10
4.790371492574574
 20
45.38443598758992
 30
0.0
 10
4.619257520228279
 20
42.93108425373451
 30
0.0
 10
4.829770408533403
 20
41.17316066419518
 30
0.0
 10
5.52452559151309
 20
40.47495632705203
 30
0.0
 10
5.881773306281935
 20
40.11593503437695
 30
0.0
  0
SPLINE
  5
101
330
1F
100
AcDbEntity
  8
0
  6
Continuous
 62
     7
100
AcDbSpline
210
0.0
220
0.0
230
1.0
 70
     8
 71
     3
 72
    29
 73
    25
 74
     0
 42
0.00000001
 43
0.00000001
 40
0.0
 40
0.0
 40
0.0
 40
0.0
 40
0.0535286754958286
 40
0.0871675627373495
 40
0.2221020751796492
 40
0.2338126722093512
 40
0.234559218907614
 40
0.2355088472334336
 40
0.3165268532418566
 40
0.3788184177796314
 40
0.4003023987656127
 40
0.4230674758883749
 40
0.5537721932215082
 40
0.5773460486785394
 40
0.6080643806752152
 40
0.6768457478903662
 40
0.7086408166034572
 40
0.745818755469353
 40
0.7734576246627013
 40
0.8001335446669521
 40
0.831351382580081
 40
0.8419510302244447
 40
0.8524369507686576
 40
1.0
 40
1.0
 40
1.0
 40
1.0
 10
6.997972726821899
 20
54.43576196952063
 30
0.0
 10
7.231202810950014
 20
54.39367029288589
 30
0.0
 10
7.611001074257674
 20
54.32512705265452
 30
0.0
 10
8.0377109385448
 20
53.42883323675125
 30
0.0
 10
7.845609343342006
 20
52.7904511015144
 30
0.0
 10
7.435980347803926
 20
52.08963440055735
 30
0.0
 10
7.483503126179885
 20
52.05451877535966
 30
0.0
 10
7.835355827243597
 20
52.13109696506922
 30
0.0
 10
8.140422935311602
 20
52.68661297885154
 30
0.0
 10
8.531054717980561
 20
53.38632903405492
 30
0.0
 10
8.990596017427213
 20
53.3327700431738
 30
0.0
 10
9.709005692825306
 20
53.05941937862801
 30
0.0
 10
9.979301328934772
 20
54.36660889615865
 30
0.0
 10
10.80109053789488
 20
54.35267759129933
 30
0.0
 10
11.20116649897896
 20
53.99929501628103
 30
0.0
 10
11.43754717847955
 20
53.50566474359816
 30
0.0
 10
11.98754627528449
 20
53.21981902140747
 30
0.0
 10
12.38569205050434
 20
53.40324952257889
 30
0.0
 10
12.76172538908243
 20
53.23368849917156
 30
0.0
 10
12.95144510383974
 20
52.92371044471935
 30
0.0
 10
13.04000854391327
 20
52.66309327015941
 30
0.0
 10
13.19499743664318
 20
52.48532219609298
 30
0.0
 10
13.93971064302414
 20
52.59336134846324
 30
0.0
 10
14.26011163767447
 20
53.24807153647283
 30
0.0
 10
14.55925530064487
 20
53.85934430745458
 30
0.0
  0
SPLINE
  5
102
330
1F
100
AcDbEntity
  8
0
  6
Continuous
 62
     7
100
AcDbSpline
210
0.0
220
0.0
230
1.0
 70
     8
 71
     3
 72
    10
 73
     6
 74
     0
 42
0.00000001
 43
0.00000001
 40
0.0
 40
0.0
 40
0.0
 40
0.0
 40
0.3208454629686105
 40
0.5665326857064101
 40
1.0
 40
1.0
 40
1.0
 40
1.0
 10
14.55925405025482
 20
53.85934430745455
 30
0.0
 10
14.85678122502648
 20
52.71944769717197
 30
0.0
 10
15.38213965719643
 20
50.7066759344801
 30
0.0
 10
16.37231132272329
 20
47.15114033782326
 30
0.0
 10
16.38252433950367
 20
44.63884935989481
 30
0.0
 10
16.38904275131312
 20
43.03539099578416
 30
0.0
  0
SPLINE
  5
103
330
1F
100
AcDbEntity
  8
0
  6
Continuous
 62
     7
100
AcDbSpline
210
0.0
220
0.0
230
1.0
 70
     8
 71
     3
 72
    12
 73
     8
 74
     0
 42
0.00000001
 43
0.00000001
 40
0.0
 40
0.0
 40
0.0
 40
0.0
 40
0.2013224626678609
 40
0.3118657644411158
 40
0.4317018450618963
 40
0.7583947201417631
 40
1.0
 40
1.0
 40
1.0
 40
1.0
 10
16.38904213905335
 20
43.03539099578418
 30
0.0
 10
16.14698657308134
 20
42.75292210783045
 30
0.0
 10
15.77202173747018
 20
42.31535356974907
 30
0.0
 10
15.96739365161226
 20
41.56527753641066
 30
0.0
 10
16.29804798756692
 20
40.66906112455253
 30
0.0
 10
15.69429380666239
 20
39.46835830497926
 30
0.0
 10
14.99925348636743
 20
38.81751740218148
 30
0.0
 10
14.70376526484415
 20
38.54082004341427
 30
0.0
  0
SPLINE
  5
104
330
1F
100
AcDbEntity
  8
0
  6
Continuous
 62
     7
100
AcDbSpline
210
0.0
220
0.0
230
1.0
 70
     8
 71
     3
 72
    12
 73
     8
 74
     0
 42
0.00000001
 43
0.00000001
 40
0.0
 40
0.0
 40
0.0
 40
0.0
 40
0.3950364580030728
 40
0.5728949194921581
 40
0.6275559437556902
 40
0.6512425620064721
 40
1.0
 40
1.0
 40
1.0
 40
1.0
 10
14.70375806093216
 20
38.54082004341426
 30
0.0
 10
14.67814557334102
 20
38.33222128744808
 30
0.0
 10
14.64100149785317
 20
38.02970448150691
 30
0.0
 10
14.68382245607949
 20
37.70099070288042
 30
0.0
 10
14.69228537421529
 20
37.56479818404181
 30
0.0
 10
14.79141029821909
 20
37.35465186209314
 30
0.0
 10
15.03743119111474
 20
37.45836950425988
 30
0.0
 10
15.26780569934125
 20
37.55549093377483
 30
0.0
  0
SPLINE
  5
105
330
1F
100
AcDbEntity
  8
0
  6
Continuous
 62
     7
100
AcDbSpline
210
0.0
220
0.0
230
1.0
 70
     8
 71
     3
 72
    13
 73
     9
 74
     0
 42
0.00000001
 43
0.00000001
 40
0.0
 40
0.0
 40
0.0
 40
0.0
 40
0.6589637385098752
 40
0.7841317964207185
 40
0.8025328380854255
 40
0.8192517081667849
 40
0.8696059460625644
 40
1.0
 40
1.0
 40
1.0
 40
1.0
 10
15.26780426502228
 20
37.55549093377483
 30
0.0
 10
15.28428345778351
 20
36.84129791237743
 30
0.0
 10
15.30389282058797
 20
35.9914462071442
 30
0.0
 10
15.16608527271094
 20
35.10241741644545
 30
0.0
 10
15.23929713332759
 20
34.93355296991983
 30
0.0
 10
15.32749972077207
 20
34.8936572131138
 30
0.0
 10
15.46317796184296
 20
34.70925979792521
 30
0.0
 10
15.44719350390092
 20
34.5041330855916
 30
0.0
 10
15.4356621181826
 20
34.35615213749657
 30
0.0
  0
SPLINE
  5
106
330
1F
100
AcDbEntity
  8
0
  6
Continuous
 62
     7
100
AcDbSpline
210
0.0
220
0.0
230
1.0
 70
     8
 71
     3
 72
     9
 73
     5
 74
     0
 42
0.00000001
 43
0.00000001
 40
0.0
 40
0.0
 40
0.0
 40
0.0
 40
0.5636175794835714
 40
0.9999999999999999
 40
0.9999999999999999
 40
0.9999999999999999
 40
0.9999999999999999
 10
15.43565839529037
 20
34.35615213749657
 30
0.0
 10
15.54252122844498
 20
34.28756639405
 30
0.0
 10
15.73212289639244
 20
34.1658779550389
 30
0.0
 10
15.94267650597361
 20
34.08631562804477
 30
0.0
 10
16.03455839977111
 20
34.05159602720914
 30
0.0
  0
SPLINE
  5
107
330
1F
100
AcDbEntity
  8
0
  6
Continuous
 62
     7
100
AcDbSpline
210
0.0
220
0.0
230
1.0
 70
     8
 71
     3
 72
    14
 73
    10
 74
     0
 42
0.00000001
 43
0.00000001
 40
0.0
 40
0.0
 40
0.0
 40
0.0
 40
0.047269383725696
 40
0.1226995900549011
 40
0.2185844614581016
 40
0.3414047370326526
 40
0.5227475359741783
 40
0.7422782789402458
 40
1.0
 40
1.0
 40
1.0
 40
1.0
 10
37.57953643798828
 20
35.89196653153203
 30
0.0
 10
37.49313229679822
 20
36.69445533205714
 30
0.0
 10
37.268848587821
 20
38.77751711723873
 30
0.0
 10
37.2063409771552
 20
42.51143686545202
 30
0.0
 10
37.09676600365183
 20
47.52931691255516
 30
0.0
 10
37.0425143475407
 20
54.35802549718612
 30
0.0
 10
37.00944401405805
 20
63.29633761912189
 30
0.0
 10
37.0195174664647
 20
74.53768049486764
 30
0.0
 10
37.05467027251785
 20
82.6835515148974
 30
0.0
 10
37.07365318483154
 20
87.082413871948
 30
0.0
  0
SPLINE
  5
108
330
1F
100
AcDbEntity
  8
0
  6
Continuous
 62
     7
100
AcDbSpline
210
0.0
220
0.0
230
1.0
 70
     8
 71
     3
 72
    14
 73
    10
 74
     0
 42
0.00000001
 43
0.00000001
 40
0.0
 40
0.0
 40
0.0
 40
0.0
 40
0.3094576068850936
 40
0.4125375922136174
 40
0.5195767230414471
 40
0.5966653714984541
 40
0.7860062940069511
 40
0.9046335948147518
 40
1.0
 40
1.0
 40
1.0
 40
1.0
 10
28.56890857219696
 20
34.05159602720914
 30
0.0
 10
27.88924847631997
 20
34.72468933870112
 30
0.0
 10
26.98319435698828
 20
35.62198928505888
 30
0.0
 10
25.40937943649479
 20
35.90285313733824
 30
0.0
 10
24.75449115645104
 20
36.49072596547938
 30
0.0
 10
23.92694483710015
 20
37.23269400860618
 30
0.0
 10
23.18475335917785
 20
38.09172785614429
 30
0.0
 10
22.28331170691681
 20
38.96466714598036
 30
0.0
 10
22.19420371374102
 20
39.6136003114708
 30
0.0
 10
22.15449269073213
 20
39.9027977105771
 30
0.0
  0
SPLINE
  5
109
330
1F
100
AcDbEntity
  8
0
  6
Continuous
 62
     7
100
AcDbSpline
210
0.0
220
0.0
230
1.0
 70
     8
 71
     3
 72
    19
 73
    15
 74
     0
 42
0.00000001
 43
0.00000001
 40
0.0
 40
0.0
 40
0.0
 40
0.0
 40
0.1409987297443039
 40
0.2564962309879671
 40
0.3684598520868445
 40
0.4832055562927148
 40
0.6072711435398095
 40
0.7479048401658271
 40
0.8965121523112334
 40
0.9451124942563134
 40
0.9616181548761498
 40
0.973215175883104
 40
0.9852275402523198
 40
0.9999999999999999
 40
0.9999999999999999
 40
0.9999999999999999
 40
0.9999999999999999
 10
24.62850511074066
 20
60.66460593562639
 30
0.0
 10
23.88146313582503
 20
59.87819842917226
 30
0.0
 10
22.52249024789087
 20
58.44761418354164
 30
0.0
 10
22.30139161143522
 20
55.61705332407278
 30
0.0
 10
21.75149325190744
 20
53.15247690188002
 30
0.0
 10
21.32120021968893
 20
50.57704472840506
 30
0.0
 10
21.02933815601201
 20
47.7578687883514
 30
0.0
 10
20.90378472670429
 20
44.74592695451798
 30
0.0
 10
21.25057405760831
 20
42.03727552750951
 30
0.0
 10
22.38734613529784
 20
40.9197774794194
 30
0.0
 10
22.75499371363949
 20
40.46109521071379
 30
0.0
 10
22.72715705372535
 20
40.12013282000004
 30
0.0
 10
22.44846307574972
 20
39.97900898316898
 30
0.0
 10
22.25899099465964
 20
39.92988870045873
 30
0.0
 10
22.15449269073213
 20
39.9027977105771
 30
0.0
  0
SPLINE
  5
10A
330
1F
100
AcDbEntity
  8
0
  6
Continuous
 62
     7
100
AcDbSpline
210
0.0
220
0.0
230
1.0
 70
     8
 71
     3
 72
    15
 73
    11
 74
     0
 42
0.00000001
 43
0.00000001
 40
0.0
 40
0.0
 40
0.0
 40
0.0
 40
0.1383319774090976
 40
0.2886516225193837
 40
0.4480586410458915
 40
0.544658875416618
 40
0.672079556574422
 40
0.7781977027980802
 40
0.88142287031421
 40
1.0
 40
1.0
 40
1.0
 40
1.0
 10
24.62850511074066
 20
60.66460593562639
 30
0.0
 10
24.55030717618035
 20
61.34916268621738
 30
0.0
 10
24.38713477662918
 20
62.7775989774179
 30
0.0
 10
25.437838700506
 20
64.7879785877817
 30
0.0
 10
26.425158311479
 20
66.46755583240899
 30
0.0
 10
26.78997229414074
 20
68.4261986256766
 30
0.0
 10
25.77452631263879
 20
69.78687497656048
 30
0.0
 10
24.58403282149746
 20
71.06029946937755
 30
0.0
 10
25.07562206470709
 20
72.84865173496269
 30
0.0
 10
24.1896387733731
 20
73.62050124274359
 30
0.0
 10
23.71598562838194
 20
74.03313763261255
 30
0.0
  0
LWPOLYLINE
  5
10B
330
1F
100
AcDbEntity
  8
0
  6
Continuous
 62
     7
100
AcDbPolyline
 90
        3
 70
   128
 43
0.0
 10
24.2958664894
 20
77.6036189743
 10
23.8373216577
 20
80.2894101413
 10
23.4770325987
 20
82.3996746296
  0
SPLINE
  5
10C
330
1F
100
AcDbEntity
  8
0
  6
Continuous
 62
     7
100
AcDbSpline
210
0.0
220
0.0
230
1.0
 70
     8
 71
     3
 72
     9
 73
     5
 74
     0
 42
0.00000001
 43
0.00000001
 40
0.0
 40
0.0
 40
0.0
 40
0.0
 40
0.5612131774095249
 40
1.0
 40
1.0
 40
1.0
 40
1.0
 10
23.83385598659515
 20
82.39967462962662
 30
0.0
 10
23.77485869100995
 20
82.9162067312806
 30
0.0
 10
23.66973411810251
 20
83.83659157334401
 30
0.0
 10
23.32632629366788
 20
84.69552072905284
 30
0.0
 10
23.17564346553149
 20
85.07240752411663
 30
0.0
  0
SPLINE
  5
10D
330
1F
100
AcDbEntity
  8
0
  6
Continuous
 62
     7
100
AcDbSpline
210
0.0
220
0.0
230
1.0
 70
     8
 71
     3
 72
     9
 73
     5
 74
     0
 42
0.00000001
 43
0.00000001
 40
0.0
 40
0.0
 40
0.0
 40
0.0
 40
0.4967559199269039
 40
0.9999999999999999
 40
0.9999999999999999
 40
0.9999999999999999
 40
0.9999999999999999
 10
23.17564189434052
 20
87.8287095755508
 30
0.0
 10
23.13332077976292
 20
88.28631023207245
 30
0.0
 10
23.04812579188274
 20
89.20748829591719
 30
0.0
 10
22.82621448045022
 20
90.10561086822966
 30
0.0
 10
22.71453892667056
 20
90.55758573592597
 30
0.0
  0
SPLINE
  5
10E
330
1F
100
AcDbEntity
  8
0
  6
Continuous
 62
     7
100
AcDbSpline
210
0.0
220
0.0
230
1.0
 70
     8
 71
     3
 72
     9
 73
     5
 74
     0
 42
0.00000001
 43
0.00000001
 40
0.0
 40
0.0
 40
0.0
 40
0.0
 40
0.5555791841604003
 40
1.0
 40
1.0
 40
1.0
 40
1.0
 10
21.57121896743774
 20
95.60394969079057
 30
0.0
 10
21.94694112489113
 20
94.73468815785566
 30
0.0
 10
22.62321224548969
 20
93.17008394351934
 30
0.0
 10
22.86326489032602
 20
91.48482028003866
 30
0.0
 10
22.96994928258864
 20
90.73585402780978
 30
0.0
  0
SPLINE
  5
10F
330
1F
100
AcDbEntity
  8
0
  6
Continuous
 62
     7
100
AcDbSpline
210
0.0
220
0.0
230
1.0
 70
     8
 71
     3
 72
    10
 73
     6
 74
     0
 42
0.00000001
 43
0.00000001
 40
0.0
 40
0.0
 40
0.0
 40
0.0
 40
0.2543228519545337
 40
0.523346299582028
 40
1.0
 40
1.0
 40
1.0
 40
1.0
 10
21.57121896743774
 20
95.60394969079057
 30
0.0
 10
21.48317512959101
 20
96.18968977068273
 30
0.0
 10
21.30199826567976
 20
97.39502739949809
 30
0.0
 10
20.1610149431364
 20
99.43335209341072
 30
0.0
 10
19.35271482351931
 20
100.9481607208796
 30
0.0
 10
18.83603110312686
 20
101.9164606608747
 30
0.0
  0
SPLINE
  5
110
330
1F
100
AcDbEntity
  8
0
  6
Continuous
 62
     7
100
AcDbSpline
210
0.0
220
0.0
230
1.0
 70
     8
 71
     3
 72
     9
 73
     5
 74
     0
 42
0.00000001
 43
0.00000001
 40
0.0
 40
0.0
 40
0.0
 40
0.0
 40
0.6401830712398412
 40
1.0
 40
1.0
 40
1.0
 40
1.0
 10
18.83602142333985
 20
101.9164606608747
 30
0.0
 10
18.89701230251669
 20
102.1460908605554
 30
0.0
 10
18.99228329907509
 20
102.5047854433971
 30
0.0
 10
18.77375456465024
 20
102.7880688994423
 30
0.0
 10
18.69512422658364
 20
102.889999082565
 30
0.0
  0
SPLINE
  5
111
330
1F
100
AcDbEntity
  8
0
  6
Continuous
 62
     7
100
AcDbSpline
210
0.0
220
0.0
230
1.0
 70
     8
 71
     3
 72
    11
 73
     7
 74
     0
 42
0.00000001
 43
0.00000001
 40
0.0
 40
0.0
 40
0.0
 40
0.0
 40
0.3409074454913297
 40
0.4539225144052484
 40
0.5513095017614708
 40
1.0
 40
1.0
 40
1.0
 40
1.0
 10
19.93930339813233
 20
108.948018518722
 30
0.0
 10
19.90006587777495
 20
108.2321249261277
 30
0.0
 10
19.84782063017123
 20
107.2789036811981
 30
0.0
 10
19.3425399220182
 20
106.2469132107336
 30
0.0
 10
19.00151331830589
 20
104.9244969873688
 30
0.0
 10
18.83332114933739
 20
103.8076601788279
 30
0.0
 10
18.69512422658364
 20
102.889999082565
 30
0.0
  0
SPLINE
  5
112
330
1F
100
AcDbEntity
  8
0
  6
Continuous
 62
     7
100
AcDbSpline
210
0.0
220
0.0
230
1.0
 70
     8
 71
     3
 72
    11
 73
     7
 74
     0
 42
0.00000001
 43
0.00000001
 40
0.0
 40
0.0
 40
0.0
 40
0.0
 40
0.6468159813730093
 40
0.6892392006972534
 40
0.7308935008980029
 40
1.0
 40
1.0
 40
1.0
 40
1.0
 10
19.93930339813232
 20
108.948018518722
 30
0.0
 10
20.22084179787724
 20
108.5917187515547
 30
0.0
 10
20.52084567408614
 20
108.212050076378
 30
0.0
 10
20.97984117814811
 20
107.8838368946272
 30
0.0
 10
21.23588659070887
 20
107.9924768749692
 30
0.0
 10
21.32275217628927
 20
108.2115468895429
 30
0.0
 10
21.39797432039637
 20
108.4012528138822
 30
0.0
  0
SPLINE
  5
113
330
1F
100
AcDbEntity
  8
0
  6
Continuous
 62
     7
100
AcDbSpline
210
0.0
220
0.0
230
1.0
 70
     8
 71
     3
 72
    16
 73
    12
 74
     0
 42
0.00000001
 43
0.00000001
 40
0.0
 40
0.0
 40
0.0
 40
0.0
 40
0.2144313935282303
 40
0.2239171277095137
 40
0.235605062272513
 40
0.2979910722905089
 40
0.3718866141163436
 40
0.4371067135111715
 40
0.466186259922901
 40
0.493236452020707
 40
0.9999999999999999
 40
0.9999999999999999
 40
0.9999999999999999
 40
0.9999999999999999
 10
22.85538613796234
 20
107.0161130282881
 30
0.0
 10
22.73543044521886
 20
106.5482698941567
 30
0.0
 10
22.61016831018549
 20
106.0597309302967
 30
0.0
 10
22.98908557556206
 20
105.7814980809581
 30
0.0
 10
23.15070434329623
 20
105.8384463257455
 30
0.0
 10
23.30307687989416
 20
106.0724375086607
 30
0.0
 10
23.683306683251
 20
106.2456610439312
 30
0.0
 10
23.99496817413893
 20
106.1258237635715
 30
0.0
 10
24.17102118978119
 20
105.9655499196401
 30
0.0
 10
24.28427778464299
 20
104.8819074336004
 30
0.0
 10
23.99274522394602
 20
103.9198266632075
 30
0.0
 10
23.71598562838194
 20
103.0064978594631
 30
0.0
  0
SPLINE
  5
114
330
1F
100
AcDbEntity
  8
0
  6
Continuous
 62
     7
100
AcDbSpline
210
0.0
220
0.0
230
1.0
 70
     8
 71
     3
 72
    22
 73
    18
 74
     0
 42
0.00000001
 43
0.00000001
 40
0.0
 40
0.0
 40
0.0
 40
0.0
 40
0.223214021836248
 40
0.3690511153556112
 40
0.4319362742342492
 40
0.461514792189793
 40
0.4674926158446754
 40
0.4716112640487641
 40
0.4785511220267936
 40
0.4878712195340347
 40
0.5134266469325012
 40
0.5796860892829648
 40
0.7189060648419191
 40
0.8325979829655691
 40
0.8995814923572882
 40
0.9289406965569853
 40
1.0
 40
1.0
 40
1.0
 40
1.0
 10
23.71597290039062
 20
103.0064978594631
 30
0.0
 10
24.29525073449953
 20
102.8371804739457
 30
0.0
 10
25.25300029261423
 20
102.5572394135218
 30
0.0
 10
26.00733851580331
 20
101.6349093415977
 30
0.0
 10
26.24541364576152
 20
101.0502192262339
 30
0.0
 10
26.32401612685189
 20
100.8062471541894
 30
0.0
 10
26.37871152565923
 20
100.7120277167212
 30
0.0
 10
26.42764864826598
 20
100.698964132442
 30
0.0
 10
26.46879719798454
 20
100.7441327046077
 30
0.0
 10
26.5279330641815
 20
100.8326245204888
 30
0.0
 10
26.64950877553879
 20
101.0748722912735
 30
0.0
 10
26.92508047446318
 20
101.6088998076367
 30
0.0
 10
27.37851482013447
 20
102.3631036632138
 30
0.0
 10
28.31181062901094
 20
102.6126287608506
 30
0.0
 10
28.80458567235116
 20
102.330768345194
 30
0.0
 10
29.26012063487598
 20
102.2899051540627
 30
0.0
 10
29.47982873097405
 20
102.4635096002789
 30
0.0
 10
29.63530110988121
 20
102.5863575823124
 30
0.0
  0
SPLINE
  5
115
330
1F
100
AcDbEntity
  8
0
  6
Continuous
 62
     7
100
AcDbSpline
210
0.0
220
0.0
230
1.0
 70
     8
 71
     3
 72
    19
 73
    15
 74
     0
 42
0.00000001
 43
0.00000001
 40
0.0
 40
0.0
 40
0.0
 40
0.0
 40
0.1386383973136213
 40
0.1709505219044303
 40
0.1837885577976631
 40
0.1869704597443278
 40
0.1905837331734239
 40
0.202472886528115
 40
0.3702761854977857
 40
0.5844394839022038
 40
0.6725707651789492
 40
0.7681264323673892
 40
0.8809642542916224
 40
1.0
 40
1.0
 40
1.0
 40
1.0
 10
29.63529527187347
 20
102.5863575823124
 30
0.0
 10
29.67175358341958
 20
102.0492756783596
 30
0.0
 10
29.7167091477317
 20
101.3870173605687
 30
0.0
 10
29.76750902866103
 20
100.7082401210262
 30
0.0
 10
29.79101520478891
 20
100.5062535656698
 30
0.0
 10
29.85999450849058
 20
100.4621941902608
 30
0.0
 10
29.93304565544619
 20
100.4863499622711
 30
0.0
 10
30.45705478687579
 20
100.9509909729375
 30
0.0
 10
31.77935842371495
 20
101.6944918713667
 30
0.0
 10
33.44849922093044
 20
102.5065814719172
 30
0.0
 10
35.07311246599129
 20
102.2621621383725
 30
0.0
 10
35.73726909549784
 20
101.2035680306072
 30
0.0
 10
35.82238452265766
 20
99.9438834179205
 30
0.0
 10
35.78877937187335
 20
99.05560847393002
 30
0.0
 10
35.77152766774815
 20
98.59959931587238
 30
0.0
  0
SPLINE
  5
116
330
1F
100
AcDbEntity
  8
0
  6
Continuous
 62
     7
100
AcDbSpline
210
0.0
220
0.0
230
1.0
 70
     8
 71
     3
 72
    11
 73
     7
 74
     0
 42
0.00000001
 43
0.00000001
 40
0.0
 40
0.0
 40
0.0
 40
0.0
 40
0.1127074620977706
 40
0.2366175663021234
 40
0.5410891030743267
 40
1.0
 40
1.0
 40
1.0
 40
1.0
 10
39.62269425392151
 20
98.48396381286662
 30
0.0
 10
39.44503555443318
 20
98.07159302139078
 30
0.0
 10
39.07205963675295
 20
97.20586353660788
 30
0.0
 10
38.33577308298315
 20
95.16195220555889
 30
0.0
 10
38.39673560688318
 20
91.56496154580084
 30
0.0
 10
38.34187599253214
 20
88.53359482410414
 30
0.0
 10
38.30889688047046
 20
86.71127463469948
 30
0.0
  0
SPLINE
  5
117
330
1F
100
AcDbEntity
  8
0
  6
Continuous
 62
     7
100
AcDbSpline
210
0.0
220
0.0
230
1.0
 70
     8
 71
     3
 72
    12
 73
     8
 74
     0
 42
0.00000001
 43
0.00000001
 40
0.0
 40
0.0
 40
0.0
 40
0.0
 40
0.3170529060062667
 40
0.6489287827635815
 40
0.9078715712419699
 40
0.9763260730228996
 40
0.9999999999999999
 40
0.9999999999999999
 40
0.9999999999999999
 40
0.9999999999999999
 10
35.77151894569397
 20
98.59959931587238
 30
0.0
 10
36.25596871588675
 20
97.44289854827771
 30
0.0
 10
37.24751742503212
 20
95.0754185254891
 30
0.0
 10
37.03872746014089
 20
91.4676140997227
 30
0.0
 10
37.09272754730563
 20
88.90569325964736
 30
0.0
 10
37.07224280645444
 20
87.53449174725334
 30
0.0
 10
37.07336485568229
 20
87.17483391418288
 30
0.0
 10
37.07365318483154
 20
87.082413871948
 30
0.0
  0
SPLINE
  5
118
330
1F
100
AcDbEntity
  8
0
  6
Continuous
 62
     7
100
AcDbSpline
210
0.0
220
0.0
230
1.0
 70
     8
 71
     3
 72
     9
 73
     5
 74
     0
 42
0.00000001
 43
0.00000001
 40
0.0
 40
0.0
 40
0.0
 40
0.0
 40
0.6023939338680354
 40
1.0
 40
1.0
 40
1.0
 40
1.0
 10
6.712406873703003
 20
127.7248435336226
 30
0.0
 10
6.509757992733843
 20
127.617271409709
 30
0.0
 10
6.173352080297224
 20
127.4386970286176
 30
0.0
 10
6.106570587569155
 20
127.0736466843221
 30
0.0
 10
6.080017860955124
 20
126.9285004529867
 30
0.0
  0
SPLINE
  5
119
330
1F
100
AcDbEntity
  8
0
  6
Continuous
 62
     7
100
AcDbSpline
210
0.0
220
0.0
230
1.0
 70
     8
 71
     3
 72
     9
 73
     5
 74
     0
 42
0.00000001
 43
0.00000001
 40
0.0
 40
0.0
 40
0.0
 40
0.0
 40
0.5493186773806147
 40
1.0
 40
1.0
 40
1.0
 40
1.0
 10
6.080016493797302
 20
126.9285004529867
 30
0.0
 10
5.797162237942566
 20
126.7620425934283
 30
0.0
 10
5.282243908197243
 20
126.4590165606125
 30
0.0
 10
4.91131965880016
 20
125.9923065576488
 30
0.0
 10
4.744151027490279
 20
125.7819690762333
 30
0.0
  0
SPLINE
  5
11A
330
1F
100
AcDbEntity
  8
0
  6
Continuous
 62
     7
100
AcDbSpline
210
0.0
220
0.0
230
1.0
 70
     8
 71
     3
 72
     9
 73
     5
 74
     0
 42
0.00000001
 43
0.00000001
 40
0.0
 40
0.0
 40
0.0
 40
0.0
 40
0.5809769157057608
 40
0.9999999999999999
 40
0.9999999999999999
 40
0.9999999999999999
 40
0.9999999999999999
 10
0.5619097501039505
 20
114.6643003577752
 30
0.0
 10
0.4267633473397519
 20
114.482864911541
 30
0.0
 10
0.1941441173656574
 20
114.1705711846658
 30
0.0
 10
0.0605860102005757
 20
113.805711779284
 30
0.0
 10
0.0046220802037626
 20
113.6528272659071
 30
0.0
  0
SPLINE
  5
11B
330
1F
100
AcDbEntity
  8
0
  6
Continuous
 62
     7
100
AcDbSpline
210
0.0
220
0.0
230
1.0
 70
     8
 71
     3
 72
    22
 73
    18
 74
     0
 42
0.00000001
 43
0.00000001
 40
0.0
 40
0.0
 40
0.0
 40
0.0
 40
0.0181056363212457
 40
0.0344375471771586
 40
0.1237411027375592
 40
0.191835976487826
 40
0.224203504271149
 40
0.2403318658119998
 40
0.2447350817858129
 40
0.248486368140843
 40
0.2592922550293018
 40
0.3513147891785843
 40
0.4636888890102431
 40
0.5815865450262839
 40
0.6858845214946753
 40
0.801762571183468
 40
1.0
 40
1.0
 40
1.0
 40
1.0
 10
45.31827569007874
 20
103.3693886765464
 30
0.0
 10
45.40381370511687
 20
103.3822347700165
 30
0.0
 10
45.56650997140934
 20
103.406668484583
 30
0.0
 10
45.79863601684163
 20
102.8552367856208
 30
0.0
 10
45.65360554332513
 20
102.1449676757127
 30
0.0
 10
45.70491851661764
 20
101.3335944380878
 30
0.0
 10
45.65687350598746
 20
100.8449694894917
 30
0.0
 10
45.60436016263866
 20
100.6223887978536
 30
0.0
 10
45.53593339741951
 20
100.5403100746592
 30
0.0
 10
45.45112958680535
 20
100.5228688224438
 30
0.0
 10
45.09256934753207
 20
100.8667333610701
 30
0.0
 10
44.46814585135196
 20
101.4595237381162
 30
0.0
 10
43.22442623814481
 20
102.1108613673532
 30
0.0
 10
41.88752253357541
 20
102.547745520278
 30
0.0
 10
40.32903091580726
 20
102.3841238934288
 30
0.0
 10
39.34280925512326
 20
100.6683802811113
 30
0.0
 10
39.51440931947121
 20
99.32914903176747
 30
0.0
 10
39.62270565591079
 20
98.4839638128666
 30
0.0
  0
SPLINE
  5
11C
330
1F
100
AcDbEntity
  8
0
  6
Continuous
 62
     7
100
AcDbSpline
210
0.0
220
0.0
230
1.0
 70
     8
 71
     3
 72
    11
 73
     7
 74
     0
 42
0.00000001
 43
0.00000001
 40
0.0
 40
0.0
 40
0.0
 40
0.0
 40
0.0681017344606912
 40
0.1266032920177171
 40
0.240695148421433
 40
1.0
 40
1.0
 40
1.0
 40
1.0
 10
45.31827569007874
 20
103.3693886765464
 30
0.0
 10
45.21508267568855
 20
103.245703907527
 30
0.0
 10
45.02324357733824
 20
103.0157699850753
 30
0.0
 10
44.44215412481709
 20
102.9867818843847
 30
0.0
 10
42.48083221814042
 20
103.7490241260155
 30
0.0
 10
40.5180614653982
 20
104.0483486155726
 30
0.0
 10
38.81168755595598
 20
104.3085723318287
 30
0.0
  0
SPLINE
  5
11D
330
1F
100
AcDbEntity
  8
0
  6
Continuous
 62
     7
100
AcDbSpline
210
0.0
220
0.0
230
1.0
 70
     8
 71
     3
 72
    12
 73
     8
 74
     0
 42
0.00000001
 43
0.00000001
 40
0.0
 40
0.0
 40
0.0
 40
0.0
 40
0.3815085080167802
 40
0.6009941071962016
 40
0.729589418435913
 40
0.8438197594251675
 40
1.0
 40
1.0
 40
1.0
 40
1.0
 10
38.81168365478516
 20
104.3085723318287
 30
0.0
 10
37.64107166086091
 20
104.2783333015463
 30
0.0
 10
35.79699506655667
 20
104.2306974595528
 30
0.0
 10
33.56783706109187
 20
103.8433425696634
 30
0.0
 10
32.25998473917967
 20
103.3024917302643
 30
0.0
 10
31.06309977115178
 20
102.9379317306748
 30
0.0
 10
30.23494361478971
 20
103.1143892279317
 30
0.0
 10
29.75662791062595
 20
103.2163052632192
 30
0.0
  0
SPLINE
  5
11E
330
1F
100
AcDbEntity
  8
0
  6
Continuous
 62
     7
100
AcDbSpline
210
0.0
220
0.0
230
1.0
 70
     8
 71
     3
 72
     9
 73
     5
 74
     0
 42
0.00000001
 43
0.00000001
 40
0.0
 40
0.0
 40
0.0
 40
0.0
 40
0.516250401274469
 40
1.0
 40
1.0
 40
1.0
 40
1.0
 10
38.81168365478516
 20
106.637940995091
 30
0.0
 10
39.23668681732808
 20
106.9022857973041
 30
0.0
 10
40.0599368554757
 20
107.4143334423239
 30
0.0
 10
40.4280021716255
 20
108.3091126042446
 30
0.0
 10
40.60605362061775
 20
108.7419616647718
 30
0.0
  0
SPLINE
  5
11F
330
1F
100
AcDbEntity
  8
0
  6
Continuous
 62
     7
100
AcDbSpline
210
0.0
220
0.0
230
1.0
 70
     8
 71
     3
 72
     9
 73
     5
 74
     0
 42
0.00000001
 43
0.00000001
 40
0.0
 40
0.0
 40
0.0
 40
0.0
 40
0.5726110292180018
 40
1.0
 40
1.0
 40
1.0
 40
1.0
 10
40.6060516834259
 20
110.3925768627403
 30
0.0
 10
40.68747552717051
 20
110.5251338138828
 30
0.0
 10
40.82967300432318
 20
110.7566294442122
 30
0.0
 10
40.67300976235983
 20
110.9685842959734
 30
0.0
 10
40.60605362061775
 20
111.0591714619199
 30
0.0
  0
SPLINE
  5
120
330
1F
100
AcDbEntity
  8
0
  6
Continuous
 62
     7
100
AcDbSpline
210
0.0
220
0.0
230
1.0
 70
     8
 71
     3
 72
    13
 73
     9
 74
     0
 42
0.00000001
 43
0.00000001
 40
0.0
 40
0.0
 40
0.0
 40
0.0
 40
0.0585242952696508
 40
0.0867044106707556
 40
0.1337157027202366
 40
0.2688814550801422
 40
0.4894000718038822
 40
0.9999999999999999
 40
0.9999999999999999
 40
0.9999999999999999
 40
0.9999999999999999
 10
40.6060516834259
 20
112.2812615604159
 30
0.0
 10
40.58849563700389
 20
112.3308035923932
 30
0.0
 10
40.56248615407521
 20
112.4042006775904
 30
0.0
 10
40.45871433550651
 20
112.4748111539804
 30
0.0
 10
40.47220055328165
 20
112.6798010127366
 30
0.0
 10
40.52262572140616
 20
113.0134348751063
 30
0.0
 10
40.14056460075992
 20
113.7985328430868
 30
0.0
 10
39.41376734702174
 20
113.7229435724837
 30
0.0
 10
38.90618533019228
 20
113.6701533971961
 30
0.0
  0
SPLINE
  5
121
330
1F
100
AcDbEntity
  8
0
  6
Continuous
 62
     7
100
AcDbSpline
210
0.0
220
0.0
230
1.0
 70
     8
 71
     3
 72
    17
 73
    13
 74
     0
 42
0.00000001
 43
0.00000001
 40
0.0
 40
0.0
 40
0.0
 40
0.0
 40
0.0334270448972107
 40
0.0659533596408628
 40
0.1202194895064164
 40
0.3163042705610679
 40
0.5323465131912557
 40
0.5552652355458041
 40
0.5795525733790887
 40
0.6303436150497195
 40
0.7551512845014328
 40
1.0
 40
1.0
 40
1.0
 40
1.0
 10
38.49968314170837
 20
122.6761437170204
 30
0.0
 10
38.54966113049022
 20
122.6962154534969
 30
0.0
 10
38.64827039368987
 20
122.7358180704355
 30
0.0
 10
38.66924251713667
 20
122.9338600077749
 30
0.0
 10
38.52986524329932
 20
123.3619764487551
 30
0.0
 10
37.66637489218073
 20
123.2884364676313
 30
0.0
 10
36.97367440412533
 20
123.3381799969753
 30
0.0
 10
36.71710664955517
 20
123.0128184225706
 30
0.0
 10
36.72695562477585
 20
122.8602684251689
 30
0.0
 10
36.89872059204975
 20
122.5694102801394
 30
0.0
 10
37.62679385683394
 20
122.8426499925514
 30
0.0
 10
38.15188457064271
 20
122.7424879144183
 30
0.0
 10
38.49968807690055
 20
122.6761437170204
 30
0.0
  0
SPLINE
  5
122
330
1F
100
AcDbEntity
  8
0
  6
Continuous
 62
     7
100
AcDbSpline
210
0.0
220
0.0
230
1.0
 70
     8
 71
     3
 72
    17
 73
    13
 74
     0
 42
0.00000001
 43
0.00000001
 40
0.0
 40
0.0
 40
0.0
 40
0.0
 40
0.1995763161409809
 40
0.2256080693851854
 40
0.2454001542727352
 40
0.4855575088782613
 40
0.4999456763426381
 40
0.5152347992985336
 40
0.6788880084341058
 40
0.7569911406536634
 40
0.7775865704264676
 40
0.9999999999999999
 40
0.9999999999999999
 40
0.9999999999999999
 40
0.9999999999999999
 10
36.75979375839233
 20
123.0684477799141
 30
0.0
 10
36.57985434087749
 20
123.7254197738303
 30
0.0
 10
36.37644451060915
 20
124.4680839639182
 30
0.0
 10
35.76753114396262
 20
125.1876807673865
 30
0.0
 10
36.20025089152898
 20
126.1700449822104
 30
0.0
 10
36.87626909598058
 20
126.7666840604348
 30
0.0
 10
37.723365020605
 20
127.3145338544062
 30
0.0
 10
38.37410366861815
 20
126.9724052751827
 30
0.0
 10
38.68090261463579
 20
126.0817397640391
 30
0.0
 10
39.45242181450726
 20
125.5338773510057
 30
0.0
 10
39.91705853797654
 20
124.4927316958426
 30
0.0
 10
39.24234175806502
 20
123.7436335769427
 30
0.0
 10
38.62480841621653
 20
123.0580228458781
 30
0.0
  0
SPLINE
  5
123
330
1F
100
AcDbEntity
  8
0
  6
Continuous
 62
     7
100
AcDbSpline
210
0.0
220
0.0
230
1.0
 70
     8
 71
     3
 72
    10
 73
     6
 74
     0
 42
0.00000001
 43
0.00000001
 40
0.0
 40
0.0
 40
0.0
 40
0.0
 40
0.2471571236598811
 40
0.511045626562964
 40
1.0
 40
1.0
 40
1.0
 40
1.0
 10
36.75979375839233
 20
114.1162962985742
 30
0.0
 10
36.48929138674075
 20
114.1081309398159
 30
0.0
 10
35.92997490028704
 20
114.0912474657691
 30
0.0
 10
35.19681593965462
 20
113.1884835893338
 30
0.0
 10
35.18538074945153
 20
112.3802025313566
 30
0.0
 10
35.17795385276882
 20
111.8552423163041
 30
0.0
  0
SPLINE
  5
124
330
1F
100
AcDbEntity
  8
0
  6
Continuous
 62
     7
100
AcDbSpline
210
0.0
220
0.0
230
1.0
 70
     8
 71
     3
 72
     9
 73
     5
 74
     0
 42
0.00000001
 43
0.00000001
 40
0.0
 40
0.0
 40
0.0
 40
0.0
 40
0.4397496136775619
 40
1.0
 40
1.0
 40
1.0
 40
1.0
 10
35.17794609069824
 20
111.8552423163041
 30
0.0
 10
34.6765131816007
 20
111.5976217506528
 30
0.0
 10
33.53624405230201
 20
111.011787090113
 30
0.0
 10
32.25530406439606
 20
110.9002543083522
 30
0.0
 10
31.53765694131588
 20
110.837768024283
 30
0.0
  0
SPLINE
  5
125
330
1F
100
AcDbEntity
  8
0
  6
Continuous
 62
     7
100
AcDbSpline
210
0.0
220
0.0
230
1.0
 70
     8
 71
     3
 72
    10
 73
     6
 74
     0
 42
0.00000001
 43
0.00000001
 40
0.0
 40
0.0
 40
0.0
 40
0.0
 40
0.6673263402875409
 40
0.8490902945493046
 40
1.0
 40
1.0
 40
1.0
 40
1.0
 10
29.63529527187348
 20
111.4030315198503
 30
0.0
 10
30.11910700531037
 20
111.4572669099933
 30
0.0
 10
30.73469764282865
 20
111.5262747411118
 30
0.0
 10
31.49328852553482
 20
111.2145144713552
 30
0.0
 10
31.52381108755171
 20
110.9553376088739
 30
0.0
 10
31.53765694131589
 20
110.8377680242831
 30
0.0
  0
SPLINE
  5
126
330
1F
100
AcDbEntity
  8
0
  6
Continuous
 62
     7
100
AcDbSpline
210
0.0
220
0.0
230
1.0
 70
     8
 71
     3
 72
     9
 73
     5
 74
     0
 42
0.00000001
 43
0.00000001
 40
0.0
 40
0.0
 40
0.0
 40
0.0
 40
0.5670771773080129
 40
1.0
 40
1.0
 40
1.0
 40
1.0
 10
29.11841869354248
 20
114.4091452378451
 30
0.0
 10
29.10871248461589
 20
113.820474213423
 30
0.0
 10
29.09159628012914
 20
112.7823950101359
 30
0.0
 10
29.47103390310636
 20
111.8197726913049
 30
0.0
 10
29.6353011098812
 20
111.4030315198503
 30
0.0
  0
SPLINE
  5
127
330
1F
100
AcDbEntity
  8
0
  6
Continuous
 62
     7
100
AcDbSpline
210
0.0
220
0.0
230
1.0
 70
     8
 71
     3
 72
    10
 73
     6
 74
     0
 42
0.00000001
 43
0.00000001
 40
0.0
 40
0.0
 40
0.0
 40
0.0
 40
0.2945866324840967
 40
0.5463868180410569
 40
0.9999999999999999
 40
0.9999999999999999
 40
0.9999999999999999
 40
0.9999999999999999
 10
29.11841869354248
 20
114.4091452378451
 30
0.0
 10
28.7787346892698
 20
113.7991525913898
 30
0.0
 10
28.14870317470673
 20
112.6677640476713
 30
0.0
 10
27.4341678819791
 20
110.371997530401
 30
0.0
 10
26.21907657023273
 20
109.1725516094913
 30
0.0
 10
25.43771707001103
 20
108.4012528138822
 30
0.0
  0
SPLINE
  5
128
330
1F
100
AcDbEntity
  8
0
  6
Continuous
 62
     7
100
AcDbSpline
210
0.0
220
0.0
230
1.0
 70
     8
 71
     3
 72
    10
 73
     6
 74
     0
 42
0.00000001
 43
0.00000001
 40
0.0
 40
0.0
 40
0.0
 40
0.0
 40
0.3111918383564866
 40
0.5785182413460381
 40
1.0
 40
1.0
 40
1.0
 40
1.0
 10
24.67809617519379
 20
116.3435283053292
 30
0.0
 10
24.49089901605094
 20
117.382288269498
 30
0.0
 10
24.14289190935994
 20
119.3133851479553
 30
0.0
 10
22.04846454290066
 20
122.0532883030813
 30
0.0
 10
20.09434000212993
 20
123.296291807961
 30
0.0
 10
18.89861106926172
 20
124.0568857329802
 30
0.0
  0
SPLINE
  5
129
330
1F
100
AcDbEntity
  8
0
  6
Continuous
 62
     7
100
AcDbSpline
210
0.0
220
0.0
230
1.0
 70
     8
 71
     3
 72
     9
 73
     5
 74
     0
 42
0.00000001
 43
0.00000001
 40
0.0
 40
0.0
 40
0.0
 40
0.0
 40
0.6725980976867522
 40
1.0
 40
1.0
 40
1.0
 40
1.0
 10
18.898606300354
 20
124.0568857329802
 30
0.0
 10
18.78345771291671
 20
124.4958029602666
 30
0.0
 10
18.61225802051004
 20
125.148372791784
 30
0.0
 10
18.14737407984919
 20
125.6232210459949
 30
0.0
 10
17.99517019332195
 20
125.7786872677337
 30
0.0
  0
SPLINE
  5
12A
330
1F
100
AcDbEntity
  8
0
  6
Continuous
 62
     7
100
AcDbSpline
210
0.0
220
0.0
230
1.0
 70
     8
 71
     3
 72
    12
 73
     8
 74
     0
 42
0.00000001
 43
0.00000001
 40
0.0
 40
0.0
 40
0.0
 40
0.0
 40
0.4784823234343247
 40
0.7196073039518316
 40
0.7589358514482981
 40
0.847466955795571
 40
1.0
 40
1.0
 40
1.0
 40
1.0
 10
14.92689549922943
 20
125.57406664375
 30
0.0
 10
15.22284289100217
 20
125.4391837759875
 30
0.0
 10
15.66792914450593
 20
125.236328430939
 30
0.0
 10
15.78897099816929
 20
124.6339753272341
 30
0.0
 10
16.02919388352692
 20
124.5845513120634
 30
0.0
 10
16.22351588486063
 20
124.5788248302475
 30
0.0
 10
16.30342969369985
 20
124.4252449704754
 30
0.0
 10
16.35399505818665
 20
124.3280675026508
 30
0.0
  0
SPLINE
  5
12B
330
1F
100
AcDbEntity
  8
0
  6
Continuous
 62
     7
100
AcDbSpline
210
0.0
220
0.0
230
1.0
 70
     8
 71
     3
 72
    10
 73
     6
 74
     0
 42
0.00000001
 43
0.00000001
 40
0.0
 40
0.0
 40
0.0
 40
0.0
 40
0.1814077175656481
 40
0.40057977286858
 40
1.0
 40
1.0
 40
1.0
 40
1.0
 10
7.139313966035843
 20
127.249035198287
 30
0.0
 10
7.180917930981646
 20
127.0392840812843
 30
0.0
 10
7.272786717227695
 20
126.5761171557786
 30
0.0
 10
8.12351949321952
 20
125.7352505307873
 30
0.0
 10
8.888820824852527
 20
125.1937337669594
 30
0.0
 10
9.449218360811738
 20
124.7972041287811
 30
0.0
  0
SPLINE
  5
12C
330
1F
100
AcDbEntity
  8
0
  6
Continuous
 62
     7
100
AcDbSpline
210
0.0
220
0.0
230
1.0
 70
     8
 71
     3
 72
     9
 73
     5
 74
     0
 42
0.00000001
 43
0.00000001
 40
0.0
 40
0.0
 40
0.0
 40
0.0
 40
0.5423432660044484
 40
1.0
 40
1.0
 40
1.0
 40
1.0
 10
6.499689072370529
 20
126.4749636078234
 30
0.0
 10
7.399316695980436
 20
125.6563022284691
 30
0.0
 10
9.05809570182602
 20
124.1468128871787
 30
0.0
 10
10.99252308255939
 20
123.0145876779885
 30
0.0
 10
11.87782679977739
 20
122.4964171866031
 30
0.0
  0
SPLINE
  5
12D
330
1F
100
AcDbEntity
  8
0
  6
Continuous
 62
     7
100
AcDbSpline
210
0.0
220
0.0
230
1.0
 70
     8
 71
     3
 72
     9
 73
     5
 74
     0
 42
0.00000001
 43
0.00000001
 40
0.0
 40
0.0
 40
0.0
 40
0.0
 40
0.5472840371698118
 40
1.0
 40
1.0
 40
1.0
 40
1.0
 10
8.112162351608276
 20
125.0197369448788
 30
0.0
 10
8.660156959217089
 20
124.6658852737433
 30
0.0
 10
9.661455316908418
 20
124.0193258144808
 30
0.0
 10
10.75518883099935
 20
123.5469286988155
 30
0.0
 10
11.25033945191067
 20
123.3330669837588
 30
0.0
  0
SPLINE
  5
12E
330
1F
100
AcDbEntity
  8
0
  6
Continuous
 62
     7
100
AcDbSpline
210
0.0
220
0.0
230
1.0
 70
     8
 71
     3
 72
     9
 73
     5
 74
     0
 42
0.00000001
 43
0.00000001
 40
0.0
 40
0.0
 40
0.0
 40
0.0
 40
0.575263133816534
 40
1.0
 40
1.0
 40
1.0
 40
1.0
 10
15.91098308563232
 20
124.6397215094447
 30
0.0
 10
15.65646160806589
 20
124.097143158375
 30
0.0
 10
15.21401803293561
 20
123.1539602579343
 30
0.0
 10
14.44451442121892
 20
122.4576928843738
 30
0.0
 10
14.11767786866152
 20
122.161962462102
 30
0.0
  0
SPLINE
  5
12F
330
1F
100
AcDbEntity
  8
0
  6
Continuous
 62
     7
100
AcDbSpline
210
0.0
220
0.0
230
1.0
 70
     8
 71
     3
 72
    13
 73
     9
 74
     0
 42
0.00000001
 43
0.00000001
 40
0.0
 40
0.0
 40
0.0
 40
0.0
 40
0.1913636186507635
 40
0.4439582049420259
 40
0.6192429569981023
 40
0.6868845954440902
 40
0.8354785860457182
 40
1.0
 40
1.0
 40
1.0
 40
1.0
 10
5.174882709980011
 20
125.3669716516817
 30
0.0
 10
5.953897232554131
 20
124.8631515880559
 30
0.0
 10
7.761188981655864
 20
123.6943032320407
 30
0.0
 10
10.44971723147786
 20
122.3099139958452
 30
0.0
 10
12.52379333906967
 20
121.1803743726617
 30
0.0
 10
14.43469444462784
 20
120.5775018759307
 30
0.0
 10
16.03982996541611
 20
122.227998497858
 30
0.0
 10
16.1518411705807
 20
123.7386645630124
 30
0.0
 10
16.21069564271546
 20
124.5324195601658
 30
0.0
  0
SPLINE
  5
130
330
1F
100
AcDbEntity
  8
0
  6
Continuous
 62
     7
100
AcDbSpline
210
0.0
220
0.0
230
1.0
 70
     8
 71
     3
 72
     9
 73
     5
 74
     0
 42
0.00000001
 43
0.00000001
 40
0.0
 40
0.0
 40
0.0
 40
0.0
 40
0.6054323269616821
 40
1.0
 40
1.0
 40
1.0
 40
1.0
 10
5.174882709980011
 20
125.3669716516817
 30
0.0
 10
5.395047712681261
 20
125.6509813904187
 30
0.0
 10
5.758696947941179
 20
126.1200837592373
 30
0.0
 10
6.290041262371037
 20
126.3745567801219
 30
0.0
 10
6.499692552097765
 20
126.4749636078234
 30
0.0
  0
SPLINE
  5
131
330
1F
100
AcDbEntity
  8
0
  6
Continuous
 62
     7
100
AcDbSpline
210
0.0
220
0.0
230
1.0
 70
     8
 71
     3
 72
     9
 73
     5
 74
     0
 42
0.00000001
 43
0.00000001
 40
0.0
 40
0.0
 40
0.0
 40
0.0
 40
0.5570925690214994
 40
1.0
 40
1.0
 40
1.0
 40
1.0
 10
6.673205643892288
 20
124.1548830047071
 30
0.0
 10
7.9521512569616
 20
123.2740516571653
 30
0.0
 10
10.24790188116344
 20
121.6929296021918
 30
0.0
 10
12.85901540419777
 20
120.7263139185651
 30
0.0
 10
14.01549698667813
 20
120.2981926493865
 30
0.0
  0
SPLINE
  5
132
330
1F
100
AcDbEntity
  8
0
  6
Continuous
 62
     7
100
AcDbSpline
210
0.0
220
0.0
230
1.0
 70
     8
 71
     3
 72
     9
 73
     5
 74
     0
 42
0.00000001
 43
0.00000001
 40
0.0
 40
0.0
 40
0.0
 40
0.0
 40
0.5567146812252128
 40
1.0
 40
1.0
 40
1.0
 40
1.0
 10
14.55925405025482
 20
120.4174717325408
 30
0.0
 10
15.21136398719451
 20
120.9208963969445
 30
0.0
 10
16.38271793012366
 20
121.8251740842075
 30
0.0
 10
16.47808355257068
 20
123.2830261596368
 30
0.0
 10
16.52035773291726
 20
123.92927058162
 30
0.0
  0
SPLINE
  5
133
330
1F
100
AcDbEntity
  8
0
  6
Continuous
 62
     7
100
AcDbSpline
210
0.0
220
0.0
230
1.0
 70
     8
 71
     3
 72
     9
 73
     5
 74
     0
 42
0.00000001
 43
0.00000001
 40
0.0
 40
0.0
 40
0.0
 40
0.0
 40
0.5424707111277716
 40
1.0
 40
1.0
 40
1.0
 40
1.0
 10
6.235849112272263
 20
124.1548830047071
 30
0.0
 10
7.201168310287903
 20
123.3358863080678
 30
0.0
 10
8.98065460920492
 20
121.8261334682571
 30
0.0
 10
11.14382452558308
 20
120.9596835112781
 30
0.0
 10
12.13353811913338
 20
120.5632572786182
 30
0.0
  0
SPLINE
  5
134
330
1F
100
AcDbEntity
  8
0
  6
Continuous
 62
     7
100
AcDbSpline
210
0.0
220
0.0
230
1.0
 70
     8
 71
     3
 72
     9
 73
     5
 74
     0
 42
0.00000001
 43
0.00000001
 40
0.0
 40
0.0
 40
0.0
 40
0.0
 40
0.5185451371635613
 40
1.0
 40
1.0
 40
1.0
 40
1.0
 10
16.52035117149353
 20
123.92927058162
 30
0.0
 10
17.17400030041111
 20
123.6440562819391
 30
0.0
 10
18.43454462350133
 20
123.0940283687643
 30
0.0
 10
18.13713358045905
 20
121.7652908050772
 30
0.0
 10
17.99394358752508
 20
121.1255636436066
 30
0.0
  0
SPLINE
  5
135
330
1F
100
AcDbEntity
  8
0
  6
Continuous
 62
     7
100
AcDbSpline
210
0.0
220
0.0
230
1.0
 70
     8
 71
     3
 72
     9
 73
     5
 74
     0
 42
0.00000001
 43
0.00000001
 40
0.0
 40
0.0
 40
0.0
 40
0.0
 40
0.4925354467831589
 40
0.9999999999999999
 40
0.9999999999999999
 40
0.9999999999999999
 40
0.9999999999999999
 10
17.7379995584488
 20
125.5513817160979
 30
0.0
 10
18.01973209460411
 20
124.8394062089135
 30
0.0
 10
18.59173668431509
 20
123.3938747008069
 30
0.0
 10
18.19518135867619
 20
121.8891553676989
 30
0.0
 10
17.99394358752508
 20
121.1255636436066
 30
0.0
  0
SPLINE
  5
136
330
1F
100
AcDbEntity
  8
0
  6
Continuous
 62
     7
100
AcDbSpline
210
0.0
220
0.0
230
1.0
 70
     8
 71
     3
 72
     9
 73
     5
 74
     0
 42
0.00000001
 43
0.00000001
 40
0.0
 40
0.0
 40
0.0
 40
0.0
 40
0.6188382218622598
 40
1.0
 40
1.0
 40
1.0
 40
1.0
 10
18.50847899913788
 20
125.1280809482818
 30
0.0
 10
18.6489284693018
 20
124.0588636207022
 30
0.0
 10
18.87588515232839
 20
122.3310819650022
 30
0.0
 10
18.237334637274
 20
120.7284581864184
 30
0.0
 10
17.99394358752508
 20
120.1175992572876
 30
0.0
  0
SPLINE
  5
137
330
1F
100
AcDbEntity
  8
0
  6
Continuous
 62
     7
100
AcDbSpline
210
0.0
220
0.0
230
1.0
 70
     8
 71
     3
 72
     9
 73
     5
 74
     0
 42
0.00000001
 43
0.00000001
 40
0.0
 40
0.0
 40
0.0
 40
0.0
 40
0.5652093694370502
 40
1.0
 40
1.0
 40
1.0
 40
1.0
 10
19.0514475107193
 20
123.9292705894841
 30
0.0
 10
19.11207759033155
 20
123.2304289087167
 30
0.0
 10
19.21934771515739
 20
121.9939991562101
 30
0.0
 10
18.8539818719416
 20
120.812080017138
 30
0.0
 10
18.69512422658364
 20
120.2981926493865
 30
0.0
  0
SPLINE
  5
138
330
1F
100
AcDbEntity
  8
0
  6
Continuous
 62
     7
100
AcDbSpline
210
0.0
220
0.0
230
1.0
 70
     8
 71
     3
 72
     9
 73
     5
 74
     0
 42
0.00000001
 43
0.00000001
 40
0.0
 40
0.0
 40
0.0
 40
0.0
 40
0.5859301560674155
 40
1.0
 40
1.0
 40
1.0
 40
1.0
 10
21.25634253025055
 20
122.3546824138462
 30
0.0
 10
21.03365879457523
 20
121.4517072893325
 30
0.0
 10
20.65360712225664
 20
119.910610427935
 30
0.0
 10
19.8885588468717
 20
118.5234292433784
 30
0.0
 10
19.57177542688218
 20
117.9490393467829
 30
0.0
  0
SPLINE
  5
139
330
1F
100
AcDbEntity
  8
0
  6
Continuous
 62
     7
100
AcDbSpline
210
0.0
220
0.0
230
1.0
 70
     8
 71
     3
 72
     9
 73
     5
 74
     0
 42
0.00000001
 43
0.00000001
 40
0.0
 40
0.0
 40
0.0
 40
0.0
 40
0.5676530419170132
 40
1.0
 40
1.0
 40
1.0
 40
1.0
 10
22.85538613796234
 20
120.9715677067371
 30
0.0
 10
22.49662669118237
 20
120.3560660014378
 30
0.0
 10
21.86462189196837
 20
119.271773907766
 30
0.0
 10
21.01665609229762
 20
118.3483003362834
 30
0.0
 10
20.65004065825156
 20
117.9490393467829
 30
0.0
  0
SPLINE
  5
13A
330
1F
100
AcDbEntity
  8
0
  6
Continuous
 62
     7
100
AcDbSpline
210
0.0
220
0.0
230
1.0
 70
     8
 71
     3
 72
     9
 73
     5
 74
     0
 42
0.00000001
 43
0.00000001
 40
0.0
 40
0.0
 40
0.0
 40
0.0
 40
0.608863522134524
 40
1.0
 40
1.0
 40
1.0
 40
1.0
 10
24.40141141414642
 20
116.7081900923306
 30
0.0
 10
23.55010836637264
 20
116.721466057779
 30
0.0
 10
22.15192467359808
 20
116.7432705590603
 30
0.0
 10
21.32924588364036
 20
115.6632488944124
 30
0.0
 10
21.00746619932167
 20
115.2408130244836
 30
0.0
  0
SPLINE
  5
13B
330
1F
100
AcDbEntity
  8
0
  6
Continuous
 62
     7
100
AcDbSpline
210
0.0
220
0.0
230
1.0
 70
     8
 71
     3
 72
     9
 73
     5
 74
     0
 42
0.00000001
 43
0.00000001
 40
0.0
 40
0.0
 40
0.0
 40
0.0
 40
0.6754443026742676
 40
1.0
 40
1.0
 40
1.0
 40
1.0
 10
21.00746333599091
 20
115.2408130244836
 30
0.0
 10
20.72021527679363
 20
115.9957766258491
 30
0.0
 10
20.29494252216384
 20
117.1135055020515
 30
0.0
 10
19.35614152678379
 20
117.8192921901614
 30
0.0
 10
19.05144831507813
 20
118.0483592808842
 30
0.0
  0
SPLINE
  5
13C
330
1F
100
AcDbEntity
  8
0
  6
Continuous
 62
     7
100
AcDbSpline
210
0.0
220
0.0
230
1.0
 70
     8
 71
     3
 72
     9
 73
     5
 74
     0
 42
0.00000001
 43
0.00000001
 40
0.0
 40
0.0
 40
0.0
 40
0.0
 40
0.5310634903391562
 40
1.0
 40
1.0
 40
1.0
 40
1.0
 10
19.0514475107193
 20
118.0483592808842
 30
0.0
 10
19.12242350721415
 20
118.4698238292308
 30
0.0
 10
19.25607230398894
 20
119.2634474844317
 30
0.0
 10
18.87419870106868
 20
119.9678653800654
 30
0.0
 10
18.69512422658364
 20
120.2981926493865
 30
0.0
  0
SPLINE
  5
13D
330
1F
100
AcDbEntity
  8
0
  6
Continuous
 62
     7
100
AcDbSpline
210
0.0
220
0.0
230
1.0
 70
     8
 71
     3
 72
    14
 73
    10
 74
     0
 42
0.00000001
 43
0.00000001
 40
0.0
 40
0.0
 40
0.0
 40
0.0
 40
0.2555913896418234
 40
0.5547260458321325
 40
0.8253334137446591
 40
0.9309625671937175
 40
0.9704012370571508
 40
0.985724698421419
 40
1.0
 40
1.0
 40
1.0
 40
1.0
 10
24.40141141414642
 20
116.0989748975825
 30
0.0
 10
24.05968813215673
 20
116.1808272843217
 30
0.0
 10
23.31802463068835
 20
116.3584766601532
 30
0.0
 10
22.20123736543111
 20
115.8986433731639
 30
0.0
 10
21.6357704120176
 20
115.168893574821
 30
0.0
 10
21.32113770939135
 20
114.6991482077493
 30
0.0
 10
21.18742294832825
 20
114.5330876263556
 30
0.0
 10
21.10978732130206
 20
114.4707011351485
 30
0.0
 10
21.06849761910041
 20
114.4774118007334
 30
0.0
 10
21.04858384932035
 20
114.4806483135296
 30
0.0
  0
SPLINE
  5
13E
330
1F
100
AcDbEntity
  8
0
  6
Continuous
 62
     7
100
AcDbSpline
210
0.0
220
0.0
230
1.0
 70
     8
 71
     3
 72
    12
 73
     8
 74
     0
 42
0.00000001
 43
0.00000001
 40
0.0
 40
0.0
 40
0.0
 40
0.0
 40
0.2339930016234221
 40
0.4870407006422475
 40
0.7772994833672356
 40
0.9233625473265502
 40
1.0
 40
1.0
 40
1.0
 40
1.0
 10
17.99394190311432
 20
121.1255636436066
 30
0.0
 10
17.75819546957655
 20
120.5110256583752
 30
0.0
 10
17.26750511829447
 20
119.2319061598355
 30
0.0
 10
18.81816196932839
 20
117.5800554538354
 30
0.0
 10
19.93220469327102
 20
116.2548263667164
 30
0.0
 10
20.39824612360619
 20
114.9308186234222
 30
0.0
 10
20.88208233001194
 20
114.5959023386015
 30
0.0
 10
21.04858384932036
 20
114.4806483135296
 30
0.0
  0
SPLINE
  5
13F
330
1F
100
AcDbEntity
  8
0
  6
Continuous
 62
     7
100
AcDbSpline
210
0.0
220
0.0
230
1.0
 70
     8
 71
     3
 72
     9
 73
     5
 74
     0
 42
0.00000001
 43
0.00000001
 40
0.0
 40
0.0
 40
0.0
 40
0.0
 40
0.5108939512309444
 40
1.0
 40
1.0
 40
1.0
 40
1.0
 10
17.99394190311432
 20
120.1175992572876
 30
0.0
 10
18.2558702179557
 20
119.8372047551436
 30
0.0
 10
18.76855648916774
 20
119.2883736298811
 30
0.0
 10
18.8558938418039
 20
118.5434965237954
 30
0.0
 10
18.89861106926172
 20
118.1791726256193
 30
0.0
  0
SPLINE
  5
140
330
1F
100
AcDbEntity
  8
0
  6
Continuous
 62
     7
100
AcDbSpline
210
0.0
220
0.0
230
1.0
 70
     8
 71
     3
 72
     9
 73
     5
 74
     0
 42
0.00000001
 43
0.00000001
 40
0.0
 40
0.0
 40
0.0
 40
0.0
 40
0.5335389603098946
 40
0.9999999999999999
 40
0.9999999999999999
 40
0.9999999999999999
 40
0.9999999999999999
 10
16.89574122428894
 20
123.6422447432723
 30
0.0
 10
17.15308572967432
 20
123.3336850959845
 30
0.0
 10
17.63542071273892
 20
122.7553587313858
 30
0.0
 10
17.78396809814141
 20
122.0191565511969
 30
0.0
 10
17.85325966597951
 20
121.6757469168038
 30
0.0
  0
SPLINE
  5
141
330
1F
100
AcDbEntity
  8
0
  6
Continuous
 62
     7
100
AcDbSpline
210
0.0
220
0.0
230
1.0
 70
     8
 71
     3
 72
    11
 73
     7
 74
     0
 42
0.00000001
 43
0.00000001
 40
0.0
 40
0.0
 40
0.0
 40
0.0
 40
0.5226596269241408
 40
0.6763609129994884
 40
0.8295485323561593
 40
1.0
 40
1.0
 40
1.0
 40
1.0
 10
8.857659995555878
 20
120.2580147453568
 30
0.0
 10
10.39889352424169
 20
119.5152170248662
 30
0.0
 10
12.39336576374119
 20
118.5539808426083
 30
0.0
 10
15.44884412750145
 20
117.7255409548025
 30
0.0
 10
16.51115846423248
 20
119.2219677034378
 30
0.0
 10
17.24355820244894
 20
120.0050464903602
 30
0.0
 10
17.62929223549782
 20
120.4174717315408
 30
0.0
  0
SPLINE
  5
142
330
1F
100
AcDbEntity
  8
0
  6
Continuous
 62
     7
100
AcDbSpline
210
0.0
220
0.0
230
1.0
 70
     8
 71
     3
 72
    11
 73
     7
 74
     0
 42
0.00000001
 43
0.00000001
 40
0.0
 40
0.0
 40
0.0
 40
0.0
 40
0.4543597642994605
 40
0.6006576532973734
 40
0.6851331500356365
 40
1.0
 40
1.0
 40
1.0
 40
1.0
 10
9.08174365758896
 20
119.551238652194
 30
0.0
 10
10.50041689373087
 20
118.9893621867089
 30
0.0
 10
12.37588431794398
 20
118.2465688636213
 30
0.0
 10
14.41539083284643
 20
117.1192201566326
 30
0.0
 10
16.36215081401604
 20
117.0957799365922
 30
0.0
 10
17.0404984595336
 20
118.4851686159757
 30
0.0
 10
17.57535079384891
 20
119.5806508268303
 30
0.0
  0
SPLINE
  5
143
330
1F
100
AcDbEntity
  8
0
  6
Continuous
 62
     7
100
AcDbSpline
210
0.0
220
0.0
230
1.0
 70
     8
 71
     3
 72
     9
 73
     5
 74
     0
 42
0.00000001
 43
0.00000001
 40
0.0
 40
0.0
 40
0.0
 40
0.0
 40
0.5284851651808716
 40
1.0
 40
1.0
 40
1.0
 40
1.0
 10
14.55925405025482
 20
119.309681755626
 30
0.0
 10
14.67952649522048
 20
119.0784976953593
 30
0.0
 10
14.90710609989016
 20
118.6410510544728
 30
0.0
 10
15.00320001471173
 20
118.157781135652
 30
0.0
 10
15.04850972108595
 20
117.9299121997062
 30
0.0
  0
SPLINE
  5
144
330
1F
100
AcDbEntity
  8
0
  6
Continuous
 62
     7
100
AcDbSpline
210
0.0
220
0.0
230
1.0
 70
     8
 71
     3
 72
    15
 73
    11
 74
     0
 42
0.00000001
 43
0.00000001
 40
0.0
 40
0.0
 40
0.0
 40
0.0
 40
0.1959748331774482
 40
0.3131256161593289
 40
0.3585206032531345
 40
0.3841528241264338
 40
0.4269871760814368
 40
0.4792004549188736
 40
0.6145428087829009
 40
1.0
 40
1.0
 40
1.0
 40
1.0
 10
18.898606300354
 20
117.4972437413828
 30
0.0
 10
18.48353325590458
 20
116.6500677441626
 30
0.0
 10
17.82033584077183
 20
115.2964627846688
 30
0.0
 10
17.03172560700432
 20
113.845904810911
 30
0.0
 10
16.57679420270999
 20
112.9831299272622
 30
0.0
 10
15.97747807279346
 20
112.9044705924003
 30
0.0
 10
15.5296851796696
 20
113.3296680501902
 30
0.0
 10
14.67450304995871
 20
113.9870142140445
 30
0.0
 10
12.54669562762401
 20
115.7419826037764
 30
0.0
 10
10.31096638306776
 20
116.8450675941046
 30
0.0
 10
8.656245438958003
 20
117.6614892789189
 30
0.0
  0
SPLINE
  5
145
330
1F
100
AcDbEntity
  8
0
  6
Continuous
 62
     7
100
AcDbSpline
210
0.0
220
0.0
230
1.0
 70
     8
 71
     3
 72
     9
 73
     5
 74
     0
 42
0.00000001
 43
0.00000001
 40
0.0
 40
0.0
 40
0.0
 40
0.0
 40
0.520390798386835
 40
1.0
 40
1.0
 40
1.0
 40
1.0
 10
15.26780426502228
 20
117.0513325706672
 30
0.0
 10
15.5308039829575
 20
116.3578591990851
 30
0.0
 10
16.03619285368793
 20
115.0252580583046
 30
0.0
 10
16.17743000460875
 20
113.6077267220585
 30
0.0
 10
16.2451686418
 20
112.9278656496198
 30
0.0
  0
SPLINE
  5
146
330
1F
100
AcDbEntity
  8
0
  6
Continuous
 62
     7
100
AcDbSpline
210
0.0
220
0.0
230
1.0
 70
     8
 71
     3
 72
    10
 73
     6
 74
     0
 42
0.00000001
 43
0.00000001
 40
0.0
 40
0.0
 40
0.0
 40
0.0
 40
0.2369168395030366
 40
0.5324012395227528
 40
1.0
 40
1.0
 40
1.0
 40
1.0
 10
19.49618756771088
 20
116.797428127188
 30
0.0
 10
19.72234766035938
 20
116.2064211871794
 30
0.0
 10
20.23057626035763
 20
114.8783061064315
 30
0.0
 10
20.20070401848092
 20
112.1875574971753
 30
0.0
 10
20.03862596006164
 20
110.1788844191842
 30
0.0
 10
19.93930847654116
 20
108.948018518722
 30
0.0
  0
SPLINE
  5
147
330
1F
100
AcDbEntity
  8
0
  6
Continuous
 62
     7
100
AcDbSpline
210
0.0
220
0.0
230
1.0
 70
     8
 71
     3
 72
     9
 73
     5
 74
     0
 42
0.00000001
 43
0.00000001
 40
0.0
 40
0.0
 40
0.0
 40
0.0
 40
0.5525239676200572
 40
1.0
 40
1.0
 40
1.0
 40
1.0
 10
16.99136197566986
 20
113.7393609337999
 30
0.0
 10
17.42274727888575
 20
112.8300593336307
 30
0.0
 10
18.20350128866028
 20
111.1843359741791
 30
0.0
 10
19.41959897420075
 20
109.8317669399814
 30
0.0
 10
19.96377354151283
 20
109.2265247150387
 30
0.0
  0
SPLINE
  5
148
330
1F
100
AcDbEntity
  8
0
  6
Continuous
 62
     7
100
AcDbSpline
210
0.0
220
0.0
230
1.0
 70
     8
 71
     3
 72
    10
 73
     6
 74
     0
 42
0.00000001
 43
0.00000001
 40
0.0
 40
0.0
 40
0.0
 40
0.0
 40
0.2792457779651734
 40
0.5364020955308964
 40
0.9999999999999999
 40
0.9999999999999999
 40
0.9999999999999999
 40
0.9999999999999999
 10
14.55925405025482
 20
114.0978546718774
 30
0.0
 10
14.05814525389692
 20
113.0727006290012
 30
0.0
 10
13.09556737567788
 20
111.1034863373913
 30
0.0
 10
9.61951604004592
 20
108.6504042874797
 30
0.0
 10
6.621260333055112
 20
108.7061228231795
 30
0.0
 10
4.69274570167456
 20
108.7419616647718
 30
0.0
  0
SPLINE
  5
149
330
1F
100
AcDbEntity
  8
0
  6
Continuous
 62
     7
100
AcDbSpline
210
0.0
220
0.0
230
1.0
 70
     8
 71
     3
 72
    10
 73
     6
 74
     0
 42
0.00000001
 43
0.00000001
 40
0.0
 40
0.0
 40
0.0
 40
0.0
 40
0.3012204444962603
 40
0.5323363173221443
 40
1.0
 40
1.0
 40
1.0
 40
1.0
 10
7.378172129392624
 20
121.2417931249734
 30
0.0
 10
7.817396862777484
 20
121.0894040353635
 30
0.0
 10
8.593623315261189
 20
120.8200921468603
 30
0.0
 10
9.33373715863314
 20
119.3698088875838
 30
0.0
 10
8.927873120645245
 20
118.3464081958689
 30
0.0
 10
8.656245438958003
 20
117.6614892789189
 30
0.0
  0
SPLINE
  5
14A
330
1F
100
AcDbEntity
  8
0
  6
Continuous
 62
     7
100
AcDbSpline
210
0.0
220
0.0
230
1.0
 70
     8
 71
     3
 72
    13
 73
     9
 74
     0
 42
0.00000001
 43
0.00000001
 40
0.0
 40
0.0
 40
0.0
 40
0.0
 40
0.1973332533015324
 40
0.3329931165287672
 40
0.5320996729731149
 40
0.6096278746661065
 40
0.7026635560608482
 40
1.0
 40
1.0
 40
1.0
 40
1.0
 10
8.656240999698639
 20
117.6614892789189
 30
0.0
 10
8.152141561704633
 20
117.3641249983438
 30
0.0
 10
7.301490999320582
 20
116.8623329441596
 30
0.0
 10
7.224606367552173
 20
115.3414268050994
 30
0.0
 10
6.576938799416395
 20
114.2370814866665
 30
0.0
 10
5.495553016074786
 20
114.0304895492825
 30
0.0
 10
4.425253459298369
 20
114.8507546599732
 30
0.0
 10
3.373525276494482
 20
115.0721680893844
 30
0.0
 10
2.572450871917004
 20
115.2408130244836
 30
0.0
  0
SPLINE
  5
14B
330
1F
100
AcDbEntity
  8
0
  6
Continuous
 62
     7
100
AcDbSpline
210
0.0
220
0.0
230
1.0
 70
     8
 71
     3
 72
     9
 73
     5
 74
     0
 42
0.00000001
 43
0.00000001
 40
0.0
 40
0.0
 40
0.0
 40
0.0
 40
0.5403245621598832
 40
1.0
 40
1.0
 40
1.0
 40
1.0
 10
1.367342658340931
 20
126.2180675755178
 30
0.0
 10
2.678760144390292
 20
125.5308099277735
 30
0.0
 10
5.105852262518563
 20
124.2588750651474
 30
0.0
 10
6.536624843237397
 20
121.9340106443574
 30
0.0
 10
7.194315855728957
 20
120.8653275738119
 30
0.0
  0
SPLINE
  5
14C
330
1F
100
AcDbEntity
  8
0
  6
Continuous
 62
     7
100
AcDbSpline
210
0.0
220
0.0
230
1.0
 70
     8
 71
     3
 72
    12
 73
     8
 74
     0
 42
0.00000001
 43
0.00000001
 40
0.0
 40
0.0
 40
0.0
 40
0.0
 40
0.0665204817583346
 40
0.1518408323615771
 40
0.38956215880605
 40
0.6871849344314046
 40
1.0
 40
1.0
 40
1.0
 40
1.0
 10
0.320307444781065
 20
124.4959122667179
 30
0.0
 10
0.5457072460489525
 20
124.5947205036492
 30
0.0
 10
1.060208833138885
 20
124.8202619390575
 30
0.0
 10
2.474389968586451
 20
124.3759027797446
 30
0.0
 10
4.277810428613424
 20
123.0714760630677
 30
0.0
 10
6.35936052058559
 20
120.7572221634239
 30
0.0
 10
7.190532771807119
 20
118.7103805178807
 30
0.0
 10
7.616461809489516
 20
117.6614892789189
 30
0.0
  0
SPLINE
  5
14D
330
1F
100
AcDbEntity
  8
0
  6
Continuous
 62
     7
100
AcDbSpline
210
0.0
220
0.0
230
1.0
 70
     8
 71
     3
 72
    10
 73
     6
 74
     0
 42
0.00000001
 43
0.00000001
 40
0.0
 40
0.0
 40
0.0
 40
0.0
 40
0.3700518930148619
 40
0.6740399778129246
 40
1.0
 40
1.0
 40
1.0
 40
1.0
 10
6.235849112272263
 20
117.4972437413828
 30
0.0
 10
5.414331019286879
 20
118.4413293403043
 30
0.0
 10
3.917957003584856
 20
120.1609569064982
 30
0.0
 10
1.144576764284132
 20
122.2650151641519
 30
0.0
 10
-0.9915529027840618
 20
122.625052425773
 30
0.0
 10
-2.096870731270601
 20
122.8113499199395
 30
0.0
  0
SPLINE
  5
14E
330
1F
100
AcDbEntity
  8
0
  6
Continuous
 62
     7
100
AcDbSpline
210
0.0
220
0.0
230
1.0
 70
     8
 71
     3
 72
    10
 73
     6
 74
     0
 42
0.00000001
 43
0.00000001
 40
0.0
 40
0.0
 40
0.0
 40
0.0
 40
0.6422961704954055
 40
0.8701986101321292
 40
1.0
 40
1.0
 40
1.0
 40
1.0
 10
4.084296524524689
 20
117.6614892789189
 30
0.0
 10
2.499667877983803
 20
118.7578415532612
 30
0.0
 10
0.3527741097524678
 20
120.2432065128748
 30
0.0
 10
-2.656145918305221
 20
121.0191573366642
 30
0.0
 10
-3.702241350208761
 20
120.7458084402148
 30
0.0
 10
-4.08184209751853
 20
120.6466172553535
 30
0.0
  0
SPLINE
  5
14F
330
1F
100
AcDbEntity
  8
0
  6
Continuous
 62
     7
100
AcDbSpline
210
0.0
220
0.0
230
1.0
 70
     8
 71
     3
 72
    15
 73
    11
 74
     0
 42
0.00000001
 43
0.00000001
 40
0.0
 40
0.0
 40
0.0
 40
0.0
 40
0.0613152335101078
 40
0.1318571874572738
 40
0.2882132589533638
 40
0.5007506664632282
 40
0.5336199155610348
 40
0.5743146369996807
 40
0.6976300113232671
 40
1.0
 40
1.0
 40
1.0
 40
1.0
 10
7.601514458656311
 20
117.7131528917081
 30
0.0
 10
7.461759292129637
 20
117.7131570586323
 30
0.0
 10
7.161218592275781
 20
117.7131660195199
 30
0.0
 10
6.722331423912265
 20
117.1992766062854
 30
0.0
 10
6.271279864909123
 20
116.3806638929025
 30
0.0
 10
6.393325631881267
 20
115.3025386275287
 30
0.0
 10
5.814315068884451
 20
114.968267182438
 30
0.0
 10
5.374523908633781
 20
115.0879705782824
 30
0.0
 10
4.572658299573212
 20
115.7215191410117
 30
0.0
 10
3.633570357512772
 20
115.88557729749
 30
0.0
 10
2.966523672125428
 20
116.0021099932985
 30
0.0
  0
SPLINE
  5
150
330
1F
100
AcDbEntity
  8
0
  6
Continuous
 62
     7
100
AcDbSpline
210
0.0
220
0.0
230
1.0
 70
     8
 71
     3
 72
     9
 73
     5
 74
     0
 42
0.00000001
 43
0.00000001
 40
0.0
 40
0.0
 40
0.0
 40
0.0
 40
0.4230750383471339
 40
1.0
 40
1.0
 40
1.0
 40
1.0
 10
7.378172129392624
 20
121.2417931249734
 30
0.0
 10
7.258379026481975
 20
120.7312242384563
 30
0.0
 10
6.975230430954674
 20
119.5244196760511
 30
0.0
 10
7.38186447767731
 20
118.3430505922746
 30
0.0
 10
7.616461809489517
 20
117.6614892789189
 30
0.0
  0
SPLINE
  5
151
330
1F
100
AcDbEntity
  8
0
  6
Continuous
 62
     7
100
AcDbSpline
210
0.0
220
0.0
230
1.0
 70
    11
 71
     3
 72
    17
 73
    13
 74
     0
 42
0.00000001
 43
0.00000001
 40
0.0
 40
0.0
 40
0.0
 40
0.0
 40
0.0903924056302401
 40
0.2125763063337354
 40
0.3409285163588301
 40
0.4438905193022713
 40
0.4941993478436806
 40
0.5411575130066104
 40
0.7213122011219674
 40
0.9089586224904611
 40
0.9555944435766164
 40
1.0
 40
1.0
 40
1.0
 40
1.0
 10
7.783118635416032
 20
120.6466172553529
 30
0.0
 10
7.704688827310694
 20
120.572632419142
 30
0.0
 10
7.520245025895605
 20
120.3986418820303
 30
0.0
 10
7.448196528118755
 20
119.9783162574607
 30
0.0
 10
7.511893426916242
 20
119.5764014192912
 30
0.0
 10
7.691559934535089
 20
119.2560985118755
 30
0.0
 10
7.945379705180895
 20
119.2141648597405
 30
0.0
 10
8.234058400195885
 20
119.4025629848447
 30
0.0
 10
8.302658147885326
 20
119.9446205192317
 30
0.0
 10
8.211584601127322
 20
120.4373139399639
 30
0.0
 10
7.947439148147573
 20
120.6728434145781
 30
0.0
 10
7.83699076668074
 20
120.6552153620758
 30
0.0
 10
7.783119417528721
 20
120.6466172553529
 30
0.0
  0
SPLINE
  5
152
330
1F
100
AcDbEntity
  8
0
  6
Continuous
 62
     7
100
AcDbSpline
210
0.0
220
0.0
230
1.0
 70
     8
 71
     3
 72
    12
 73
     8
 74
     0
 42
0.00000001
 43
0.00000001
 40
0.0
 40
0.0
 40
0.0
 40
0.0
 40
0.3997810249310591
 40
0.6501478775232055
 40
0.8062553929862931
 40
0.8615509296027775
 40
1.0
 40
1.0
 40
1.0
 40
1.0
 10
2.881426364183426
 20
115.8377146227096
 30
0.0
 10
1.837701040676192
 20
116.1422991626015
 30
0.0
 10
0.1403323276101651
 20
116.6376328072416
 30
0.0
 10
-2.133896440641159
 20
116.4472376002848
 30
0.0
 10
-3.189744031866012
 20
115.7135903078261
 30
0.0
 10
-4.192388071226879
 20
115.6686091698285
 30
0.0
 10
-4.536316266181537
 20
116.1322018805436
 30
0.0
 10
-4.782085888411578
 20
116.463483255704
 30
0.0
  0
SPLINE
  5
153
330
1F
100
AcDbEntity
  8
0
  6
Continuous
 62
     7
100
AcDbSpline
210
0.0
220
0.0
230
1.0
 70
     8
 71
     3
 72
    14
 73
    10
 74
     0
 42
0.00000001
 43
0.00000001
 40
0.0
 40
0.0
 40
0.0
 40
0.0
 40
0.1041605800422453
 40
0.1561568454258966
 40
0.1841684430166874
 40
0.2243952029106617
 40
0.3959005276855157
 40
0.6562644716768153
 40
1.0
 40
1.0
 40
1.0
 40
1.0
 10
-4.530958831310272
 20
116.0021099932985
 30
0.0
 10
-4.377755659723687
 20
115.7772265335632
 30
0.0
 10
-4.148074488838304
 20
115.4400827537716
 30
0.0
 10
-3.91750569765449
 20
115.0019265000951
 30
0.0
 10
-3.603643409385817
 20
114.8544514689584
 30
0.0
 10
-3.016556981646854
 20
115.1984328495171
 30
0.0
 10
-1.904453051052193
 20
115.6351495425346
 30
0.0
 10
0.1740495183829369
 20
116.0526206900656
 30
0.0
 10
1.702662611477759
 20
115.5352177854789
 30
0.0
 10
2.572450871917013
 20
115.2408130244837
 30
0.0
  0
SPLINE
  5
154
330
1F
100
AcDbEntity
  8
0
  6
Continuous
 62
     7
100
AcDbSpline
210
0.0
220
0.0
230
1.0
 70
     8
 71
     3
 72
    12
 73
     8
 74
     0
 42
0.00000001
 43
0.00000001
 40
0.0
 40
0.0
 40
0.0
 40
0.0
 40
0.2585733149835311
 40
0.38532495695578
 40
0.4977463095405286
 40
0.7386606026670739
 40
1.0
 40
1.0
 40
1.0
 40
1.0
 10
3.288157284259796
 20
115.4729286879344
 30
0.0
 10
3.805249638551142
 20
115.350888237087
 30
0.0
 10
4.57581867106003
 20
115.1690240278099
 30
0.0
 10
5.398821472833479
 20
114.5231479534573
 30
0.0
 10
6.510749970113907
 20
114.6663981759568
 30
0.0
 10
6.783299427342286
 20
116.1214530819765
 30
0.0
 10
7.331312351863705
 20
116.9536007167261
 30
0.0
 10
7.616461809489518
 20
117.3865949694084
 30
0.0
  0
SPLINE
  5
155
330
1F
100
AcDbEntity
  8
0
  6
Continuous
 62
     7
100
AcDbSpline
210
0.0
220
0.0
230
1.0
 70
     8
 71
     3
 72
     9
 73
     5
 74
     0
 42
0.00000001
 43
0.00000001
 40
0.0
 40
0.0
 40
0.0
 40
0.0
 40
0.5841971162980883
 40
1.0
 40
1.0
 40
1.0
 40
1.0
 10
8.656240999698639
 20
117.6614892789189
 30
0.0
 10
8.441896514013909
 20
117.9366662880966
 30
0.0
 10
8.07499212557225
 20
118.4077008096661
 30
0.0
 10
7.98400030758885
 20
118.9935335054336
 30
0.0
 10
7.94616564727807
 20
119.2371244297006
 30
0.0
  0
SPLINE
  5
156
330
1F
100
AcDbEntity
  8
0
  6
Continuous
 62
     7
100
AcDbSpline
210
0.0
220
0.0
230
1.0
 70
     8
 71
     3
 72
    10
 73
     6
 74
     0
 42
0.00000001
 43
0.00000001
 40
0.0
 40
0.0
 40
0.0
 40
0.0
 40
0.7257477441161584
 40
0.8352707360131515
 40
1.0
 40
1.0
 40
1.0
 40
1.0
 10
7.601514458656311
 20
118.989228594841
 30
0.0
 10
7.796668209500082
 20
118.5821386192341
 30
0.0
 10
8.021272720398727
 20
118.1136144711324
 30
0.0
 10
7.865586395145304
 20
117.5066640709844
 30
0.0
 10
7.709946632377268
 20
117.4316512960073
 30
0.0
 10
7.616461809489517
 20
117.3865949694084
 30
0.0
  0
SPLINE
  5
157
330
1F
100
AcDbEntity
  8
0
  6
Continuous
 62
     7
100
AcDbSpline
210
0.0
220
0.0
230
1.0
 70
     8
 71
     3
 72
     9
 73
     5
 74
     0
 42
0.00000001
 43
0.00000001
 40
0.0
 40
0.0
 40
0.0
 40
0.0
 40
0.5015103047618767
 40
1.0
 40
1.0
 40
1.0
 40
1.0
 10
2.881426364183426
 20
110.1774107453675
 30
0.0
 10
4.282277684866686
 20
110.8768131206318
 30
0.0
 10
7.075542962533118
 20
112.271405352583
 30
0.0
 10
7.436518980958447
 20
115.3710877138035
 30
0.0
 10
7.616461806371562
 20
116.9162474293833
 30
0.0
  0
SPLINE
  5
158
330
1F
100
AcDbEntity
  8
0
  6
Continuous
 62
     7
100
AcDbSpline
210
0.0
220
0.0
230
1.0
 70
     8
 71
     3
 72
    11
 73
     7
 74
     0
 42
0.00000001
 43
0.00000001
 40
0.0
 40
0.0
 40
0.0
 40
0.0
 40
0.2604815978653386
 40
0.4888815505983843
 40
0.7060814545730197
 40
1.0
 40
1.0
 40
1.0
 40
1.0
 10
2.572450786828995
 20
109.5798179578056
 30
0.0
 10
3.480977506388438
 20
109.8097661336961
 30
0.0
 10
5.186134243210601
 20
110.2413414223458
 30
0.0
 10
7.070651624565992
 20
112.0799859113824
 30
0.0
 10
7.946550183193962
 20
114.6010033669591
 30
0.0
 10
8.150478920161472
 20
116.4038685555503
 30
0.0
 10
8.267748092914724
 20
117.4406057628494
 30
0.0
  0
SPLINE
  5
159
330
1F
100
AcDbEntity
  8
0
  6
Continuous
 62
     7
100
AcDbSpline
210
0.0
220
0.0
230
1.0
 70
     8
 71
     3
 72
     9
 73
     5
 74
     0
 42
0.00000001
 43
0.00000001
 40
0.0
 40
0.0
 40
0.0
 40
0.0
 40
0.6090267616924707
 40
1.0
 40
1.0
 40
1.0
 40
1.0
 10
8.47015529870987
 20
116.9162474293832
 30
0.0
 10
8.257199067775693
 20
114.9496434299901
 30
0.0
 10
7.907532609207641
 20
111.7205505180006
 30
0.0
 10
5.158928077447114
 20
110.1815327272631
 30
0.0
 10
4.084297262837951
 20
109.5798179578056
 30
0.0
  0
SPLINE
  5
15A
330
1F
100
AcDbEntity
  8
0
  6
Continuous
 62
     7
100
AcDbSpline
210
0.0
220
0.0
230
1.0
 70
     8
 71
     3
 72
     9
 73
     5
 74
     0
 42
0.00000001
 43
0.00000001
 40
0.0
 40
0.0
 40
0.0
 40
0.0
 40
0.5891057266676576
 40
1.0
 40
1.0
 40
1.0
 40
1.0
 10
10.04652678966522
 20
111.4030315198503
 30
0.0
 10
8.97087781528095
 20
110.6849296406094
 30
0.0
 10
7.144976409655853
 20
109.4659601980564
 30
0.0
 10
4.975657840101388
 20
109.5466592000307
 30
0.0
 10
4.084297262837951
 20
109.5798179578056
 30
0.0
  0
SPLINE
  5
15B
330
1F
100
AcDbEntity
  8
0
  6
Continuous
 62
     7
100
AcDbSpline
210
0.0
220
0.0
230
1.0
 70
     8
 71
     3
 72
    19
 73
    15
 74
     0
 42
0.00000001
 43
0.00000001
 40
0.0
 40
0.0
 40
0.0
 40
0.0
 40
0.0831740839022583
 40
0.1194972489936623
 40
0.1320362362415288
 40
0.1454894058470066
 40
0.1901343243822326
 40
0.3902735278296758
 40
0.6177659046774631
 40
0.7861601615228431
 40
0.8582000046794117
 40
0.8777008178676784
 40
0.9008336172373773
 40
1.0
 40
1.0
 40
1.0
 40
1.0
 10
-4.410125315189362
 20
114.4091452378451
 30
0.0
 10
-4.273649861765191
 20
114.2570341033691
 30
0.0
 10
-4.077573867005624
 20
114.0384941296372
 30
0.0
 10
-3.895228235693036
 20
113.7655075837233
 30
0.0
 10
-3.746528374008401
 20
113.6933709329393
 30
0.0
 10
-3.577478772888922
 20
113.7733561909895
 30
0.0
 10
-3.179218599730524
 20
114.268572933096
 30
0.0
 10
-2.009918702551701
 20
114.7151567994497
 30
0.0
 10
-0.5519452089095842
 20
114.7228312311861
 30
0.0
 10
0.5981205118675821
 20
114.7019312415093
 30
0.0
 10
1.235928829602247
 20
114.571798675258
 30
0.0
 10
1.519267702812537
 20
114.6870841996016
 30
0.0
 10
1.59961436849325
 20
115.0541417696791
 30
0.0
 10
1.658473408235454
 20
115.3403053544741
 30
0.0
 10
1.706199304372688
 20
115.5723413099704
 30
0.0
  0
SPLINE
  5
15C
330
1F
100
AcDbEntity
  8
0
  6
Continuous
 62
     7
100
AcDbSpline
210
0.0
220
0.0
230
1.0
 70
     8
 71
     3
 72
     9
 73
     5
 74
     0
 42
0.00000001
 43
0.00000001
 40
0.0
 40
0.0
 40
0.0
 40
0.0
 40
0.5039308402540928
 40
0.9999999999999999
 40
0.9999999999999999
 40
0.9999999999999999
 40
0.9999999999999999
 10
0.320307444781065
 20
112.9278656496198
 30
0.0
 10
0.313480856052978
 20
113.2493323737501
 30
0.0
 10
0.2999341782496415
 20
113.887250711846
 30
0.0
 10
0.6916262809077708
 20
114.3904631113577
 30
0.0
 10
0.8859326531524968
 20
114.6400912635572
 30
0.0
  0
SPLINE
  5
15D
330
1F
100
AcDbEntity
  8
0
  6
Continuous
 62
     7
100
AcDbSpline
210
0.0
220
0.0
230
1.0
 70
     8
 71
     3
 72
     9
 73
     5
 74
     0
 42
0.00000001
 43
0.00000001
 40
0.0
 40
0.0
 40
0.0
 40
0.0
 40
0.5594981136918836
 40
1.0
 40
1.0
 40
1.0
 40
1.0
 10
0.320307444781065
 20
112.9278656496198
 30
0.0
 10
-0.5388705642250695
 20
113.1159310910245
 30
0.0
 10
-2.074493273186131
 20
113.4520634868314
 30
0.0
 10
-3.467999830456852
 20
112.754850726787
 30
0.0
 10
-4.081842097517333
 20
112.4477271908294
 30
0.0
  0
SPLINE
  5
15E
330
1F
100
AcDbEntity
  8
0
  6
Continuous
 62
     7
100
AcDbSpline
210
0.0
220
0.0
230
1.0
 70
     8
 71
     3
 72
     9
 73
     5
 74
     0
 42
0.00000001
 43
0.00000001
 40
0.0
 40
0.0
 40
0.0
 40
0.0
 40
0.5462979253184296
 40
1.0
 40
1.0
 40
1.0
 40
1.0
 10
-4.081841558218003
 20
112.4477271908294
 30
0.0
 10
-4.20220489159147
 20
112.4977490693598
 30
0.0
 10
-4.422530336362853
 20
112.589314268882
 30
0.0
 10
-4.583493720603717
 20
112.7645102630385
 30
0.0
 10
-4.656523141981564
 20
112.8439970490633
 30
0.0
  0
LWPOLYLINE
  5
15F
330
1F
100
AcDbEntity
  8
0
  6
Continuous
 62
     7
100
AcDbPolyline
 90
        3
 70
   128
 43
0.0
 10
-0.5920208059
 20
113.0952801534
 10
-0.5621388175
 20
113.0908530956
 10
-0.5386599318
 20
113.087374693
  0
SPLINE
  5
160
330
1F
100
AcDbEntity
  8
0
  6
Continuous
 62
     7
100
AcDbSpline
210
0.0
220
0.0
230
1.0
 70
     8
 71
     3
 72
    14
 73
    10
 74
     0
 42
0.00000001
 43
0.00000001
 40
0.0
 40
0.0
 40
0.0
 40
0.0
 40
0.3481865026354116
 40
0.4956177419215984
 40
0.528608460176518
 40
0.541138533888881
 40
0.5529101446092278
 40
0.6637195148182634
 40
1.0
 40
1.0
 40
1.0
 40
1.0
 10
-5.130715668201447
 20
110.5917469774195
 30
0.0
 10
-4.327355808141729
 20
110.8071699020413
 30
0.0
 10
-3.183832447013156
 20
111.1138085070735
 30
0.0
 10
-2.172507507107677
 20
109.9456628576719
 30
0.0
 10
-1.782424918018735
 20
110.1845679717226
 30
0.0
 10
-1.656753332565492
 20
110.2070732337474
 30
0.0
 10
-1.401113231893794
 20
110.3803333275784
 30
0.0
 10
-1.483022426435947
 20
111.57281132656
 30
0.0
 10
-1.110441509886135
 20
112.4598980403915
 30
0.0
 10
-0.830203231436902
 20
113.1271239837419
 30
0.0
  0
SPLINE
  5
161
330
1F
100
AcDbEntity
  8
0
  6
Continuous
 62
     7
100
AcDbSpline
210
0.0
220
0.0
230
1.0
 70
     8
 71
     3
 72
     9
 73
     5
 74
     0
 42
0.00000001
 43
0.00000001
 40
0.0
 40
0.0
 40
0.0
 40
0.0
 40
0.5434399443026973
 40
1.0
 40
1.0
 40
1.0
 40
1.0
 10
2.572450786828995
 20
109.5798179578056
 30
0.0
 10
1.93093295754209
 20
110.0855478730003
 30
0.0
 10
0.7504569251627359
 20
111.0161565271793
 30
0.0
 10
-0.636202399851483
 20
111.5922301232131
 30
0.0
 10
-1.269295658513159
 20
111.8552423163041
 30
0.0
  0
SPLINE
  5
162
330
1F
100
AcDbEntity
  8
0
  6
Continuous
 62
     7
100
AcDbSpline
210
0.0
220
0.0
230
1.0
 70
     8
 71
     3
 72
    11
 73
     7
 74
     0
 42
0.00000001
 43
0.00000001
 40
0.0
 40
0.0
 40
0.0
 40
0.0
 40
0.3248975624443021
 40
0.544363001560744
 40
0.7029437834700637
 40
1.0
 40
1.0
 40
1.0
 40
1.0
 10
4.446525126695633
 20
113.9905915383369
 30
0.0
 10
4.361813339364061
 20
113.4627482416348
 30
0.0
 10
4.219879486513763
 20
112.5783514515057
 30
0.0
 10
3.435707613420597
 20
111.692813786964
 30
0.0
 10
3.293656715964162
 20
110.5831166713155
 30
0.0
 10
2.857080353239883
 20
109.9757775784816
 30
0.0
 10
2.572450871917012
 20
109.5798179578056
 30
0.0
  0
SPLINE
  5
163
330
1F
100
AcDbEntity
  8
0
  6
Continuous
 62
     7
100
AcDbSpline
210
0.0
220
0.0
230
1.0
 70
     8
 71
     3
 72
     9
 73
     5
 74
     0
 42
0.00000001
 43
0.00000001
 40
0.0
 40
0.0
 40
0.0
 40
0.0
 40
0.6759246646258574
 40
1.0
 40
1.0
 40
1.0
 40
1.0
 10
2.572450786828995
 20
109.5798179578056
 30
0.0
 10
2.529331907940788
 20
109.2235845325298
 30
0.0
 10
2.465539474930411
 20
108.6965532760612
 30
0.0
 10
2.093558534483982
 20
108.3373623486008
 30
0.0
 10
1.973008686456016
 20
108.2209574283207
 30
0.0
  0
SPLINE
  5
164
330
1F
100
AcDbEntity
  8
0
  6
Continuous
 62
     7
100
AcDbSpline
210
0.0
220
0.0
230
1.0
 70
     8
 71
     3
 72
     9
 73
     5
 74
     0
 42
0.00000001
 43
0.00000001
 40
0.0
 40
0.0
 40
0.0
 40
0.0
 40
0.4683796053683177
 40
1.0
 40
1.0
 40
1.0
 40
1.0
 10
3.123769536614418
 20
114.4091452378451
 30
0.0
 10
3.177715386514905
 20
113.9404556093014
 30
0.0
 10
3.292890875118995
 20
112.9397937035058
 30
0.0
 10
3.363165309200602
 20
111.9349583866603
 30
0.0
 10
3.400524631579585
 20
111.400767438979
 30
0.0
  0
SPLINE
  5
165
330
1F
100
AcDbEntity
  8
0
  6
Continuous
 62
     7
100
AcDbSpline
210
0.0
220
0.0
230
1.0
 70
     8
 71
     3
 72
     9
 73
     5
 74
     0
 42
0.00000001
 43
0.00000001
 40
0.0
 40
0.0
 40
0.0
 40
0.0
 40
0.5721449960726754
 40
1.0
 40
1.0
 40
1.0
 40
1.0
 10
1.973006874322891
 20
108.2209574283207
 30
0.0
 10
1.360797879363698
 20
108.732156675293
 30
0.0
 10
0.2907736736789046
 20
109.6256351649789
 30
0.0
 10
-0.9648231251447662
 20
110.22643119666
 30
0.0
 10
-1.502036498436605
 20
110.4834847851544
 30
0.0
  0
SPLINE
  5
166
330
1F
100
AcDbEntity
  8
0
  6
Continuous
 62
     7
100
AcDbSpline
210
0.0
220
0.0
230
1.0
 70
     8
 71
     3
 72
     9
 73
     5
 74
     0
 42
0.00000001
 43
0.00000001
 40
0.0
 40
0.0
 40
0.0
 40
0.0
 40
0.5399391909558106
 40
1.0
 40
1.0
 40
1.0
 40
1.0
 10
1.367342658340931
 20
114.2968757746725
 30
0.0
 10
1.690507664810858
 20
113.6635735902117
 30
0.0
 10
2.289028779564269
 20
112.4906596860744
 30
0.0
 10
2.483145415390062
 20
111.1900887119805
 30
0.0
 10
2.572450871917012
 20
110.5917469774195
 30
0.0
  0
SPLINE
  5
167
330
1F
100
AcDbEntity
  8
0
  6
Continuous
 62
     7
100
AcDbSpline
210
0.0
220
0.0
230
1.0
 70
     8
 71
     3
 72
     9
 73
     5
 74
     0
 42
0.00000001
 43
0.00000001
 40
0.0
 40
0.0
 40
0.0
 40
0.0
 40
0.6037858482056463
 40
1.0
 40
1.0
 40
1.0
 40
1.0
 10
2.572450786828995
 20
110.5917469774195
 30
0.0
 10
2.408156866988116
 20
110.9869234138319
 30
0.0
 10
2.136050589026926
 20
111.6414210930784
 30
0.0
 10
1.727144791603106
 20
112.2189156677572
 30
0.0
 10
1.565130527913033
 20
112.4477271908294
 30
0.0
  0
SPLINE
  5
168
330
1F
100
AcDbEntity
  8
0
  6
Continuous
 62
     7
100
AcDbSpline
210
0.0
220
0.0
230
1.0
 70
     8
 71
     3
 72
     9
 73
     5
 74
     0
 42
0.00000001
 43
0.00000001
 40
0.0
 40
0.0
 40
0.0
 40
0.0
 40
0.546604036767884
 40
1.0
 40
1.0
 40
1.0
 40
1.0
 10
3.400523215532303
 20
111.400767438979
 30
0.0
 10
3.829035242186351
 20
111.7012033206822
 30
0.0
 10
4.612988520665366
 20
112.2508441237024
 30
0.0
 10
5.236561321974627
 20
112.9761624489255
 30
0.0
 10
5.519286712869588
 20
113.30501884964
 30
0.0
  0
SPLINE
  5
169
330
1F
100
AcDbEntity
  8
0
  6
Continuous
 62
     7
100
AcDbSpline
210
0.0
220
0.0
230
1.0
 70
     8
 71
     3
 72
     9
 73
     5
 74
     0
 42
0.00000001
 43
0.00000001
 40
0.0
 40
0.0
 40
0.0
 40
0.0
 40
0.5682297368013962
 40
1.0
 40
1.0
 40
1.0
 40
1.0
 10
5.519285798072815
 20
112.4477271908294
 30
0.0
 10
5.167386298073069
 20
112.1427810730667
 30
0.0
 10
4.548095407067238
 20
111.6061211659677
 30
0.0
 10
3.746590581199464
 20
111.4626947153234
 30
0.0
 10
3.400524631579585
 20
111.400767438979
 30
0.0
  0
SPLINE
  5
16A
330
1F
100
AcDbEntity
  8
0
  6
Continuous
 62
     7
100
AcDbSpline
210
0.0
220
0.0
230
1.0
 70
     8
 71
     3
 72
     9
 73
     5
 74
     0
 42
0.00000001
 43
0.00000001
 40
0.0
 40
0.0
 40
0.0
 40
0.0
 40
0.5712843567962343
 40
1.0
 40
1.0
 40
1.0
 40
1.0
 10
4.260335117578506
 20
112.0215473810504
 30
0.0
 10
4.401559567301892
 20
112.2078919460867
 30
0.0
 10
4.648764742873956
 20
112.5340772561157
 30
0.0
 10
4.777957319658052
 20
112.9213463670189
 30
0.0
 10
4.833344198311197
 20
113.0873746929927
 30
0.0
  0
SPLINE
  5
16B
330
1F
100
AcDbEntity
  8
0
  6
Continuous
 62
     7
100
AcDbSpline
210
0.0
220
0.0
230
1.0
 70
     8
 71
     3
 72
     9
 73
     5
 74
     0
 42
0.00000001
 43
0.00000001
 40
0.0
 40
0.0
 40
0.0
 40
0.0
 40
0.536059485065768
 40
1.0
 40
1.0
 40
1.0
 40
1.0
 10
-2.775946632027626
 20
110.9591985031347
 30
0.0
 10
-3.170349557858705
 20
111.1118918899749
 30
0.0
 10
-3.906094259368258
 20
111.3967359998064
 30
0.0
 10
-4.656357395570854
 20
111.166149760514
 30
0.0
 10
-5.004434861316859
 20
111.0591714619199
 30
0.0
  0
SPLINE
  5
16C
330
1F
100
AcDbEntity
  8
0
  6
Continuous
 62
     7
100
AcDbSpline
210
0.0
220
0.0
230
1.0
 70
     8
 71
     3
 72
     9
 73
     5
 74
     0
 42
0.00000001
 43
0.00000001
 40
0.0
 40
0.0
 40
0.0
 40
0.0
 40
0.5318651426975516
 40
1.0
 40
1.0
 40
1.0
 40
1.0
 10
-8.120693266391754
 20
110.1774107453675
 30
0.0
 10
-6.668123986414009
 20
108.4904088035855
 30
0.0
 10
-3.937038296890347
 20
105.3185484834568
 30
0.0
 10
0.1708732487202979
 20
104.63061702634
 30
0.0
 10
2.093929833935817
 20
104.3085723318287
 30
0.0
  0
SPLINE
  5
16D
330
1F
100
AcDbEntity
  8
0
  6
Continuous
 62
     7
100
AcDbSpline
210
0.0
220
0.0
230
1.0
 70
     8
 71
     3
 72
     9
 73
     5
 74
     0
 42
0.00000001
 43
0.00000001
 40
0.0
 40
0.0
 40
0.0
 40
0.0
 40
0.5606285404680842
 40
1.0
 40
1.0
 40
1.0
 40
1.0
 10
1.973006874322891
 20
108.2209574283207
 30
0.0
 10
1.939520261010957
 20
107.9318061218911
 30
0.0
 10
1.879789778356657
 20
107.4160433921018
 30
0.0
 10
1.661180990222181
 20
106.9462739270648
 30
0.0
 10
1.565130527913033
 20
106.739870631568
 30
0.0
  0
SPLINE
  5
16E
330
1F
100
AcDbEntity
  8
0
  6
Continuous
 62
     7
100
AcDbSpline
210
0.0
220
0.0
230
1.0
 70
     8
 71
     3
 72
     9
 73
     5
 74
     0
 42
0.00000001
 43
0.00000001
 40
0.0
 40
0.0
 40
0.0
 40
0.0
 40
0.5791181228328891
 40
1.0
 40
1.0
 40
1.0
 40
1.0
 10
1.565130427479744
 20
106.739870631568
 30
0.0
 10
0.8394527812059522
 20
107.2841679312092
 30
0.0
 10
-0.4136208451623144
 20
108.2240406068885
 30
0.0
 10
-1.887963316916594
 20
108.7416113404938
 30
0.0
 10
-2.508487344015734
 20
108.9594474824204
 30
0.0
  0
SPLINE
  5
16F
330
1F
100
AcDbEntity
  8
0
  6
Continuous
 62
     7
100
AcDbSpline
210
0.0
220
0.0
230
1.0
 70
     8
 71
     3
 72
     9
 73
     5
 74
     0
 42
0.00000001
 43
0.00000001
 40
0.0
 40
0.0
 40
0.0
 40
0.0
 40
0.5766985292071011
 40
1.0
 40
1.0
 40
1.0
 40
1.0
 10
1.367342658340931
 20
108.036742343989
 30
0.0
 10
0.7931409014805186
 20
108.3433457931951
 30
0.0
 10
-0.2025296747040238
 20
108.8749986996584
 30
0.0
 10
-1.301767482271739
 20
109.1219780098003
 30
0.0
 10
-1.767076462966315
 20
109.2265247150387
 30
0.0
  0
SPLINE
  5
170
330
1F
100
AcDbEntity
  8
0
  6
Continuous
 62
     7
100
AcDbSpline
210
0.0
220
0.0
230
1.0
 70
     8
 71
     3
 72
    10
 73
     6
 74
     0
 42
0.00000001
 43
0.00000001
 40
0.0
 40
0.0
 40
0.0
 40
0.0
 40
0.6317049115493788
 40
0.8243346195096548
 40
1.0
 40
1.0
 40
1.0
 40
1.0
 10
1.565130427479744
 20
106.739870631568
 30
0.0
 10
1.546001228813296
 20
106.4075149019689
 30
0.0
 10
1.521038844611541
 20
105.97381187245
 30
0.0
 10
1.181242238046838
 20
105.5235451591965
 30
0.0
 10
0.9812992717854773
 20
105.5156317483437
 30
0.0
 10
0.8859326531524963
 20
105.5118572958135
 30
0.0
  0
SPLINE
  5
171
330
1F
100
AcDbEntity
  8
0
  6
Continuous
 62
     7
100
AcDbSpline
210
0.0
220
0.0
230
1.0
 70
     8
 71
     3
 72
     9
 73
     5
 74
     0
 42
0.00000001
 43
0.00000001
 40
0.0
 40
0.0
 40
0.0
 40
0.0
 40
0.5019045604900463
 40
1.0
 40
1.0
 40
1.0
 40
1.0
 10
0.8859322406351566
 20
105.5118572958135
 30
0.0
 10
0.330813148497577
 20
105.9447211514865
 30
0.0
 10
-0.7752120519819246
 20
106.8071637147707
 30
0.0
 10
-2.110731937878854
 20
107.2351579079665
 30
0.0
 10
-2.775948302418968
 20
107.448339863734
 30
0.0
  0
SPLINE
  5
172
330
1F
100
AcDbEntity
  8
0
  6
Continuous
 62
     7
100
AcDbSpline
210
0.0
220
0.0
230
1.0
 70
     8
 71
     3
 72
    14
 73
    10
 74
     0
 42
0.00000001
 43
0.00000001
 40
0.0
 40
0.0
 40
0.0
 40
0.0
 40
0.3798397730016391
 40
0.4171805232552926
 40
0.4547832009029831
 40
0.4943638154424775
 40
0.5345209964895354
 40
0.7681185821098928
 40
1.0
 40
1.0
 40
1.0
 40
1.0
 10
-2.176349982619286
 20
110.1758078661726
 30
0.0
 10
-2.424403130775842
 20
109.3667297640536
 30
0.0
 10
-2.696841536383851
 20
108.4781139581598
 30
0.0
 10
-2.755592237207189
 20
107.3966708757357
 30
0.0
 10
-2.987193809785433
 20
107.233110181142
 30
0.0
 10
-3.283406039630876
 20
107.2128035325043
 30
0.0
 10
-3.7353637924929
 20
107.8105906118212
 30
0.0
 10
-4.672398849999117
 20
108.6930620973567
 30
0.0
 10
-5.738382740885633
 20
108.2880602981602
 30
0.0
 10
-6.269409606120429
 20
108.086305996167
 30
0.0
  0
SPLINE
  5
173
330
1F
100
AcDbEntity
  8
0
  6
Continuous
 62
     7
100
AcDbSpline
210
0.0
220
0.0
230
1.0
 70
     8
 71
     3
 72
     9
 73
     5
 74
     0
 42
0.00000001
 43
0.00000001
 40
0.0
 40
0.0
 40
0.0
 40
0.0
 40
0.455036339306898
 40
0.9999999999999999
 40
0.9999999999999999
 40
0.9999999999999999
 40
0.9999999999999999
 10
-2.348003908991814
 20
107.3123608314909
 30
0.0
 10
-1.956048991267488
 20
106.942324412168
 30
0.0
 10
-1.09467840640092
 20
106.1291225041915
 30
0.0
 10
-0.0804144941939292
 20
105.5155908027639
 30
0.0
 10
0.4723224803112996
 20
105.1812383208027
 30
0.0
  0
SPLINE
  5
174
330
1F
100
AcDbEntity
  8
0
  6
Continuous
 62
     7
100
AcDbSpline
210
0.0
220
0.0
230
1.0
 70
     8
 71
     3
 72
     9
 73
     5
 74
     0
 42
0.00000001
 43
0.00000001
 40
0.0
 40
0.0
 40
0.0
 40
0.0
 40
0.6104359967302222
 40
1.0
 40
1.0
 40
1.0
 40
1.0
 10
-0.2723222132772207
 20
104.9608256707955
 30
0.0
 10
-1.140389240794409
 20
105.2873192778087
 30
0.0
 10
-2.56243353727587
 20
105.8221724135381
 30
0.0
 10
-3.811460911987301
 20
106.6813920046765
 30
0.0
 10
-4.298037016273426
 20
107.0161130282881
 30
0.0
  0
SPLINE
  5
175
330
1F
100
AcDbEntity
  8
0
  6
Continuous
 62
     7
100
AcDbSpline
210
0.0
220
0.0
230
1.0
 70
     8
 71
     3
 72
     9
 73
     5
 74
     0
 42
0.00000001
 43
0.00000001
 40
0.0
 40
0.0
 40
0.0
 40
0.0
 40
0.6129791524459716
 40
1.0
 40
1.0
 40
1.0
 40
1.0
 10
0.8859322406351566
 20
105.5118572958135
 30
0.0
 10
0.8608030586001829
 20
105.2944174230756
 30
0.0
 10
0.8198078927210486
 20
104.93969104801
 30
0.0
 10
0.6925727791610022
 20
104.6069357377484
 30
0.0
 10
0.64333013767236
 20
104.4781524955429
 30
0.0
  0
SPLINE
  5
176
330
1F
100
AcDbEntity
  8
0
  6
Continuous
 62
     7
100
AcDbSpline
210
0.0
220
0.0
230
1.0
 70
     8
 71
     3
 72
     9
 73
     5
 74
     0
 42
0.00000001
 43
0.00000001
 40
0.0
 40
0.0
 40
0.0
 40
0.0
 40
0.5909794541489434
 40
1.0
 40
1.0
 40
1.0
 40
1.0
 10
-3.463616594672203
 20
108.0863059961671
 30
0.0
 10
-3.864065036262021
 20
108.347488157051
 30
0.0
 10
-4.541666328114871
 20
108.7894361115024
 30
0.0
 10
-5.340858272946372
 20
108.7557428861833
 30
0.0
 10
-5.667744198461119
 20
108.7419616647718
 30
0.0
  0
SPLINE
  5
177
330
1F
100
AcDbEntity
  8
0
  6
Continuous
 62
     7
100
AcDbSpline
210
0.0
220
0.0
230
1.0
 70
     8
 71
     3
 72
    10
 73
     6
 74
     0
 42
0.00000001
 43
0.00000001
 40
0.0
 40
0.0
 40
0.0
 40
0.0
 40
0.6579019653863951
 40
0.855624138295599
 40
0.9999999999999999
 40
0.9999999999999999
 40
0.9999999999999999
 40
0.9999999999999999
 10
5.174882709980011
 20
104.3085723318287
 30
0.0
 10
4.655581910449158
 20
105.4938300033902
 30
0.0
 10
3.980213356330549
 20
107.03529837899
 30
0.0
 10
2.807415829419958
 20
108.6455147873235
 30
0.0
 10
2.642183839022919
 20
109.3025351963821
 30
0.0
 10
2.572450871917013
 20
109.5798179578056
 30
0.0
  0
SPLINE
  5
178
330
1F
100
AcDbEntity
  8
0
  6
Continuous
 62
     7
100
AcDbSpline
210
0.0
220
0.0
230
1.0
 70
     8
 71
     3
 72
     9
 73
     5
 74
     0
 42
0.00000001
 43
0.00000001
 40
0.0
 40
0.0
 40
0.0
 40
0.0
 40
0.6072444102756678
 40
1.0
 40
1.0
 40
1.0
 40
1.0
 10
7.378172129392624
 20
106.6379409950831
 30
0.0
 10
7.316124587102566
 20
106.8059128705117
 30
0.0
 10
7.213945725938753
 20
107.0825261626
 30
0.0
 10
6.974196098515007
 20
107.2475477005412
 30
0.0
 10
6.880033092210006
 20
107.3123608319925
 30
0.0
  0
SPLINE
  5
179
330
1F
100
AcDbEntity
  8
0
  6
Continuous
 62
     7
100
AcDbSpline
210
0.0
220
0.0
230
1.0
 70
     8
 71
     3
 72
     9
 73
     5
 74
     0
 42
0.00000001
 43
0.00000001
 40
0.0
 40
0.0
 40
0.0
 40
0.0
 40
0.5245265785870865
 40
1.0
 40
1.0
 40
1.0
 40
1.0
 10
4.084296524524689
 20
110.006298007018
 30
0.0
 10
4.198398769222534
 20
109.3859485536848
 30
0.0
 10
4.415932540352307
 20
108.2032640555909
 30
0.0
 10
4.930311656095493
 20
107.1170390589568
 30
0.0
 10
5.174885254161255
 20
106.600567943383
 30
0.0
  0
LWPOLYLINE
  5
17A
330
1F
100
AcDbEntity
  8
0
  6
Continuous
 62
     7
100
AcDbPolyline
 90
        3
 70
   128
 43
0.0
 10
6.1124265194
 20
104.2709597169
 10
5.7802695195
 20
105.1619265313
 10
5.5192867129
 20
105.8619718855
  0
SPLINE
  5
17B
330
1F
100
AcDbEntity
  8
0
  6
Continuous
 62
     7
100
AcDbSpline
210
0.0
220
0.0
230
1.0
 70
     8
 71
     3
 72
     9
 73
     5
 74
     0
 42
0.00000001
 43
0.00000001
 40
0.0
 40
0.0
 40
0.0
 40
0.0
 40
0.5366300434794536
 40
1.0
 40
1.0
 40
1.0
 40
1.0
 10
16.24515652656555
 20
112.9278656496198
 30
0.0
 10
16.24139224770417
 20
110.7247405203986
 30
0.0
 10
16.23437758479604
 20
106.6192582500874
 30
0.0
 10
15.83438508624128
 20
102.5337645347629
 30
0.0
 10
15.64904057957742
 20
100.640669489528
 30
0.0
  0
SPLINE
  5
17C
330
1F
100
AcDbEntity
  8
0
  6
Continuous
 62
     7
100
AcDbSpline
210
0.0
220
0.0
230
1.0
 70
     8
 71
     3
 72
     9
 73
     5
 74
     0
 42
0.00000001
 43
0.00000001
 40
0.0
 40
0.0
 40
0.0
 40
0.0
 40
0.573048510914905
 40
1.0
 40
1.0
 40
1.0
 40
1.0
 10
13.47219944000244
 20
101.7272817768548
 30
0.0
 10
12.38859062365873
 20
103.6696493293244
 30
0.0
 10
10.49763585158598
 20
107.0591835755065
 30
0.0
 10
6.767480595335845
 20
107.8733485010143
 30
0.0
 10
5.174885254161252
 20
108.2209574283207
 30
0.0
  0
SPLINE
  5
17D
330
1F
100
AcDbEntity
  8
0
  6
Continuous
 62
     7
100
AcDbSpline
210
0.0
220
0.0
230
1.0
 70
     8
 71
     3
 72
     9
 73
     5
 74
     0
 42
0.00000001
 43
0.00000001
 40
0.0
 40
0.0
 40
0.0
 40
0.0
 40
0.5843668294864162
 40
1.0
 40
1.0
 40
1.0
 40
1.0
 10
17.03360676765442
 20
101.4382153606805
 30
0.0
 10
17.34477242226377
 20
102.4274171982426
 30
0.0
 10
17.87725585374607
 20
104.1201926735916
 30
0.0
 10
18.90507097914929
 20
105.560764138661
 30
0.0
 10
19.33226503842245
 20
106.1595134240392
 30
0.0
  0
SPLINE
  5
17E
330
1F
100
AcDbEntity
  8
0
  6
Continuous
 62
     7
100
AcDbSpline
210
0.0
220
0.0
230
1.0
 70
     8
 71
     3
 72
    14
 73
    10
 74
     0
 42
0.00000001
 43
0.00000001
 40
0.0
 40
0.0
 40
0.0
 40
0.0
 40
0.1733289794062384
 40
0.2670600548615401
 40
0.3564272251619257
 40
0.4330357016154754
 40
0.5696766601025113
 40
0.7483723728291825
 40
1.0
 40
1.0
 40
1.0
 40
1.0
 10
18.69511604309082
 20
102.889999082565
 30
0.0
 10
18.08579980661012
 20
102.3014520530174
 30
0.0
 10
17.1469837580763
 20
101.3946365710475
 30
0.0
 10
15.41463107911986
 20
100.3645984564674
 30
0.0
 10
14.2227660748408
 20
101.2139160816694
 30
0.0
 10
13.00654139890766
 20
102.0568070715358
 30
0.0
 10
11.33806659869443
 20
103.1527680108671
 30
0.0
 10
8.613155461697467
 20
104.0987223118249
 30
0.0
 10
6.443545048887802
 20
104.2311414531509
 30
0.0
 10
5.174885254161246
 20
104.3085723318287
 30
0.0
  0
SPLINE
  5
17F
330
1F
100
AcDbEntity
  8
0
  6
Continuous
 62
     7
100
AcDbSpline
210
0.0
220
0.0
230
1.0
 70
     8
 71
     3
 72
    13
 73
     9
 74
     0
 42
0.00000001
 43
0.00000001
 40
0.0
 40
0.0
 40
0.0
 40
0.0
 40
0.1662383293477213
 40
0.2426899996102392
 40
0.3109944894403911
 40
0.5951166873497491
 40
0.7631150548641968
 40
1.0
 40
1.0
 40
1.0
 40
1.0
 10
18.83602142333984
 20
101.9164606608747
 30
0.0
 10
18.17877699836095
 20
101.4074650772154
 30
0.0
 10
17.21927114993341
 20
100.664386519553
 30
0.0
 10
15.86615198169049
 20
99.48987109772187
 30
0.0
 10
13.64103289038009
 20
100.4903014737297
 30
0.0
 10
11.59011149690011
 20
102.0394803211565
 30
0.0
 10
8.172035197876449
 20
103.3187452130132
 30
0.0
 10
6.065698127727672
 20
103.3506955206681
 30
0.0
 10
4.833344198311186
 20
103.3693886765464
 30
0.0
  0
SPLINE
  5
180
330
1F
100
AcDbEntity
  8
0
  6
Continuous
 62
     7
100
AcDbSpline
210
0.0
220
0.0
230
1.0
 70
     8
 71
     3
 72
    10
 73
     6
 74
     0
 42
0.00000001
 43
0.00000001
 40
0.0
 40
0.0
 40
0.0
 40
0.0
 40
0.3226125577584609
 40
0.5775731993529414
 40
1.0
 40
1.0
 40
1.0
 40
1.0
 10
22.05035090446473
 20
115.6342691011091
 30
0.0
 10
22.19339203926311
 20
115.1577453879703
 30
0.0
 10
22.44947855504726
 20
114.3046250771015
 30
0.0
 10
23.66438540288268
 20
115.2490130426551
 30
0.0
 10
24.45915228111723
 20
115.1050382831162
 30
0.0
 10
24.95477828286581
 20
115.0152539244858
 30
0.0
  0
SPLINE
  5
181
330
1F
100
AcDbEntity
  8
0
  6
Continuous
 62
     7
100
AcDbSpline
210
0.0
220
0.0
230
1.0
 70
     8
 71
     3
 72
    12
 73
     8
 74
     0
 42
0.00000001
 43
0.00000001
 40
0.0
 40
0.0
 40
0.0
 40
0.0
 40
0.3136281205375025
 40
0.537984267922704
 40
0.5762989522892361
 40
0.631561122558522
 40
1.0
 40
1.0
 40
1.0
 40
1.0
 10
25.74935555458069
 20
113.7393609387676
 30
0.0
 10
25.33310216203599
 20
113.8013916175732
 30
0.0
 10
24.61907889054264
 20
113.9077963917013
 30
0.0
 10
24.07448237940739
 20
113.247811154348
 30
0.0
 10
23.64938334824824
 20
113.3007385780252
 30
0.0
 10
23.32176532516254
 20
113.8260184379302
 30
0.0
 10
23.07231094998311
 20
114.2788703218556
 30
0.0
 10
22.85539222754766
 20
114.6726579715729
 30
0.0
  0
SPLINE
  5
182
330
1F
100
AcDbEntity
  8
0
  6
Continuous
 62
     7
100
AcDbSpline
210
0.0
220
0.0
230
1.0
 70
     8
 71
     3
 72
    11
 73
     7
 74
     0
 42
0.00000001
 43
0.00000001
 40
0.0
 40
0.0
 40
0.0
 40
0.0
 40
0.3308011404961518
 40
0.4552930075887321
 40
0.5877889511563587
 40
1.0
 40
1.0
 40
1.0
 40
1.0
 10
27.03815698623657
 20
112.2812615604159
 30
0.0
 10
26.62141441730592
 20
112.3156239852144
 30
0.0
 10
26.04783726060655
 20
112.3629181744396
 30
0.0
 10
25.40258715643558
 20
111.9262320521231
 30
0.0
 10
24.56779430527335
 20
112.2984355477518
 30
0.0
 10
24.27470974508415
 20
112.9195407268721
 30
0.0
 10
24.05291583452564
 20
113.3895666690655
 30
0.0
  0
SPLINE
  5
183
330
1F
100
AcDbEntity
  8
0
  6
Continuous
 62
     7
100
AcDbSpline
210
0.0
220
0.0
230
1.0
 70
     8
 71
     3
 72
     9
 73
     5
 74
     0
 42
0.00000001
 43
0.00000001
 40
0.0
 40
0.0
 40
0.0
 40
0.0
 40
0.4687859905217554
 40
1.0
 40
1.0
 40
1.0
 40
1.0
 10
23.88666570186615
 20
113.30501884964
 30
0.0
 10
23.12888507592632
 20
112.7321495478807
 30
0.0
 10
21.51241051981506
 20
111.510122197785
 30
0.0
 10
20.74155876770152
 20
109.6296888628998
 30
0.0
 10
20.33207151774796
 20
108.6307763315189
 30
0.0
  0
SPLINE
  5
184
330
1F
100
AcDbEntity
  8
0
  6
Continuous
 62
     7
100
AcDbSpline
210
0.0
220
0.0
230
1.0
 70
     8
 71
     3
 72
     9
 73
     5
 74
     0
 42
0.00000001
 43
0.00000001
 40
0.0
 40
0.0
 40
0.0
 40
0.0
 40
0.5375309921922772
 40
1.0
 40
1.0
 40
1.0
 40
1.0
 10
24.67809617519379
 20
112.4257944216937
 30
0.0
 10
23.93988570856611
 20
111.8247043311796
 30
0.0
 10
22.56655007331847
 20
110.7064616637893
 30
0.0
 10
21.76750698475837
 20
109.1302170817843
 30
0.0
 10
21.39797432039637
 20
108.4012528138822
 30
0.0
  0
SPLINE
  5
185
330
1F
100
AcDbEntity
  8
0
  6
Continuous
 62
     7
100
AcDbSpline
210
0.0
220
0.0
230
1.0
 70
     8
 71
     3
 72
     9
 73
     5
 74
     0
 42
0.00000001
 43
0.00000001
 40
0.0
 40
0.0
 40
0.0
 40
0.0
 40
0.5372831979355849
 40
1.0
 40
1.0
 40
1.0
 40
1.0
 10
27.57842838764191
 20
111.0591714619199
 30
0.0
 10
26.53453801572362
 20
110.5600825407024
 30
0.0
 10
24.59163271749495
 20
109.6311703336296
 30
0.0
 10
23.4046356997825
 20
107.8433619884662
 30
0.0
 10
22.85539223568661
 20
107.0161130282881
 30
0.0
  0
SPLINE
  5
186
330
1F
100
AcDbEntity
  8
0
  6
Continuous
 62
     7
100
AcDbSpline
210
0.0
220
0.0
230
1.0
 70
     8
 71
     3
 72
     9
 73
     5
 74
     0
 42
0.00000001
 43
0.00000001
 40
0.0
 40
0.0
 40
0.0
 40
0.0
 40
0.5569675532011588
 40
1.0
 40
1.0
 40
1.0
 40
1.0
 10
27.03815698623657
 20
112.2812615604159
 30
0.0
 10
27.06861217516683
 20
112.0214168310787
 30
0.0
 10
27.12329253985811
 20
111.554882061066
 30
0.0
 10
27.43870046745686
 20
111.2113619966033
 30
0.0
 10
27.57843641336068
 20
111.0591714619199
 30
0.0
  0
SPLINE
  5
187
330
1F
100
AcDbEntity
  8
0
  6
Continuous
 62
     7
100
AcDbSpline
210
0.0
220
0.0
230
1.0
 70
     8
 71
     3
 72
    11
 73
     7
 74
     0
 42
0.00000001
 43
0.00000001
 40
0.0
 40
0.0
 40
0.0
 40
0.0
 40
0.2826071729179103
 40
0.516145563345978
 40
0.7300134877128178
 40
1.0
 40
1.0
 40
1.0
 40
1.0
 10
29.63529527187347
 20
111.4030315198503
 30
0.0
 10
29.0414951793983
 20
110.568306479036
 30
0.0
 10
27.95699587217609
 20
109.0437888173587
 30
0.0
 10
27.70390079168387
 20
106.2693888338935
 30
0.0
 10
29.33673597587617
 20
103.9298229898387
 30
0.0
 10
31.1448590628154
 20
103.7504380906678
 30
0.0
 10
32.1537758134904
 20
103.6503428975368
 30
0.0
  0
SPLINE
  5
188
330
1F
100
AcDbEntity
  8
0
  6
Continuous
 62
     7
100
AcDbSpline
210
0.0
220
0.0
230
1.0
 70
     8
 71
     3
 72
    10
 73
     6
 74
     0
 42
0.00000001
 43
0.00000001
 40
0.0
 40
0.0
 40
0.0
 40
0.0
 40
0.2259904591009099
 40
0.4606856334605214
 40
1.0
 40
1.0
 40
1.0
 40
1.0
 10
31.53765201568604
 20
110.837768024283
 30
0.0
 10
31.14631565720347
 20
110.385225193868
 30
0.0
 10
30.34856942083174
 20
109.4627084587491
 30
0.0
 10
30.23918892254313
 20
106.666166541888
 30
0.0
 10
31.66437433074523
 20
105.1191514038611
 30
0.0
 10
32.65741501695303
 20
104.0412221987212
 30
0.0
  0
SPLINE
  5
189
330
1F
100
AcDbEntity
  8
0
  6
Continuous
 62
     7
100
AcDbSpline
210
0.0
220
0.0
230
1.0
 70
     8
 71
     3
 72
     9
 73
     5
 74
     0
 42
0.00000001
 43
0.00000001
 40
0.0
 40
0.0
 40
0.0
 40
0.0
 40
0.5600740192565636
 40
1.0
 40
1.0
 40
1.0
 40
1.0
 10
34.98280048370361
 20
111.7016680253383
 30
0.0
 10
34.59242160028889
 20
110.607519250498
 30
0.0
 10
33.89540858059392
 20
108.653940371241
 30
0.0
 10
35.35924792479087
 20
107.2538688376271
 30
0.0
 10
36.00322888393755
 20
106.637940995091
 30
0.0
  0
SPLINE
  5
18A
330
1F
100
AcDbEntity
  8
0
  6
Continuous
 62
     7
100
AcDbSpline
210
0.0
220
0.0
230
1.0
 70
     8
 71
     3
 72
     9
 73
     5
 74
     0
 42
0.00000001
 43
0.00000001
 40
0.0
 40
0.0
 40
0.0
 40
0.0
 40
0.6212250453097585
 40
1.0
 40
1.0
 40
1.0
 40
1.0
 10
35.17794609069824
 20
111.8552423163041
 30
0.0
 10
34.97901074654
 20
110.6085954704913
 30
0.0
 10
34.65878002554734
 20
108.601839858777
 30
0.0
 10
36.0173047769312
 20
107.1774602984976
 30
0.0
 10
36.5318799280822
 20
106.637940995091
 30
0.0
  0
SPLINE
  5
18B
330
1F
100
AcDbEntity
  8
0
  6
Continuous
 62
     7
100
AcDbSpline
210
0.0
220
0.0
230
1.0
 70
     8
 71
     3
 72
     9
 73
     5
 74
     0
 42
0.00000001
 43
0.00000001
 40
0.0
 40
0.0
 40
0.0
 40
0.0
 40
0.542376108274816
 40
1.0
 40
1.0
 40
1.0
 40
1.0
 10
36.00320219993591
 20
109.4486267748153
 30
0.0
 10
35.66238955031052
 20
109.8234102324184
 30
0.0
 10
35.0340199661313
 20
110.5144131211615
 30
0.0
 10
35.13276552556857
 20
111.4342863496084
 30
0.0
 10
35.17795385276883
 20
111.8552423163041
 30
0.0
  0
SPLINE
  5
18C
330
1F
100
AcDbEntity
  8
0
  6
Continuous
 62
     7
100
AcDbSpline
210
0.0
220
0.0
230
1.0
 70
     8
 71
     3
 72
    10
 73
     6
 74
     0
 42
0.00000001
 43
0.00000001
 40
0.0
 40
0.0
 40
0.0
 40
0.0
 40
0.1793558916795712
 40
0.3713598672709897
 40
1.0
 40
1.0
 40
1.0
 40
1.0
 10
36.00320219993591
 20
109.4486267748153
 30
0.0
 10
35.89123606875953
 20
109.4337880695089
 30
0.0
 10
35.65940801324859
 20
109.4030642411393
 30
0.0
 10
35.31906770557027
 20
108.8444223182164
 30
0.0
 10
35.35607364875693
 20
108.3429015884589
 30
0.0
 10
35.38442140730505
 20
107.9587203643149
 30
0.0
  0
SPLINE
  5
18D
330
1F
100
AcDbEntity
  8
0
  6
Continuous
 62
     7
100
AcDbSpline
210
0.0
220
0.0
230
1.0
 70
     8
 71
     3
 72
     9
 73
     5
 74
     0
 42
0.00000001
 43
0.00000001
 40
0.0
 40
0.0
 40
0.0
 40
0.0
 40
0.6289849768643955
 40
1.0
 40
1.0
 40
1.0
 40
1.0
 10
29.63529527187347
 20
111.4030315198503
 30
0.0
 10
28.02211103451142
 20
109.8839168993132
 30
0.0
 10
25.45736895529027
 20
107.4687326319399
 30
0.0
 10
24.1872272737457
 20
104.2140383381667
 30
0.0
 10
23.71598562838194
 20
103.0064978594631
 30
0.0
  0
SPLINE
  5
18E
330
1F
100
AcDbEntity
  8
0
  6
Continuous
 62
     7
100
AcDbSpline
210
0.0
220
0.0
230
1.0
 70
     8
 71
     3
 72
     9
 73
     5
 74
     0
 42
0.00000001
 43
0.00000001
 40
0.0
 40
0.0
 40
0.0
 40
0.0
 40
0.5976753835577628
 40
1.0
 40
1.0
 40
1.0
 40
1.0
 10
38.08265924453735
 20
112.2425278623174
 30
0.0
 10
37.96125915916525
 20
112.7284540428833
 30
0.0
 10
37.75813872169729
 20
113.5414809700982
 30
0.0
 10
37.04623097636962
 20
113.9513827301731
 30
0.0
 10
36.75981296578842
 20
114.1162962985742
 30
0.0
  0
SPLINE
  5
18F
330
1F
100
AcDbEntity
  8
0
  6
Continuous
 62
     7
100
AcDbSpline
210
0.0
220
0.0
230
1.0
 70
     8
 71
     3
 72
     9
 73
     5
 74
     0
 42
0.00000001
 43
0.00000001
 40
0.0
 40
0.0
 40
0.0
 40
0.0
 40
0.5344483678198835
 40
1.0
 40
1.0
 40
1.0
 40
1.0
 10
36.36360168457031
 20
112.0215473810502
 30
0.0
 10
36.01482576503509
 20
112.2228123698033
 30
0.0
 10
35.36223528008714
 20
112.5993969023262
 30
0.0
 10
35.54227410494654
 20
113.3181913415324
 30
0.0
 10
35.62609147371561
 20
113.6528272659069
 30
0.0
  0
SPLINE
  5
190
330
1F
100
AcDbEntity
  8
0
  6
Continuous
 62
     7
100
AcDbSpline
210
0.0
220
0.0
230
1.0
 70
     8
 71
     3
 72
    10
 73
     6
 74
     0
 42
0.00000001
 43
0.00000001
 40
0.0
 40
0.0
 40
0.0
 40
0.0
 40
0.6499723222961029
 40
0.842713564087317
 40
1.0
 40
1.0
 40
1.0
 40
1.0
 10
36.36360168457031
 20
112.0215473810502
 30
0.0
 10
36.33323151349443
 20
112.5093912656229
 30
0.0
 10
36.29385544434292
 20
113.1418992118599
 30
0.0
 10
36.6088517991324
 20
113.8953738525101
 30
0.0
 10
36.87249313142703
 20
113.9750408163812
 30
0.0
 10
36.99096149309464
 20
114.0108395077575
 30
0.0
  0
SPLINE
  5
191
330
1F
100
AcDbEntity
  8
0
  6
Continuous
 62
     7
100
AcDbSpline
210
0.0
220
0.0
230
1.0
 70
     8
 71
     3
 72
     9
 73
     5
 74
     0
 42
0.00000001
 43
0.00000001
 40
0.0
 40
0.0
 40
0.0
 40
0.0
 40
0.6473213230682983
 40
1.0
 40
1.0
 40
1.0
 40
1.0
 10
36.36360168457031
 20
112.0215473810502
 30
0.0
 10
36.54443676275233
 20
112.4324066251052
 30
0.0
 10
36.82379582561289
 20
113.0671134228164
 30
0.0
 10
37.4627761150043
 20
113.2713020684287
 30
0.0
 10
37.6881308380523
 20
113.3433150498077
 30
0.0
  0
SPLINE
  5
192
330
1F
100
AcDbEntity
  8
0
  6
Continuous
 62
     7
100
AcDbSpline
210
0.0
220
0.0
230
1.0
 70
     8
 71
     3
 72
    10
 73
     6
 74
     0
 42
0.00000001
 43
0.00000001
 40
0.0
 40
0.0
 40
0.0
 40
0.0
 40
0.532632568735436
 40
0.7128982484259025
 40
1.0
 40
1.0
 40
1.0
 40
1.0
 10
38.08265924453735
 20
112.2425278623174
 30
0.0
 10
37.75758928559529
 20
112.2000387331656
 30
0.0
 10
37.32250172627485
 20
112.1431694624386
 30
0.0
 10
36.70819941503571
 20
112.4243697427273
 30
0.0
 10
36.49474914019708
 20
112.1748352929243
 30
0.0
 10
36.36362757784445
 20
112.0215473810502
 30
0.0
  0
LWPOLYLINE
  5
193
330
1F
100
AcDbEntity
  8
0
  6
Continuous
 62
     7
100
AcDbPolyline
 90
        3
 70
   128
 43
0.0
 10
37.6585423946
 20
113.3895666691
 10
38.3572313445
 20
113.5466950872
 10
38.9061869926
 20
113.67015313
  0
SPLINE
  5
194
330
1F
100
AcDbEntity
  8
0
  6
Continuous
 62
     7
100
AcDbSpline
210
0.0
220
0.0
230
1.0
 70
     8
 71
     3
 72
     9
 73
     5
 74
     0
 42
0.00000001
 43
0.00000001
 40
0.0
 40
0.0
 40
0.0
 40
0.0
 40
0.5335400719547854
 40
1.0
 40
1.0
 40
1.0
 40
1.0
 10
36.29907965660095
 20
111.4873898423391
 30
0.0
 10
36.07367195148054
 20
111.5480955142012
 30
0.0
 10
35.6511962707045
 20
111.6618745442179
 30
0.0
 10
35.33931922785187
 20
111.9669520764458
 30
0.0
 10
35.19384108488389
 20
112.1092585201771
 30
0.0
  0
SPLINE
  5
195
330
1F
100
AcDbEntity
  8
0
  6
Continuous
 62
     7
100
AcDbSpline
210
0.0
220
0.0
230
1.0
 70
     8
 71
     3
 72
     9
 73
     5
 74
     0
 42
0.00000001
 43
0.00000001
 40
0.0
 40
0.0
 40
0.0
 40
0.0
 40
0.4975053513512895
 40
1.0
 40
1.0
 40
1.0
 40
1.0
 10
38.90618681907654
 20
113.6701531300204
 30
0.0
 10
39.0188047107032
 20
113.357220531855
 30
0.0
 10
39.2451698971696
 20
112.7282170501528
 30
0.0
 10
39.08181335636132
 20
112.0797924654704
 30
0.0
 10
38.9997275687834
 20
111.7539625816152
 30
0.0
  0
SPLINE
  5
196
330
1F
100
AcDbEntity
  8
0
  6
Continuous
 62
     7
100
AcDbSpline
210
0.0
220
0.0
230
1.0
 70
     8
 71
     3
 72
     9
 73
     5
 74
     0
 42
0.00000001
 43
0.00000001
 40
0.0
 40
0.0
 40
0.0
 40
0.0
 40
0.4497901910295992
 40
1.0
 40
1.0
 40
1.0
 40
1.0
 10
39.86972570419312
 20
113.5721246850479
 30
0.0
 10
39.98465401574867
 20
113.3057610940642
 30
0.0
 10
40.24016939569168
 20
112.7135658966235
 30
0.0
 10
40.15051430268913
 20
112.0716812036393
 30
0.0
 10
40.10118519109497
 20
111.7185099493315
 30
0.0
  0
SPLINE
  5
197
330
1F
100
AcDbEntity
  8
0
  6
Continuous
 62
     7
100
AcDbSpline
210
0.0
220
0.0
230
1.0
 70
     8
 71
     3
 72
     9
 73
     5
 74
     0
 42
0.00000001
 43
0.00000001
 40
0.0
 40
0.0
 40
0.0
 40
0.0
 40
0.6306528782167384
 40
1.0
 40
1.0
 40
1.0
 40
1.0
 10
40.32930731773376
 20
111.239730248403
 30
0.0
 10
40.24249115599251
 20
111.3251643732749
 30
0.0
 10
40.10483038452859
 20
111.4606337064419
 30
0.0
 10
40.1021683908123
 20
111.6489542854882
 30
0.0
 10
40.10118519109497
 20
111.7185099493315
 30
0.0
  0
SPLINE
  5
198
330
1F
100
AcDbEntity
  8
0
  6
Continuous
 62
     7
100
AcDbSpline
210
0.0
220
0.0
230
1.0
 70
     8
 71
     3
 72
    13
 73
     9
 74
     0
 42
0.00000001
 43
0.00000001
 40
0.0
 40
0.0
 40
0.0
 40
0.0
 40
0.1404968878874408
 40
0.2798392111999281
 40
0.4450630158431524
 40
0.4716278651029184
 40
0.7011885370251519
 40
1.0
 40
1.0
 40
1.0
 40
1.0
 10
40.32930731773376
 20
111.239730248403
 30
0.0
 10
40.36320248030984
 20
111.1182305598664
 30
0.0
 10
40.43071426438852
 20
110.876229633637
 30
0.0
 10
40.34894269430674
 20
110.486865419012
 30
0.0
 10
39.94669152857041
 20
110.267952403871
 30
0.0
 10
40.19324971616119
 20
109.9599754285597
 30
0.0
 10
40.30629435878823
 20
109.431886867242
 30
0.0
 10
40.02745078488314
 20
109.0328174978707
 30
0.0
 10
39.86975576132562
 20
108.807130914089
 30
0.0
  0
SPLINE
  5
199
330
1F
100
AcDbEntity
  8
0
  6
Continuous
 62
     7
100
AcDbSpline
210
0.0
220
0.0
230
1.0
 70
     8
 71
     3
 72
     9
 73
     5
 74
     0
 42
0.00000001
 43
0.00000001
 40
0.0
 40
0.0
 40
0.0
 40
0.0
 40
0.4429863859204669
 40
1.0
 40
1.0
 40
1.0
 40
1.0
 10
39.8697555065155
 20
108.807130914089
 30
0.0
 10
39.91879205341002
 20
108.5851901342312
 30
0.0
 10
40.02948743469723
 20
108.0841797490096
 30
0.0
 10
39.87308866277758
 20
107.5927336024988
 30
0.0
 10
39.78597241759301
 20
107.3189914083053
 30
0.0
  0
SPLINE
  5
19A
330
1F
100
AcDbEntity
  8
0
  6
Continuous
 62
     7
100
AcDbSpline
210
0.0
220
0.0
230
1.0
 70
     8
 71
     3
 72
     9
 73
     5
 74
     0
 42
0.00000001
 43
0.00000001
 40
0.0
 40
0.0
 40
0.0
 40
0.0
 40
0.4639113438618095
 40
1.0
 40
1.0
 40
1.0
 40
1.0
 10
36.47112846374512
 20
108.4545645587655
 30
0.0
 10
36.9209716695654
 20
108.1049337529287
 30
0.0
 10
37.89064661235855
 20
107.3512750841704
 30
0.0
 10
39.12451146622671
 20
107.3302582790947
 30
0.0
 10
39.78597241759301
 20
107.3189914083053
 30
0.0
  0
SPLINE
  5
19B
330
1F
100
AcDbEntity
  8
0
  6
Continuous
 62
     7
100
AcDbSpline
210
0.0
220
0.0
230
1.0
 70
     8
 71
     3
 72
     9
 73
     5
 74
     0
 42
0.00000001
 43
0.00000001
 40
0.0
 40
0.0
 40
0.0
 40
0.0
 40
0.6677136384963819
 40
1.0
 40
1.0
 40
1.0
 40
1.0
 10
37.50103712081909
 20
107.6910285300906
 30
0.0
 10
37.42550758278917
 20
107.9614644594016
 30
0.0
 10
37.31239092068234
 20
108.3664822899794
 30
0.0
 10
37.38586184537726
 20
108.7758014215948
 30
0.0
 10
37.41027523162045
 20
108.9118125865332
 30
0.0
  0
SPLINE
  5
19C
330
1F
100
AcDbEntity
  8
0
  6
Continuous
 62
     7
100
AcDbSpline
210
0.0
220
0.0
230
1.0
 70
     8
 71
     3
 72
     9
 73
     5
 74
     0
 42
0.00000001
 43
0.00000001
 40
0.0
 40
0.0
 40
0.0
 40
0.0
 40
0.5802068790593303
 40
1.0
 40
1.0
 40
1.0
 40
1.0
 10
36.28063201904297
 20
111.1536600563636
 30
0.0
 10
36.24114931052179
 20
110.9866680671161
 30
0.0
 10
36.17309994753388
 20
110.6988535042859
 30
0.0
 10
36.27807100559005
 20
110.4252891827426
 30
0.0
 10
36.3221371336599
 20
110.310448762424
 30
0.0
  0
SPLINE
  5
19D
330
1F
100
AcDbEntity
  8
0
  6
Continuous
 62
     7
100
AcDbSpline
210
0.0
220
0.0
230
1.0
 70
     8
 71
     3
 72
     9
 73
     5
 74
     0
 42
0.00000001
 43
0.00000001
 40
0.0
 40
0.0
 40
0.0
 40
0.0
 40
0.7115639525750262
 40
1.0
 40
1.0
 40
1.0
 40
1.0
 10
40.10933637619019
 20
111.7839707189865
 30
0.0
 10
39.16006787633573
 20
111.8116950864801
 30
0.0
 10
37.82600858845415
 20
111.8506576665733
 30
0.0
 10
36.62659270711171
 20
111.3096935949745
 30
0.0
 10
36.28063793107856
 20
111.1536600563636
 30
0.0
  0
SPLINE
  5
19E
330
1F
100
AcDbEntity
  8
0
  6
Continuous
 62
     7
100
AcDbSpline
210
0.0
220
0.0
230
1.0
 70
     8
 71
     3
 72
     9
 73
     5
 74
     0
 42
0.00000001
 43
0.00000001
 40
0.0
 40
0.0
 40
0.0
 40
0.0
 40
0.5627661742780373
 40
1.0
 40
1.0
 40
1.0
 40
1.0
 10
40.03491997718811
 20
110.1774107453675
 30
0.0
 10
39.33750915369199
 20
110.1783121749494
 30
0.0
 10
38.098254103598
 20
110.1799139584664
 30
0.0
 10
36.86246564791932
 20
110.2707375959438
 30
0.0
 10
36.32213713365989
 20
110.310448762424
 30
0.0
  0
SPLINE
  5
19F
330
1F
100
AcDbEntity
  8
0
  6
Continuous
 62
     7
100
AcDbSpline
210
0.0
220
0.0
230
1.0
 70
     8
 71
     3
 72
     9
 73
     5
 74
     0
 42
0.00000001
 43
0.00000001
 40
0.0
 40
0.0
 40
0.0
 40
0.0
 40
0.6429511408918845
 40
1.0
 40
1.0
 40
1.0
 40
1.0
 10
36.36360168457032
 20
112.0215473810502
 30
0.0
 10
36.31677227049784
 20
111.8490376416831
 30
0.0
 10
36.24393716516229
 20
111.5807283901778
 30
0.0
 10
36.34929336410325
 20
111.3294491912894
 30
0.0
 10
36.38691067473508
 20
111.2397302400087
 30
0.0
  0
SPLINE
  5
1A0
330
1F
100
AcDbEntity
  8
0
  6
Continuous
 62
     7
100
AcDbSpline
210
0.0
220
0.0
230
1.0
 70
     8
 71
     3
 72
     9
 73
     5
 74
     0
 42
0.00000001
 43
0.00000001
 40
0.0
 40
0.0
 40
0.0
 40
0.0
 40
0.5405728285307209
 40
1.0
 40
1.0
 40
1.0
 40
1.0
 10
36.61751747131348
 20
112.3408070757861
 30
0.0
 10
36.83238527268698
 20
112.2462255066731
 30
0.0
 10
37.22986696254093
 20
112.0712600549873
 30
0.0
 10
37.54386952769799
 20
111.7722577947092
 30
0.0
 10
37.68813083804219
 20
111.6348880320066
 30
0.0
  0
SPLINE
  5
1A1
330
1F
100
AcDbEntity
  8
0
  6
Continuous
 62
     7
100
AcDbSpline
210
0.0
220
0.0
230
1.0
 70
     8
 71
     3
 72
     9
 73
     5
 74
     0
 42
0.00000001
 43
0.00000001
 40
0.0
 40
0.0
 40
0.0
 40
0.0
 40
0.5323990125344201
 40
1.0
 40
1.0
 40
1.0
 40
1.0
 10
37.83303499221802
 20
111.6549966507908
 30
0.0
 10
37.76221248908552
 20
111.3751410999781
 30
0.0
 10
37.62918725525694
 20
110.8494910814319
 30
0.0
 10
37.93819389802782
 20
110.4088755743207
 30
0.0
 10
38.0826857093209
 20
110.2028433281028
 30
0.0
  0
SPLINE
  5
1A2
330
1F
100
AcDbEntity
  8
0
  6
Continuous
 62
     7
100
AcDbSpline
210
0.0
220
0.0
230
1.0
 70
     8
 71
     3
 72
     9
 73
     5
 74
     0
 42
0.00000001
 43
0.00000001
 40
0.0
 40
0.0
 40
0.0
 40
0.0
 40
0.5550583383830879
 40
1.0
 40
1.0
 40
1.0
 40
1.0
 10
38.99970650672913
 20
111.7539625816152
 30
0.0
 10
39.03332311332562
 20
111.4618107714685
 30
0.0
 10
39.09388720951492
 20
110.9354664398118
 30
0.0
 10
39.016481296401
 20
110.4120013801724
 30
0.0
 10
38.98204018080114
 20
110.1790899667381
 30
0.0
  0
SPLINE
  5
1A3
330
1F
100
AcDbEntity
  8
0
  6
Continuous
 62
     7
100
AcDbSpline
210
0.0
220
0.0
230
1.0
 70
     8
 71
     3
 72
     9
 73
     5
 74
     0
 42
0.00000001
 43
0.00000001
 40
0.0
 40
0.0
 40
0.0
 40
0.0
 40
0.6673288997885898
 40
0.9999999999999999
 40
0.9999999999999999
 40
0.9999999999999999
 40
0.9999999999999999
 10
39.8697555065155
 20
108.807130914089
 30
0.0
 10
39.10497294210728
 20
108.7964331213064
 30
0.0
 10
37.95893750942859
 20
108.7804023562877
 30
0.0
 10
36.84253573951366
 20
109.0246304233979
 30
0.0
 10
36.47114113443809
 20
109.105878043186
 30
0.0
  0
SPLINE
  5
1A4
330
1F
100
AcDbEntity
  8
0
  6
Continuous
 62
     7
100
AcDbSpline
210
0.0
220
0.0
230
1.0
 70
     8
 71
     3
 72
     9
 73
     5
 74
     0
 42
0.00000001
 43
0.00000001
 40
0.0
 40
0.0
 40
0.0
 40
0.0
 40
0.6539819957119359
 40
1.0
 40
1.0
 40
1.0
 40
1.0
 10
36.38690710067749
 20
110.2213002162787
 30
0.0
 10
36.32093801619256
 20
109.9649199381342
 30
0.0
 10
36.22006507944893
 20
109.572890371838
 30
0.0
 10
36.40659754349421
 20
109.225931915737
 30
0.0
 10
36.47114113443809
 20
109.105878043186
 30
0.0
  0
SPLINE
  5
1A5
330
1F
100
AcDbEntity
  8
0
  6
Continuous
 62
     7
100
AcDbSpline
210
0.0
220
0.0
230
1.0
 70
     8
 71
     3
 72
     9
 73
     5
 74
     0
 42
0.00000001
 43
0.00000001
 40
0.0
 40
0.0
 40
0.0
 40
0.0
 40
0.553963258803882
 40
1.0
 40
1.0
 40
1.0
 40
1.0
 10
38.81168365478516
 20
110.1819971107026
 30
0.0
 10
38.86060501398042
 20
109.9287263095273
 30
0.0
 10
38.9489165733082
 20
109.4715284770894
 30
0.0
 10
38.84649592981199
 20
109.0187267972717
 30
0.0
 10
38.80081255975576
 20
108.8167606115977
 30
0.0
  0
SPLINE
  5
1A6
330
1F
100
AcDbEntity
  8
0
  6
Continuous
 62
     7
100
AcDbSpline
210
0.0
220
0.0
230
1.0
 70
     8
 71
     3
 72
     9
 73
     5
 74
     0
 42
0.00000001
 43
0.00000001
 40
0.0
 40
0.0
 40
0.0
 40
0.0
 40
0.5069041169393819
 40
1.0
 40
1.0
 40
1.0
 40
1.0
 10
37.68810629844666
 20
108.8807489132461
 30
0.0
 10
37.64888570728574
 20
109.1065526997002
 30
0.0
 10
37.57151290669037
 20
109.5520093036384
 30
0.0
 10
37.62981298910148
 20
110.0002664588864
 30
0.0
 10
37.6585605197205
 20
110.2213002166917
 30
0.0
  0
SPLINE
  5
1A7
330
1F
100
AcDbEntity
  8
0
  6
Continuous
 62
     7
100
AcDbSpline
210
0.0
220
0.0
230
1.0
 70
     8
 71
     3
 72
    10
 73
     6
 74
     0
 42
0.00000001
 43
0.00000001
 40
0.0
 40
0.0
 40
0.0
 40
0.0
 40
0.6261921747448731
 40
0.8248385124614657
 40
1.0
 40
1.0
 40
1.0
 40
1.0
 10
38.81168365478516
 20
108.8164686011826
 30
0.0
 10
38.79370324087875
 20
108.4777538659197
 30
0.0
 10
38.77001891766592
 20
108.0315889829159
 30
0.0
 10
38.45445084198489
 20
107.5516216660401
 30
0.0
 10
38.25082137055895
 20
107.5115376945376
 30
0.0
 10
38.1554032473634
 20
107.4927548665697
 30
0.0
  0
SPLINE
  5
1A8
330
1F
100
AcDbEntity
  8
0
  6
Continuous
 62
     7
100
AcDbSpline
210
0.0
220
0.0
230
1.0
 70
     8
 71
     3
 72
     9
 73
     5
 74
     0
 42
0.00000001
 43
0.00000001
 40
0.0
 40
0.0
 40
0.0
 40
0.0
 40
0.4299373412182491
 40
1.0
 40
1.0
 40
1.0
 40
1.0
 10
36.47112846374512
 20
109.041016860558
 30
0.0
 10
36.44983909319872
 20
108.9574521060576
 30
0.0
 10
36.40032171355898
 20
108.7630871451924
 30
0.0
 10
36.4454278247597
 20
108.5665837861059
 30
0.0
 10
36.47114113443809
 20
108.4545645587655
 30
0.0
  0
SPLINE
  5
1A9
330
1F
100
AcDbEntity
  8
0
  6
Continuous
 62
     7
100
AcDbSpline
210
0.0
220
0.0
230
1.0
 70
     8
 71
     3
 72
    12
 73
     8
 74
     0
 42
0.00000001
 43
0.00000001
 40
0.0
 40
0.0
 40
0.0
 40
0.0
 40
0.712054086097385
 40
0.7565719995327986
 40
0.7728059249296876
 40
0.7913974651436138
 40
1.0
 40
1.0
 40
1.0
 40
1.0
 10
29.63529527187347
 20
102.5863575823124
 30
0.0
 10
29.59352195108422
 20
102.7874706989655
 30
0.0
 10
29.54913694515036
 20
103.0011574901367
 30
0.0
 10
29.55039212418944
 20
103.2300956918597
 30
0.0
 10
29.56370498048727
 20
103.2505532678122
 30
0.0
 10
29.63549700416692
 20
103.2680025892793
 30
0.0
 10
29.69864624312042
 20
103.2410511951879
 30
0.0
 10
29.75662791062594
 20
103.2163052632192
 30
0.0
  0
SPLINE
  5
1AA
330
1F
100
AcDbEntity
  8
0
  6
Continuous
 62
     7
100
AcDbSpline
210
0.0
220
0.0
230
1.0
 70
     8
 71
     3
 72
    19
 73
    15
 74
     0
 42
0.00000001
 43
0.00000001
 40
0.0
 40
0.0
 40
0.0
 40
0.0
 40
0.150155224199101
 40
0.3041097107538364
 40
0.5566099229043292
 40
0.7377013232784684
 40
0.7803099918594506
 40
0.7954511163640139
 40
0.8004912293804417
 40
0.8048351013229089
 40
0.8158941081302129
 40
0.8309455694801917
 40
0.8730434497852635
 40
1.0
 40
1.0
 40
1.0
 40
1.0
 10
37.24446892738342
 20
100.4913756172002
 30
0.0
 10
37.1594839502831
 20
101.051332072552
 30
0.0
 10
36.98736368645444
 20
102.1854131315364
 30
0.0
 10
35.18438022188919
 20
103.65962186238
 30
0.0
 10
32.91126357296787
 20
102.8565845097001
 30
0.0
 10
31.25135068733651
 20
102.4264554993919
 30
0.0
 10
30.33138120266158
 20
102.5146490732488
 30
0.0
 10
30.14142303862884
 20
102.6412775394094
 30
0.0
 10
30.05097439601758
 20
102.6762326661884
 30
0.0
 10
29.97979434447288
 20
102.6320677865018
 30
0.0
 10
29.96415208780661
 20
102.5109507189938
 30
0.0
 10
29.93403735906313
 20
102.2669745960408
 30
0.0
 10
29.93279092446135
 20
101.5799230050666
 30
0.0
 10
29.92942391183308
 20
100.9582441798658
 30
0.0
 10
29.92689535161433
 20
100.4913756172002
 30
0.0
  0
SPLINE
  5
1AB
330
1F
100
AcDbEntity
  8
0
  6
Continuous
 62
     7
100
AcDbSpline
210
0.0
220
0.0
230
1.0
 70
     8
 71
     3
 72
    23
 73
    19
 74
     0
 42
0.00000001
 43
0.00000001
 40
0.0
 40
0.0
 40
0.0
 40
0.0
 40
0.1618918891452985
 40
0.2622286778309195
 40
0.3700417509250185
 40
0.5909226031594461
 40
0.7660746800068272
 40
0.7853731008246722
 40
0.792504464206897
 40
0.7987979328508031
 40
0.8202656700732548
 40
0.8463646958665025
 40
0.9554039396483063
 40
0.9896890545290292
 40
0.9976807713623359
 40
0.9994437251165148
 40
0.9998478549782899
 40
1.0
 40
1.0
 40
1.0
 40
1.0
 10
38.30888867378235
 20
100.4913756172002
 30
0.0
 10
38.38929997313513
 20
101.0879115522255
 30
0.0
 10
38.51954830628677
 20
102.0541664421163
 30
0.0
 10
39.45659045123512
 20
103.1809610204622
 30
0.0
 10
41.14291750288586
 20
103.3167235816753
 30
0.0
 10
42.79328562845354
 20
102.6750056426021
 30
0.0
 10
44.48841406600895
 20
102.3221397453594
 30
0.0
 10
45.11381405399457
 20
102.7210822343174
 30
0.0
 10
45.23320777405399
 20
102.756704522775
 30
0.0
 10
45.3603508905965
 20
102.7055184639491
 30
0.0
 10
45.41480646410362
 20
102.4885284089465
 30
0.0
 10
45.50664199481751
 20
101.939915855383
 30
0.0
 10
45.4905193534553
 20
101.301308054993
 30
0.0
 10
45.47041953764766
 20
100.7484678042254
 30
0.0
 10
45.46193277816577
 20
100.5869930667074
 30
0.0
 10
45.46064954212918
 20
100.54976452506
 30
0.0
 10
45.46039256214148
 20
100.5412460132117
 30
0.0
 10
45.46055254024253
 20
100.5392104120663
 30
0.0
 10
45.46059629535782
 20
100.5386536610972
 30
0.0
  0
SPLINE
  5
1AC
330
1F
100
AcDbEntity
  8
0
  6
Continuous
 62
     7
100
AcDbSpline
210
0.0
220
0.0
230
1.0
 70
     8
 71
     3
 72
     9
 73
     5
 74
     0
 42
0.00000001
 43
0.00000001
 40
0.0
 40
0.0
 40
0.0
 40
0.0
 40
0.5666912260609628
 40
1.0
 40
1.0
 40
1.0
 40
1.0
 10
37.03367710113525
 20
115.2115196813914
 30
0.0
 10
37.28182002640233
 20
115.093291216509
 30
0.0
 10
37.71970032850601
 20
114.8846617910913
 30
0.0
 10
38.12296276814364
 20
114.6155357983406
 30
0.0
 10
38.29769992143869
 20
114.4989211443866
 30
0.0
  0
SPLINE
  5
1AD
330
1F
100
AcDbEntity
  8
0
  6
Continuous
 62
     7
100
AcDbSpline
210
0.0
220
0.0
230
1.0
 70
     8
 71
     3
 72
     9
 73
     5
 74
     0
 42
0.00000001
 43
0.00000001
 40
0.0
 40
0.0
 40
0.0
 40
0.0
 40
0.6120378129831938
 40
1.0
 40
1.0
 40
1.0
 40
1.0
 10
38.35427761077882
 20
115.2115196813914
 30
0.0
 10
38.08200634844501
 20
115.0895952297299
 30
0.0
 10
37.63714615098972
 20
114.890384577912
 30
0.0
 10
37.24046996570311
 20
114.6083427202971
 30
0.0
 10
37.08657460532184
 20
114.4989211443866
 30
0.0
  0
SPLINE
  5
1AE
330
1F
100
AcDbEntity
  8
0
  6
Continuous
 62
     7
100
AcDbSpline
210
0.0
220
0.0
230
1.0
 70
     8
 71
     3
 72
     9
 73
     5
 74
     0
 42
0.00000001
 43
0.00000001
 40
0.0
 40
0.0
 40
0.0
 40
0.0
 40
0.5666954315620342
 40
0.9999999999999999
 40
0.9999999999999999
 40
0.9999999999999999
 40
0.9999999999999999
 10
37.02998161315918
 20
116.905135130711
 30
0.0
 10
37.27813021418246
 20
116.7869074299738
 30
0.0
 10
37.71601728226644
 20
116.5782809012379
 30
0.0
 10
38.11928326779049
 20
116.3091515647201
 30
0.0
 10
38.29402026161371
 20
116.1925365937063
 30
0.0
  0
SPLINE
  5
1AF
330
1F
100
AcDbEntity
  8
0
  6
Continuous
 62
     7
100
AcDbSpline
210
0.0
220
0.0
230
1.0
 70
     8
 71
     3
 72
     9
 73
     5
 74
     0
 42
0.00000001
 43
0.00000001
 40
0.0
 40
0.0
 40
0.0
 40
0.0
 40
0.6120411448105049
 40
1.0
 40
1.0
 40
1.0
 40
1.0
 10
38.35061192512512
 20
116.905135130711
 30
0.0
 10
38.07833560541498
 20
116.7832114484443
 30
0.0
 10
37.63346956655669
 20
116.5840031381854
 30
0.0
 10
37.2367902132738
 20
116.3019583621349
 30
0.0
 10
37.08289494549688
 20
116.1925365937063
 30
0.0
  0
SPLINE
  5
1B0
330
1F
100
AcDbEntity
  8
0
  6
Continuous
 62
     7
100
AcDbSpline
210
0.0
220
0.0
230
1.0
 70
     8
 71
     3
 72
     9
 73
     5
 74
     0
 42
0.00000001
 43
0.00000001
 40
0.0
 40
0.0
 40
0.0
 40
0.0
 40
0.5666915576793795
 40
1.0
 40
1.0
 40
1.0
 40
1.0
 10
37.04738616943359
 20
118.7139252806307
 30
0.0
 10
37.29552954225076
 20
118.5956968760029
 30
0.0
 10
37.73341037787376
 20
118.3870676789987
 30
0.0
 10
38.13667309711356
 20
118.1179414225816
 30
0.0
 10
38.31141023783333
 20
118.0013267436259
 30
0.0
  0
SPLINE
  5
1B1
330
1F
100
AcDbEntity
  8
0
  6
Continuous
 62
     7
100
AcDbSpline
210
0.0
220
0.0
230
1.0
 70
     8
 71
     3
 72
     9
 73
     5
 74
     0
 42
0.00000001
 43
0.00000001
 40
0.0
 40
0.0
 40
0.0
 40
0.0
 40
0.6120375154004373
 40
0.9999999999999999
 40
0.9999999999999999
 40
0.9999999999999999
 40
0.9999999999999999
 10
38.36798667907716
 20
118.7139252806307
 30
0.0
 10
38.09571586844045
 20
118.5920007602515
 30
0.0
 10
37.65085619270869
 20
118.3927898992971
 30
0.0
 10
37.25418029036897
 20
118.1107483023413
 30
0.0
 10
37.10028492171648
 20
118.0013267436259
 30
0.0
  0
SPLINE
  5
1B2
330
1F
100
AcDbEntity
  8
0
  6
Continuous
 62
     7
100
AcDbSpline
210
0.0
220
0.0
230
1.0
 70
     8
 71
     3
 72
     9
 73
     5
 74
     0
 42
0.00000001
 43
0.00000001
 40
0.0
 40
0.0
 40
0.0
 40
0.0
 40
0.5666901229331014
 40
1.0
 40
1.0
 40
1.0
 40
1.0
 10
37.04515099525452
 20
120.2409950839985
 30
0.0
 10
37.29329243175117
 20
120.1227664186804
 30
0.0
 10
37.7311709591063
 20
119.9141362334459
 30
0.0
 10
38.13443246865215
 20
119.645011117779
 30
0.0
 10
38.30916966377927
 20
119.5283965469937
 30
0.0
  0
SPLINE
  5
1B3
330
1F
100
AcDbEntity
  8
0
  6
Continuous
 62
     7
100
AcDbSpline
210
0.0
220
0.0
230
1.0
 70
     8
 71
     3
 72
     9
 73
     5
 74
     0
 42
0.00000001
 43
0.00000001
 40
0.0
 40
0.0
 40
0.0
 40
0.0
 40
0.6120388028863523
 40
1.0
 40
1.0
 40
1.0
 40
1.0
 10
38.36575150489807
 20
120.2409950839985
 30
0.0
 10
38.09347873999879
 20
120.119070860926
 30
0.0
 10
37.64861680703756
 20
119.9198609047967
 30
0.0
 10
37.25193968052992
 20
119.6378181801031
 30
0.0
 10
37.09804434766242
 20
119.5283965469937
 30
0.0
  0
SPLINE
  5
1B4
330
1F
100
AcDbEntity
  8
0
  6
Continuous
 62
     7
100
AcDbSpline
210
0.0
220
0.0
230
1.0
 70
     8
 71
     3
 72
     9
 73
     5
 74
     0
 42
0.00000001
 43
0.00000001
 40
0.0
 40
0.0
 40
0.0
 40
0.0
 40
0.5666892611028891
 40
0.9999999999999999
 40
0.9999999999999999
 40
0.9999999999999999
 40
0.9999999999999999
 10
37.04577684402466
 20
121.9212428194915
 30
0.0
 10
37.29391711740786
 20
121.803013997582
 30
0.0
 10
37.73179425822445
 20
121.5943832187327
 30
0.0
 10
38.13505504113075
 20
121.3252587882949
 30
0.0
 10
38.30979226894009
 20
121.2086442824867
 30
0.0
  0
SPLINE
  5
1B5
330
1F
100
AcDbEntity
  8
0
  6
Continuous
 62
     7
100
AcDbSpline
210
0.0
220
0.0
230
1.0
 70
     8
 71
     3
 72
     9
 73
     5
 74
     0
 42
0.00000001
 43
0.00000001
 40
0.0
 40
0.0
 40
0.0
 40
0.0
 40
0.612039576253065
 40
0.9999999999999999
 40
0.9999999999999999
 40
0.9999999999999999
 40
0.9999999999999999
 10
38.36637735366821
 20
121.9212428194915
 30
0.0
 10
38.09410341487798
 20
121.7993187750066
 30
0.0
 10
37.64924012604115
 20
121.6001093623878
 30
0.0
 10
37.2525622641958
 20
121.3180659602825
 30
0.0
 10
37.09866695282324
 20
121.2086442824867
 30
0.0
  0
SPLINE
  5
1B6
330
1F
100
AcDbEntity
  8
0
  6
Continuous
 62
     7
100
AcDbSpline
210
0.0
220
0.0
230
1.0
 70
     8
 71
     3
 72
     9
 73
     5
 74
     0
 42
0.00000001
 43
0.00000001
 40
0.0
 40
0.0
 40
0.0
 40
0.0
 40
0.5666946236536805
 40
1.0
 40
1.0
 40
1.0
 40
1.0
 10
37.02074289321899
 20
106.2816048697443
 30
0.0
 10
37.26889040388027
 20
106.1633770222072
 30
0.0
 10
37.70677617216474
 20
105.954749936997
 30
0.0
 10
38.11004147649021
 20
105.6856212428448
 30
0.0
 10
38.28477850094838
 20
105.5690063327396
 30
0.0
  0
SPLINE
  5
1B7
330
1F
100
AcDbEntity
  8
0
  6
Continuous
 62
     7
100
AcDbSpline
210
0.0
220
0.0
230
1.0
 70
     8
 71
     3
 72
     9
 73
     5
 74
     0
 42
0.00000001
 43
0.00000001
 40
0.0
 40
0.0
 40
0.0
 40
0.0
 40
0.6120347640686281
 40
1.0
 40
1.0
 40
1.0
 40
1.0
 10
38.34134340286255
 20
106.2816048697443
 30
0.0
 10
38.06907676841153
 20
106.1596797140364
 30
0.0
 10
37.62422191630956
 20
105.9604669194928
 30
0.0
 10
37.22754862995843
 20
105.6784277324734
 30
0.0
 10
37.07365318483154
 20
105.5690063327396
 30
0.0
  0
SPLINE
  5
1B8
330
1F
100
AcDbEntity
  8
0
  6
Continuous
 62
     7
100
AcDbSpline
210
0.0
220
0.0
230
1.0
 70
     8
 71
     3
 72
     9
 73
     5
 74
     0
 42
0.00000001
 43
0.00000001
 40
0.0
 40
0.0
 40
0.0
 40
0.0
 40
0.5507078300110531
 40
1.0
 40
1.0
 40
1.0
 40
1.0
 10
21.91409468650818
 20
114.2968757746725
 30
0.0
 10
21.6289360483382
 20
113.9753312947556
 30
0.0
 10
21.11113219186452
 20
113.3914563934119
 30
0.0
 10
20.70564456185361
 20
112.725157360191
 30
0.0
 10
20.52346214466234
 20
112.4257944216937
 30
0.0
  0
SPLINE
  5
1B9
330
1F
100
AcDbEntity
  8
0
  6
Continuous
 62
     7
100
AcDbSpline
210
0.0
220
0.0
230
1.0
 70
     8
 71
     3
 72
     9
 73
     5
 74
     0
 42
0.00000001
 43
0.00000001
 40
0.0
 40
0.0
 40
0.0
 40
0.0
 40
0.5784930992960446
 40
1.0
 40
1.0
 40
1.0
 40
1.0
 10
22.05035090446472
 20
113.30501884964
 30
0.0
 10
21.77968080937228
 20
113.0039557064147
 30
0.0
 10
21.31179260911232
 20
112.4835291990084
 30
0.0
 10
20.96170003862879
 20
111.878469378869
 30
0.0
 10
20.8141336042848
 20
111.6234324893416
 30
0.0
  0
SPLINE
  5
1BA
330
1F
100
AcDbEntity
  8
0
  6
Continuous
 62
     7
100
AcDbSpline
210
0.0
220
0.0
230
1.0
 70
     8
 71
     3
 72
     9
 73
     5
 74
     0
 42
0.00000001
 43
0.00000001
 40
0.0
 40
0.0
 40
0.0
 40
0.0
 40
0.5479169501215245
 40
1.0
 40
1.0
 40
1.0
 40
1.0
 10
25.29817819595337
 20
111.4030315198503
 30
0.0
 10
24.88710100450404
 20
111.1956885102162
 30
0.0
 10
24.1368464424611
 20
110.8172680039916
 30
0.0
 10
23.47489878250456
 20
110.3005003991388
 30
0.0
 10
23.17564346553149
 20
110.0668785242585
 30
0.0
  0
SPLINE
  5
1BB
330
1F
100
AcDbEntity
  8
0
  6
Continuous
 62
     7
100
AcDbSpline
210
0.0
220
0.0
230
1.0
 70
     8
 71
     3
 72
     9
 73
     5
 74
     0
 42
0.00000001
 43
0.00000001
 40
0.0
 40
0.0
 40
0.0
 40
0.0
 40
0.5567513903848148
 40
0.9999999999999999
 40
0.9999999999999999
 40
0.9999999999999999
 40
0.9999999999999999
 10
24.40141141414642
 20
109.8599493233594
 30
0.0
 10
24.10092132066016
 20
109.6862318075577
 30
0.0
 10
23.56120090203928
 20
109.3742119027999
 30
0.0
 10
23.07215926246974
 20
108.9879643169798
 30
0.0
 10
22.85539223568661
 20
108.8167606115977
 30
0.0
  0
SPLINE
  5
1BC
330
1F
100
AcDbEntity
  8
0
  6
Continuous
 62
     7
100
AcDbSpline
210
0.0
220
0.0
230
1.0
 70
     8
 71
     3
 72
     9
 73
     5
 74
     0
 42
0.00000001
 43
0.00000001
 40
0.0
 40
0.0
 40
0.0
 40
0.0
 40
0.4321016609905159
 40
1.0
 40
1.0
 40
1.0
 40
1.0
 10
22.45399355888367
 20
115.9425946589363
 30
0.0
 10
22.49179725076931
 20
115.7660770567924
 30
0.0
 10
22.57928520857763
 20
115.3575676293136
 30
0.0
 10
22.85329328032704
 20
115.0391406014797
 30
0.0
 10
23.00890200914871
 20
114.858306421277
 30
0.0
  0
SPLINE
  5
1BD
330
1F
100
AcDbEntity
  8
0
  6
Continuous
 62
     7
100
AcDbSpline
210
0.0
220
0.0
230
1.0
 70
     8
 71
     3
 72
     9
 73
     5
 74
     0
 42
0.00000001
 43
0.00000001
 40
0.0
 40
0.0
 40
0.0
 40
0.0
 40
0.6575818739932212
 40
1.0
 40
1.0
 40
1.0
 40
1.0
 10
23.00889790058136
 20
114.858306421277
 30
0.0
 10
23.43978232869631
 20
115.0811639557873
 30
0.0
 10
24.09503826739541
 20
115.4200685748531
 30
0.0
 10
24.73547957164674
 20
115.1185122694631
 30
0.0
 10
24.95477828286581
 20
115.0152539244858
 30
0.0
  0
SPLINE
  5
1BE
330
1F
100
AcDbEntity
  8
0
  6
Continuous
 62
     7
100
AcDbSpline
210
0.0
220
0.0
230
1.0
 70
     8
 71
     3
 72
     9
 73
     5
 74
     0
 42
0.00000001
 43
0.00000001
 40
0.0
 40
0.0
 40
0.0
 40
0.0
 40
0.5451635088589664
 40
1.0
 40
1.0
 40
1.0
 40
1.0
 10
23.17564189434052
 20
114.8396399277824
 30
0.0
 10
23.31167639336541
 20
114.6064393815674
 30
0.0
 10
23.56120611575936
 20
114.1786768068069
 30
0.0
 10
23.8991889212227
 20
113.8172275689703
 30
0.0
 10
24.05291583452565
 20
113.6528272659071
 30
0.0
  0
SPLINE
  5
1BF
330
1F
100
AcDbEntity
  8
0
  6
Continuous
 62
     7
100
AcDbSpline
210
0.0
220
0.0
230
1.0
 70
     8
 71
     3
 72
     9
 73
     5
 74
     0
 42
0.00000001
 43
0.00000001
 40
0.0
 40
0.0
 40
0.0
 40
0.0
 40
0.6074876383147718
 40
1.0
 40
1.0
 40
1.0
 40
1.0
 10
24.05290305614471
 20
113.6528272659071
 30
0.0
 10
24.39816854596247
 20
113.8113046399291
 30
0.0
 10
24.96651836584613
 20
114.0721780536854
 30
0.0
 10
25.52869677258858
 20
113.8331732706219
 30
0.0
 10
25.74935874670749
 20
113.7393609387676
 30
0.0
  0
SPLINE
  5
1C0
330
1F
100
AcDbEntity
  8
0
  6
Continuous
 62
     7
100
AcDbSpline
210
0.0
220
0.0
230
1.0
 70
     8
 71
     3
 72
     9
 73
     5
 74
     0
 42
0.00000001
 43
0.00000001
 40
0.0
 40
0.0
 40
0.0
 40
0.0
 40
0.5624671378747638
 40
1.0
 40
1.0
 40
1.0
 40
1.0
 10
24.36535060405731
 20
113.5739424626834
 30
0.0
 10
24.53326010506997
 20
113.3106510342469
 30
0.0
 10
24.83178332483902
 20
112.8425500365046
 30
0.0
 10
25.22567613363923
 20
112.4520974139059
 30
0.0
 10
25.39801718164414
 20
112.2812615604159
 30
0.0
  0
SPLINE
  5
1C1
330
1F
100
AcDbEntity
  8
0
  6
Continuous
 62
     7
100
AcDbSpline
210
0.0
220
0.0
230
1.0
 70
     8
 71
     3
 72
     9
 73
     5
 74
     0
 42
0.00000001
 43
0.00000001
 40
0.0
 40
0.0
 40
0.0
 40
0.0
 40
0.625625901866031
 40
1.0
 40
1.0
 40
1.0
 40
1.0
 10
25.39801597595215
 20
112.2812615604159
 30
0.0
 10
25.74373372630002
 20
112.364145890741
 30
0.0
 10
26.29632873446179
 20
112.496628145836
 30
0.0
 10
26.83608772958997
 20
112.3399265711247
 30
0.0
 10
27.03815951660077
 20
112.2812615604159
 30
0.0
  0
SPLINE
  5
1C2
330
1F
100
AcDbEntity
  8
0
  6
Continuous
 62
     7
100
AcDbSpline
210
0.0
220
0.0
230
1.0
 70
     8
 71
     3
 72
     9
 73
     5
 74
     0
 42
0.00000001
 43
0.00000001
 40
0.0
 40
0.0
 40
0.0
 40
0.0
 40
0.5095034338775177
 40
1.0
 40
1.0
 40
1.0
 40
1.0
 10
23.47701787948608
 20
106.1595134240392
 30
0.0
 10
23.76112548764635
 20
107.0584132632509
 30
0.0
 10
24.31874215766189
 20
108.8226797616544
 30
0.0
 10
25.8734805973385
 20
109.8208497907474
 30
0.0
 10
26.63607446321851
 20
110.310448762424
 30
0.0
  0
SPLINE
  5
1C3
330
1F
100
AcDbEntity
  8
0
  6
Continuous
 62
     7
100
AcDbSpline
210
0.0
220
0.0
230
1.0
 70
     8
 71
     3
 72
    13
 73
     9
 74
     0
 42
0.00000001
 43
0.00000001
 40
0.0
 40
0.0
 40
0.0
 40
0.0
 40
0.0116743779095187
 40
0.0270088256115891
 40
0.0746504318834893
 40
0.2224307721918773
 40
0.5518691987070424
 40
1.0
 40
1.0
 40
1.0
 40
1.0
 10
29.11557257175446
 20
113.3895666691448
 30
0.0
 10
29.09001554452939
 20
113.3896370430539
 30
0.0
 10
29.0308890285966
 20
113.3897998540106
 30
0.0
 10
28.91485251636721
 20
113.2674146395738
 30
0.0
 10
28.71218997720482
 20
112.8783372716995
 30
0.0
 10
28.34349670835672
 20
111.8247682563325
 30
0.0
 10
27.48097869281845
 20
110.0600401970979
 30
0.0
 10
26.40812405833756
 20
108.8079271661128
 30
0.0
 10
25.7898135724969
 20
108.0863059961671
 30
0.0
  0
SPLINE
  5
1C4
330
1F
100
AcDbEntity
  8
0
  6
Continuous
 62
     7
100
AcDbSpline
210
0.0
220
0.0
230
1.0
 70
     8
 71
     3
 72
     9
 73
     5
 74
     0
 42
0.00000001
 43
0.00000001
 40
0.0
 40
0.0
 40
0.0
 40
0.0
 40
0.5111414807879151
 40
1.0
 40
1.0
 40
1.0
 40
1.0
 10
30.38978576660156
 20
107.7337065630186
 30
0.0
 10
31.08310079942834
 20
107.9188707108916
 30
0.0
 10
32.43950613706215
 20
108.2811268666387
 30
0.0
 10
33.7473258230486
 20
108.7915111538778
 30
0.0
 10
34.38666461813634
 20
109.0410168607666
 30
0.0
  0
SPLINE
  5
1C5
330
1F
100
AcDbEntity
  8
0
  6
Continuous
 62
     7
100
AcDbSpline
210
0.0
220
0.0
230
1.0
 70
     8
 71
     3
 72
     9
 73
     5
 74
     0
 42
0.00000001
 43
0.00000001
 40
0.0
 40
0.0
 40
0.0
 40
0.0
 40
0.4830149637867435
 40
1.0
 40
1.0
 40
1.0
 40
1.0
 10
28.32303941249847
 20
109.3168511084607
 30
0.0
 10
27.40480986815955
 20
108.4307486638524
 30
0.0
 10
25.50377239896777
 20
106.5962248684375
 30
0.0
 10
24.32525927727702
 20
104.2298686267602
 30
0.0
 10
23.71598562838194
 20
103.0064978594631
 30
0.0
  0
SPLINE
  5
1C6
330
1F
100
AcDbEntity
  8
0
  6
Continuous
 62
     7
100
AcDbSpline
210
0.0
220
0.0
230
1.0
 70
     8
 71
     3
 72
     9
 73
     5
 74
     0
 42
0.00000001
 43
0.00000001
 40
0.0
 40
0.0
 40
0.0
 40
0.0
 40
0.5282075670560726
 40
1.0
 40
1.0
 40
1.0
 40
1.0
 10
29.75662052631378
 20
103.5067953141753
 30
0.0
 10
28.85021997361547
 20
104.254839170851
 30
0.0
 10
27.13422685040052
 20
105.6710321664284
 30
0.0
 10
27.54519471985457
 20
107.8356874680297
 30
0.0
 10
27.73908625084608
 20
108.8569554592572
 30
0.0
  0
SPLINE
  5
1C7
330
1F
100
AcDbEntity
  8
0
  6
Continuous
 62
     7
100
AcDbSpline
210
0.0
220
0.0
230
1.0
 70
     8
 71
     3
 72
     9
 73
     5
 74
     0
 42
0.00000001
 43
0.00000001
 40
0.0
 40
0.0
 40
0.0
 40
0.0
 40
0.5622583159746605
 40
1.0
 40
1.0
 40
1.0
 40
1.0
 10
28.57045829296112
 20
102.4502524995
 30
0.0
 10
28.00619291136127
 20
103.067980886982
 30
0.0
 10
27.00262326095653
 20
104.1666367359597
 30
0.0
 10
27.02733997887537
 20
105.6376715938093
 30
0.0
 10
27.03815951660075
 20
106.2816048697443
 30
0.0
  0
SPLINE
  5
1C8
330
1F
100
AcDbEntity
  8
0
  6
Continuous
 62
     7
100
AcDbSpline
210
0.0
220
0.0
230
1.0
 70
     8
 71
     3
 72
    11
 73
     7
 74
     0
 42
0.00000001
 43
0.00000001
 40
0.0
 40
0.0
 40
0.0
 40
0.0
 40
0.3078968337529107
 40
0.583188285561903
 40
0.8130520313629062
 40
1.0
 40
1.0
 40
1.0
 40
1.0
 10
31.16604685783386
 20
103.7197144472475
 30
0.0
 10
30.55617846104208
 20
104.4139109270623
 30
0.0
 10
29.40102496235813
 20
105.7287904923106
 30
0.0
 10
29.16403648254705
 20
108.1377487586181
 30
0.0
 10
29.72920377138987
 20
110.3459999853234
 30
0.0
 10
30.97768803983016
 20
110.6854971150102
 30
0.0
 10
31.53765694131588
 20
110.837768024283
 30
0.0
  0
SPLINE
  5
1C9
330
1F
100
AcDbEntity
  8
0
  6
Continuous
 62
     7
100
AcDbSpline
210
0.0
220
0.0
230
1.0
 70
     8
 71
     3
 72
     9
 73
     5
 74
     0
 42
0.00000001
 43
0.00000001
 40
0.0
 40
0.0
 40
0.0
 40
0.0
 40
0.4633639174826594
 40
1.0
 40
1.0
 40
1.0
 40
1.0
 10
31.53765201568604
 20
110.837768024283
 30
0.0
 10
30.67980458688858
 20
110.5795147166046
 30
0.0
 10
28.82845752158854
 20
110.0221702667359
 30
0.0
 10
28.66056709239398
 20
108.0659118704583
 30
0.0
 10
28.57047103017886
 20
107.0161130282881
 30
0.0
  0
SPLINE
  5
1CA
330
1F
100
AcDbEntity
  8
0
  6
Continuous
 62
     7
100
AcDbSpline
210
0.0
220
0.0
230
1.0
 70
     8
 71
     3
 72
     9
 73
     5
 74
     0
 42
0.00000001
 43
0.00000001
 40
0.0
 40
0.0
 40
0.0
 40
0.0
 40
0.477881883924074
 40
1.0
 40
1.0
 40
1.0
 40
1.0
 10
-1.002373173832894
 20
113.1463941731479
 30
0.0
 10
-1.155276345646741
 20
112.8127721288142
 30
0.0
 10
-1.47523652191101
 20
112.1146455507689
 30
0.0
 10
-1.594255287548306
 20
111.3555408298994
 30
0.0
 10
-1.656397141240534
 20
110.9591985031347
 30
0.0
  0
SPLINE
  5
1CB
330
1F
100
AcDbEntity
  8
0
  6
Continuous
 62
     7
100
AcDbSpline
210
0.0
220
0.0
230
1.0
 70
     8
 71
     3
 72
     9
 73
     5
 74
     0
 42
0.00000001
 43
0.00000001
 40
0.0
 40
0.0
 40
0.0
 40
0.0
 40
0.5486468443236242
 40
1.0
 40
1.0
 40
1.0
 40
1.0
 10
-2.348003908991814
 20
110.2829620175538
 30
0.0
 10
-2.477452389194818
 20
109.8788776884252
 30
0.0
 10
-2.713393744808719
 20
109.1423668831426
 30
0.0
 10
-2.845390837123324
 20
108.3805781104863
 30
0.0
 10
-2.904968141279627
 20
108.036742343989
 30
0.0
  0
LWPOLYLINE
  5
1CC
330
1F
100
AcDbEntity
  8
0
  6
Continuous
 62
     7
100
AcDbPolyline
 90
        3
 70
   128
 43
0.0
 10
1.5274612233
 20
115.6246120207
 10
1.4377950503
 20
115.2208203487
 10
1.3673428839
 20
114.9035554635
  0
SPLINE
  5
1CD
330
1F
100
AcDbEntity
  8
0
  6
Continuous
 62
     7
100
AcDbSpline
210
0.0
220
0.0
230
1.0
 70
     8
 71
     3
 72
     9
 73
     5
 74
     0
 42
0.00000001
 43
0.00000001
 40
0.0
 40
0.0
 40
0.0
 40
0.0
 40
0.6214120383844614
 40
1.0
 40
1.0
 40
1.0
 40
1.0
 10
2.093929797410965
 20
104.3085723318287
 30
0.0
 10
1.24315400944186
 20
103.7090335699922
 30
0.0
 10
-0.1259469017360775
 20
102.7442328825204
 30
0.0
 10
0.3080256837682068
 20
101.2183502754162
 30
0.0
 10
0.4723224803112989
 20
100.640669489528
 30
0.0
  0
SPLINE
  5
1CE
330
1F
100
AcDbEntity
  8
0
  6
Continuous
 62
     7
100
AcDbSpline
210
0.0
220
0.0
230
1.0
 70
     8
 71
     3
 72
    12
 73
     8
 74
     0
 42
0.00000001
 43
0.00000001
 40
0.0
 40
0.0
 40
0.0
 40
0.0
 40
0.1380928106468908
 40
0.2243709320168384
 40
0.3477038192784808
 40
0.4923769198016478
 40
1.0
 40
1.0
 40
1.0
 40
1.0
 10
0.4723223391920328
 20
100.640669489528
 30
0.0
 10
0.3116931142397329
 20
100.5040220290219
 30
0.0
 10
0.0507053861830777
 20
100.2819994781893
 30
0.0
 10
0.2689493129138918
 20
99.82313298615928
 30
0.0
 10
0.6488364867672617
 20
99.44929558460002
 30
0.0
 10
-0.0769320649878542
 20
98.479669276155
 30
0.0
 10
-0.2399208870538801
 20
97.66235191560297
 30
0.0
 10
-0.3667603356668401
 20
97.0263077866858
 30
0.0
  0
SPLINE
  5
1CF
330
1F
100
AcDbEntity
  8
0
  6
Continuous
 62
     7
100
AcDbSpline
210
0.0
220
0.0
230
1.0
 70
     8
 71
     3
 72
    10
 73
     6
 74
     0
 42
0.00000001
 43
0.00000001
 40
0.0
 40
0.0
 40
0.0
 40
0.0
 40
0.2339201280437919
 40
0.5170858583855901
 40
1.0
 40
1.0
 40
1.0
 40
1.0
 10
-0.2723222132772207
 20
104.0412221987212
 30
0.0
 10
-1.018572161180864
 20
104.2128652788641
 30
0.0
 10
-2.668174947007475
 20
104.592286281126
 30
0.0
 10
-5.311858613464051
 20
106.5907385225128
 30
0.0
 10
-6.979575620442835
 20
108.4241128751326
 30
0.0
 10
-8.030855201544986
 20
109.5798179578055
 30
0.0
  0
SPLINE
  5
1D0
330
1F
100
AcDbEntity
  8
0
  6
Continuous
 62
     7
100
AcDbSpline
210
0.0
220
0.0
230
1.0
 70
     8
 71
     3
 72
    17
 73
    13
 74
     0
 42
0.00000001
 43
0.00000001
 40
0.0
 40
0.0
 40
0.0
 40
0.0
 40
0.0204477912517095
 40
0.0323129657949702
 40
0.066659713570824
 40
0.108217961017454
 40
0.2047801139761362
 40
0.4325135237797932
 40
0.6125911225842031
 40
0.8281477124224267
 40
0.9341454230954898
 40
1.0
 40
1.0
 40
1.0
 40
1.0
 10
-0.2723222132772207
 20
104.0412221987212
 30
0.0
 10
-0.1961042566765442
 20
104.015108355697
 30
0.0
 10
-0.0756595497503482
 20
103.9738415163583
 30
0.0
 10
-0.0779604562727897
 20
103.7094052649222
 30
0.0
 10
-0.3793537059207244
 20
103.5405008298175
 30
0.0
 10
-0.8843756516244454
 20
103.2619140797911
 30
0.0
 10
-2.077763315509213
 20
102.793748122674
 30
0.0
 10
-3.762482599536284
 20
102.1901214069904
 30
0.0
 10
-5.173026476936145
 20
100.474430735462
 30
0.0
 10
-6.166049746607595
 20
99.10301281850185
 30
0.0
 10
-7.178493441597762
 20
98.10857955577977
 30
0.0
 10
-7.783129617564975
 20
98.04379627330437
 30
0.0
 10
-8.014828945579492
 20
98.0189710253077
 30
0.0
  0
SPLINE
  5
1D1
330
1F
100
AcDbEntity
  8
0
  6
Continuous
 62
     7
100
AcDbSpline
210
0.0
220
0.0
230
1.0
 70
     8
 71
     3
 72
     9
 73
     5
 74
     0
 42
0.00000001
 43
0.00000001
 40
0.0
 40
0.0
 40
0.0
 40
0.0
 40
0.5968479808986047
 40
1.0
 40
1.0
 40
1.0
 40
1.0
 10
-8.014827966690063
 20
98.0189710253077
 30
0.0
 10
-8.025949944249142
 20
98.11166563118975
 30
0.0
 10
-8.0445844674695
 20
98.2669725248187
 30
0.0
 10
-8.023378267795524
 20
98.42161812636007
 30
0.0
 10
-8.014828945579492
 20
98.48396381286662
 30
0.0
  0
SPLINE
  5
1D2
330
1F
100
AcDbEntity
  8
0
  6
Continuous
 62
     7
100
AcDbSpline
210
0.0
220
0.0
230
1.0
 70
     8
 71
     3
 72
     9
 73
     5
 74
     0
 42
0.00000001
 43
0.00000001
 40
0.0
 40
0.0
 40
0.0
 40
0.0
 40
0.6289271301007572
 40
1.0
 40
1.0
 40
1.0
 40
1.0
 10
-1.985963433980942
 20
103.9411578724862
 30
0.0
 10
-3.346900415707515
 20
103.9567482646815
 30
0.0
 10
-5.51080290391556
 20
103.9815371336126
 30
0.0
 10
-7.508044180817958
 20
103.1854174852617
 30
0.0
 10
-8.24916623331936
 20
102.889999082565
 30
0.0
  0
SPLINE
  5
1D3
330
1F
100
AcDbEntity
  8
0
  6
Continuous
 62
     7
100
AcDbSpline
210
0.0
220
0.0
230
1.0
 70
     8
 71
     3
 72
    11
 73
     7
 74
     0
 42
0.00000001
 43
0.00000001
 40
0.0
 40
0.0
 40
0.0
 40
0.0
 40
0.4100322828518492
 40
0.659027745655356
 40
0.8206909323068663
 40
1.0
 40
1.0
 40
1.0
 40
1.0
 10
-0.5386597476899624
 20
103.7197144472475
 30
0.0
 10
-1.776750089481118
 20
103.3860084820894
 30
0.0
 10
-3.76668093393393
 20
102.8496568358231
 30
0.0
 10
-5.38619771513731
 20
100.8752965370462
 30
0.0
 10
-6.319055462469611
 20
99.32772417768018
 30
0.0
 10
-7.211497230009736
 20
98.77475627064419
 30
0.0
 10
-7.680810786374019
 20
98.48396381286662
 30
0.0
  0
SPLINE
  5
1D4
330
1F
100
AcDbEntity
  8
0
  6
Continuous
 62
     7
100
AcDbSpline
210
0.0
220
0.0
230
1.0
 70
     8
 71
     3
 72
    10
 73
     6
 74
     0
 42
0.00000001
 43
0.00000001
 40
0.0
 40
0.0
 40
0.0
 40
0.0
 40
0.5824436774423282
 40
0.7748644240966424
 40
1.0
 40
1.0
 40
1.0
 40
1.0
 10
-7.680807262659073
 20
98.48396381286662
 30
0.0
 10
-7.751898914913417
 20
98.46539902624139
 30
0.0
 10
-7.846476973386024
 20
98.44070102838519
 30
0.0
 10
-7.945037257880924
 20
98.52170770282376
 30
0.0
 10
-7.947612287525113
 20
98.57231381256948
 30
0.0
 10
-7.949000676948514
 20
98.59959931885052
 30
0.0
  0
SPLINE
  5
1D5
330
1F
100
AcDbEntity
  8
0
  6
Continuous
 62
     7
100
AcDbSpline
210
0.0
220
0.0
230
1.0
 70
     8
 71
     3
 72
     9
 73
     5
 74
     0
 42
0.00000001
 43
0.00000001
 40
0.0
 40
0.0
 40
0.0
 40
0.0
 40
0.5395608934339544
 40
1.0
 40
1.0
 40
1.0
 40
1.0
 10
-0.2062224084511399
 20
97.99224998113048
 30
0.0
 10
-0.9421968324484545
 20
98.67499473305415
 30
0.0
 10
-2.306221603245529
 20
99.94036581578484
 30
0.0
 10
-4.153757214925832
 20
100.0045609929207
 30
0.0
 10
-5.004434861316863
 20
100.034118962927
 30
0.0
  0
SPLINE
  5
1D6
330
1F
100
AcDbEntity
  8
0
  6
Continuous
 62
     7
100
AcDbSpline
210
0.0
220
0.0
230
1.0
 70
     8
 71
     3
 72
     9
 73
     5
 74
     0
 42
0.00000001
 43
0.00000001
 40
0.0
 40
0.0
 40
0.0
 40
0.0
 40
0.569192349124075
 40
0.9999999999999999
 40
0.9999999999999999
 40
0.9999999999999999
 40
0.9999999999999999
 10
-0.4564581904560328
 20
101.0802551761084
 30
0.0
 10
-0.8206314934978824
 20
101.2891541590606
 30
0.0
 10
-1.460438587887455
 20
101.6561636300658
 30
0.0
 10
-2.192926113717137
 20
101.7058685269787
 30
0.0
 10
-2.50848734401574
 20
101.7272817768548
 30
0.0
  0
SPLINE
  5
1D7
330
1F
100
AcDbEntity
  8
0
  6
Continuous
 62
     7
100
AcDbSpline
210
0.0
220
0.0
230
1.0
 70
     8
 71
     3
 72
     9
 73
     5
 74
     0
 42
0.00000001
 43
0.00000001
 40
0.0
 40
0.0
 40
0.0
 40
0.0
 40
0.5822770789515705
 40
0.9999999999999999
 40
0.9999999999999999
 40
0.9999999999999999
 40
0.9999999999999999
 10
-0.4564581904560328
 20
100.2216021606305
 30
0.0
 10
-0.7562464472822411
 20
100.4609043390823
 30
0.0
 10
-1.271101432414058
 20
100.871880809052
 30
0.0
 10
-1.909625473795319
 20
101.0188590118889
 30
0.0
 10
-2.176351601520748
 20
101.0802551761084
 30
0.0
  0
SPLINE
  5
1D8
330
1F
100
AcDbEntity
  8
0
  6
Continuous
 62
     7
100
AcDbSpline
210
0.0
220
0.0
230
1.0
 70
     8
 71
     3
 72
     9
 73
     5
 74
     0
 42
0.00000001
 43
0.00000001
 40
0.0
 40
0.0
 40
0.0
 40
0.0
 40
0.5605237743314775
 40
1.0
 40
1.0
 40
1.0
 40
1.0
 10
-0.6799343973398209
 20
99.93538448880457
 30
0.0
 10
-1.283172309247249
 20
100.0862549749562
 30
0.0
 10
-2.359376280482715
 20
100.3554148091338
 30
0.0
 10
-3.346578727931754
 20
100.8589593304322
 30
0.0
 10
-3.780430733507384
 20
101.0802551761084
 30
0.0
  0
SPLINE
  5
1D9
330
1F
100
AcDbEntity
  8
0
  6
Continuous
 62
     7
100
AcDbSpline
210
0.0
220
0.0
230
1.0
 70
     8
 71
     3
 72
    14
 73
    10
 74
     0
 42
0.00000001
 43
0.00000001
 40
0.0
 40
0.0
 40
0.0
 40
0.0
 40
0.2939796069812799
 40
0.4713429931833278
 40
0.5025065980269762
 40
0.5128465922316261
 40
0.5229380189295253
 40
0.6266156358250473
 40
1.0
 40
1.0
 40
1.0
 40
1.0
 10
-3.881342709064484
 20
98.48396381286662
 30
0.0
 10
-3.072491446223317
 20
98.2877765385683
 30
0.0
 10
-1.775645113300818
 20
97.97322581839492
 30
0.0
 10
-0.2251377622679103
 20
97.2645044405424
 30
0.0
 10
-0.1078880775721776
 20
96.5816040795496
 30
0.0
 10
-0.1927291647183423
 20
96.44106572382695
 30
0.0
 10
-0.574013319682447
 20
96.37034599178041
 30
0.0
 10
-1.724928774872877
 20
97.51845098450298
 30
0.0
 10
-3.108367514414136
 20
97.77238045264703
 30
0.0
 10
-4.19115007650286
 20
97.97112463426365
 30
0.0
  0
SPLINE
  5
1DA
330
1F
100
AcDbEntity
  8
0
  6
Continuous
 62
     7
100
AcDbSpline
210
0.0
220
0.0
230
1.0
 70
     8
 71
     3
 72
    10
 73
     6
 74
     0
 42
0.00000001
 43
0.00000001
 40
0.0
 40
0.0
 40
0.0
 40
0.0
 40
0.3860876986483181
 40
0.6230225009319371
 40
1.0
 40
1.0
 40
1.0
 40
1.0
 10
-5.989592522382736
 20
89.67451081203092
 30
0.0
 10
-6.054199098233
 20
90.74905749729925
 30
0.0
 10
-6.158453521784436
 20
92.48303339336586
 30
0.0
 10
-6.911780851755225
 20
95.16777323884264
 30
0.0
 10
-7.087421042586196
 20
96.86749413290418
 30
0.0
 10
-7.195274232251093
 20
97.91122062339193
 30
0.0
  0
SPLINE
  5
1DB
330
1F
100
AcDbEntity
  8
0
  6
Continuous
 62
     7
100
AcDbSpline
210
0.0
220
0.0
230
1.0
 70
     8
 71
     3
 72
     9
 73
     5
 74
     0
 42
0.00000001
 43
0.00000001
 40
0.0
 40
0.0
 40
0.0
 40
0.0
 40
0.5413881493990431
 40
0.9999999999999999
 40
0.9999999999999999
 40
0.9999999999999999
 40
0.9999999999999999
 10
-0.2723222132772207
 20
96.42653479610878
 30
0.0
 10
-0.5458823554928536
 20
95.1697802593522
 30
0.0
 10
-1.051176279121017
 20
92.84842442961776
 30
0.0
 10
-1.270663947177716
 20
90.48335922554949
 30
0.0
 10
-1.371323592809287
 20
89.39871229551981
 30
0.0
  0
SPLINE
  5
1DC
330
1F
100
AcDbEntity
  8
0
  6
Continuous
 62
     7
100
AcDbSpline
210
0.0
220
0.0
230
1.0
 70
     8
 71
     3
 72
     9
 73
     5
 74
     0
 42
0.00000001
 43
0.00000001
 40
0.0
 40
0.0
 40
0.0
 40
0.0
 40
0.5269935827014841
 40
1.0
 40
1.0
 40
1.0
 40
1.0
 10
-3.319520503282547
 20
90.56300581742515
 30
0.0
 10
-3.285799423045661
 20
91.84098885647958
 30
0.0
 10
-3.221811774345986
 20
94.26603364071251
 30
0.0
 10
-3.312866814142754
 20
96.69012377984811
 30
0.0
 10
-3.355936432293996
 20
97.83673397176928
 30
0.0
  0
SPLINE
  5
1DD
330
1F
100
AcDbEntity
  8
0
  6
Continuous
 62
     7
100
AcDbSpline
210
0.0
220
0.0
230
1.0
 70
     8
 71
     3
 72
     9
 73
     5
 74
     0
 42
0.00000001
 43
0.00000001
 40
0.0
 40
0.0
 40
0.0
 40
0.0
 40
0.5834842127402043
 40
1.0
 40
1.0
 40
1.0
 40
1.0
 10
-4.75471094250679
 20
90.7008838330618
 30
0.0
 10
-4.97605433696779
 20
91.7458448291322
 30
0.0
 10
-5.355402037604816
 20
93.53674332004935
 30
0.0
 10
-5.526492088164415
 20
95.35868809297642
 30
0.0
 10
-5.597753795265563
 20
96.117556854416
 30
0.0
  0
SPLINE
  5
1DE
330
1F
100
AcDbEntity
  8
0
  6
Continuous
 62
     7
100
AcDbSpline
210
0.0
220
0.0
230
1.0
 70
     8
 71
     3
 72
     9
 73
     5
 74
     0
 42
0.00000001
 43
0.00000001
 40
0.0
 40
0.0
 40
0.0
 40
0.0
 40
0.4689860315109819
 40
0.9999999999999999
 40
0.9999999999999999
 40
0.9999999999999999
 40
0.9999999999999999
 10
-5.033951252698898
 20
92.01890497858938
 30
0.0
 10
-5.257478290786579
 20
92.00621895687588
 30
0.0
 10
-5.73409597888172
 20
91.97916906442467
 30
0.0
 10
-5.98265396785974
 20
91.56653801529966
 30
0.0
 10
-6.114641731986607
 20
91.347425164382
 30
0.0
  0
SPLINE
  5
1DF
330
1F
100
AcDbEntity
  8
0
  6
Continuous
 62
     7
100
AcDbSpline
210
0.0
220
0.0
230
1.0
 70
     8
 71
     3
 72
     9
 73
     5
 74
     0
 42
0.00000001
 43
0.00000001
 40
0.0
 40
0.0
 40
0.0
 40
0.0
 40
0.4798976720772958
 40
1.0
 40
1.0
 40
1.0
 40
1.0
 10
-5.329955369234085
 20
93.72551930554907
 30
0.0
 10
-5.537050303860011
 20
93.68879491743027
 30
0.0
 10
-5.968590081349428
 20
93.61226946157669
 30
0.0
 10
-6.225505599023153
 20
93.2551406070964
 30
0.0
 10
-6.359127957844724
 20
93.06939705851282
 30
0.0
  0
SPLINE
  5
1E0
330
1F
100
AcDbEntity
  8
0
  6
Continuous
 62
     7
100
AcDbSpline
210
0.0
220
0.0
230
1.0
 70
     8
 71
     3
 72
     9
 73
     5
 74
     0
 42
0.00000001
 43
0.00000001
 40
0.0
 40
0.0
 40
0.0
 40
0.0
 40
0.5078388011870464
 40
1.0
 40
1.0
 40
1.0
 40
1.0
 10
-6.528899073600769
 20
93.86921091793651
 30
0.0
 10
-6.436496997597308
 20
94.12785585703642
 30
0.0
 10
-6.254545410228486
 20
94.63716105091946
 30
0.0
 10
-5.71594597312918
 20
94.61997112899864
 30
0.0
 10
-5.450868228486404
 20
94.61151091641858
 30
0.0
  0
SPLINE
  5
1E1
330
1F
100
AcDbEntity
  8
0
  6
Continuous
 62
     7
100
AcDbSpline
210
0.0
220
0.0
230
1.0
 70
     8
 71
     3
 72
     9
 73
     5
 74
     0
 42
0.00000001
 43
0.00000001
 40
0.0
 40
0.0
 40
0.0
 40
0.0
 40
0.6398457165167867
 40
1.0
 40
1.0
 40
1.0
 40
1.0
 10
-5.556505173444748
 20
95.60397236791917
 30
0.0
 10
-5.921920346667083
 20
95.64581035160282
 30
0.0
 10
-6.493019228459391
 20
95.71119796396574
 30
0.0
 10
-6.739998167665752
 20
95.22978202983268
 30
0.0
 10
-6.828948690551065
 20
95.05639801901759
 30
0.0
  0
SPLINE
  5
1E2
330
1F
100
AcDbEntity
  8
0
  6
Continuous
 62
     7
100
AcDbSpline
210
0.0
220
0.0
230
1.0
 70
     8
 71
     3
 72
    11
 73
     7
 74
     0
 42
0.00000001
 43
0.00000001
 40
0.0
 40
0.0
 40
0.0
 40
0.0
 40
0.5326293865830372
 40
0.6962723740024634
 40
0.8181098178393039
 40
1.0
 40
1.0
 40
1.0
 40
1.0
 10
-5.597751587629318
 20
96.11755685441598
 30
0.0
 10
-5.869945554004728
 20
96.28512147183015
 30
0.0
 10
-6.225767339154779
 20
96.50416799255304
 30
0.0
 10
-6.710805135683767
 20
96.6021095431427
 30
0.0
 10
-6.997308741276028
 20
96.49433833414395
 30
0.0
 10
-7.038561103557482
 20
96.30405966723454
 30
0.0
 10
-7.063265473682817
 20
96.19010947494705
 30
0.0
  0
SPLINE
  5
1E3
330
1F
100
AcDbEntity
  8
0
  6
Continuous
 62
     7
100
AcDbSpline
210
0.0
220
0.0
230
1.0
 70
     8
 71
     3
 72
    10
 73
     6
 74
     0
 42
0.00000001
 43
0.00000001
 40
0.0
 40
0.0
 40
0.0
 40
0.0
 40
0.1335503262598298
 40
0.3267596005308039
 40
1.0
 40
1.0
 40
1.0
 40
1.0
 10
-4.817772656679153
 20
90.98236295250105
 30
0.0
 10
-4.896080258725379
 20
90.99103566270367
 30
0.0
 10
-5.087676651484219
 20
91.0122553137572
 30
0.0
 10
-5.545484346376971
 20
90.6055816732714
 30
0.0
 10
-5.801390107310576
 20
90.19325616489718
 30
0.0
 10
-6.000231542582527
 20
89.87287496056142
 30
0.0
  0
SPLINE
  5
1E4
330
1F
100
AcDbEntity
  8
0
  6
Continuous
 62
     7
100
AcDbSpline
210
0.0
220
0.0
230
1.0
 70
     8
 71
     3
 72
    11
 73
     7
 74
     0
 42
0.00000001
 43
0.00000001
 40
0.0
 40
0.0
 40
0.0
 40
0.0
 40
0.3722912166300342
 40
0.4796696659669508
 40
0.5919864306423542
 40
1.0
 40
1.0
 40
1.0
 40
1.0
 10
-6.944216787815095
 20
88.8173717365325
 30
0.0
 10
-6.320442919403803
 20
89.41257922005408
 30
0.0
 10
-5.51675647789129
 20
90.17945998986167
 30
0.0
 10
-4.235630816768429
 20
91.03863812542998
 30
0.0
 10
-2.786433745624479
 20
90.27234276202553
 30
0.0
 10
-1.786480260677467
 20
89.60875198965185
 30
0.0
 10
-1.002373388755345
 20
89.08840170076829
 30
0.0
  0
SPLINE
  5
1E5
330
1F
100
AcDbEntity
  8
0
  6
Continuous
 62
     7
100
AcDbSpline
210
0.0
220
0.0
230
1.0
 70
     8
 71
     3
 72
    10
 73
     6
 74
     0
 42
0.00000001
 43
0.00000001
 40
0.0
 40
0.0
 40
0.0
 40
0.0
 40
0.22761097138552
 40
0.4099263948719258
 40
1.0
 40
1.0
 40
1.0
 40
1.0
 10
-6.944216787815094
 20
88.81737173653248
 30
0.0
 10
-6.977750263384688
 20
88.69347543517473
 30
0.0
 10
-7.038143910773879
 20
88.47033872149001
 30
0.0
 10
-6.643301492074499
 20
88.07448667314019
 30
0.0
 10
-6.379171759046139
 20
87.7870579562319
 30
0.0
 10
-6.177387453449336
 20
87.56747418054356
 30
0.0
  0
SPLINE
  5
1E6
330
1F
100
AcDbEntity
  8
0
  6
Continuous
 62
     7
100
AcDbSpline
210
0.0
220
0.0
230
1.0
 70
     8
 71
     3
 72
    10
 73
     6
 74
     0
 42
0.00000001
 43
0.00000001
 40
0.0
 40
0.0
 40
0.0
 40
0.0
 40
0.3304349297650212
 40
0.6017077130783026
 40
1.0
 40
1.0
 40
1.0
 40
1.0
 10
-1.002373173832893
 20
89.08840170076826
 30
0.0
 10
-1.017887563288637
 20
88.93427787929889
 30
0.0
 10
-1.04613859536282
 20
88.65362506752389
 30
0.0
 10
-1.323716107277432
 20
88.27052853300674
 30
0.0
 10
-1.555531799680013
 20
88.06870718847797
 30
0.0
 10
-1.693427885327012
 20
87.94865330807806
 30
0.0
  0
SPLINE
  5
1E7
330
1F
100
AcDbEntity
  8
0
  6
Continuous
 62
     7
100
AcDbSpline
210
0.0
220
0.0
230
1.0
 70
     8
 71
     3
 72
     9
 73
     5
 74
     0
 42
0.00000001
 43
0.00000001
 40
0.0
 40
0.0
 40
0.0
 40
0.0
 40
0.5896190793224539
 40
1.0
 40
1.0
 40
1.0
 40
1.0
 10
-1.693427562713623
 20
87.94865330807805
 30
0.0
 10
-2.631730123689617
 20
88.27114054531596
 30
0.0
 10
-4.223100881322189
 20
88.81808220400256
 30
0.0
 10
-5.6087453859205
 20
87.93136571122822
 30
0.0
 10
-6.177387453449336
 20
87.56747418054356
 30
0.0
  0
SPLINE
  5
1E8
330
1F
100
AcDbEntity
  8
0
  6
Continuous
 62
     7
100
AcDbSpline
210
0.0
220
0.0
230
1.0
 70
     8
 71
     3
 72
     9
 73
     5
 74
     0
 42
0.00000001
 43
0.00000001
 40
0.0
 40
0.0
 40
0.0
 40
0.0
 40
0.6112905697491116
 40
0.9999999999999999
 40
0.9999999999999999
 40
0.9999999999999999
 40
0.9999999999999999
 10
-6.177384406328201
 20
87.56747418054356
 30
0.0
 10
-6.203659698183186
 20
87.42105989609756
 30
0.0
 10
-6.246643007848458
 20
87.18154322155428
 30
0.0
 10
-6.029814226212445
 20
87.11016086650801
 30
0.0
 10
-5.945530834040716
 20
87.08241387194799
 30
0.0
  0
SPLINE
  5
1E9
330
1F
100
AcDbEntity
  8
0
  6
Continuous
 62
     7
100
AcDbSpline
210
0.0
220
0.0
230
1.0
 70
     8
 71
     3
 72
    10
 73
     6
 74
     0
 42
0.00000001
 43
0.00000001
 40
0.0
 40
0.0
 40
0.0
 40
0.0
 40
0.2822811678688401
 40
0.4858035558584887
 40
1.0
 40
1.0
 40
1.0
 40
1.0
 10
-1.693427562713623
 20
87.94865330807805
 30
0.0
 10
-1.681964683207084
 20
87.8849026027916
 30
0.0
 10
-1.66223716235723
 20
87.77518816611679
 30
0.0
 10
-1.7776457792354
 20
87.55159930601262
 30
0.0
 10
-1.963627529908248
 20
87.58363494358476
 30
0.0
 10
-2.096870731270582
 20
87.60658628635011
 30
0.0
  0
SPLINE
  5
1EA
330
1F
100
AcDbEntity
  8
0
  6
Continuous
 62
     7
100
AcDbSpline
210
0.0
220
0.0
230
1.0
 70
     8
 71
     3
 72
     9
 73
     5
 74
     0
 42
0.00000001
 43
0.00000001
 40
0.0
 40
0.0
 40
0.0
 40
0.0
 40
0.5331156642428718
 40
1.0
 40
1.0
 40
1.0
 40
1.0
 10
-5.945529788732529
 20
87.082413871948
 30
0.0
 10
-5.298705132114684
 20
87.49951628274162
 30
0.0
 10
-4.085413720885077
 20
88.28190261795841
 30
0.0
 10
-2.729790144341726
 20
87.82152798913005
 30
0.0
 10
-2.096870731270582
 20
87.60658628635012
 30
0.0
  0
SPLINE
  5
1EB
330
1F
100
AcDbEntity
  8
0
  6
Continuous
 62
     7
100
AcDbSpline
210
0.0
220
0.0
230
1.0
 70
     8
 71
     3
 72
     9
 73
     5
 74
     0
 42
0.00000001
 43
0.00000001
 40
0.0
 40
0.0
 40
0.0
 40
0.0
 40
0.5715553934802226
 40
1.0
 40
1.0
 40
1.0
 40
1.0
 10
-6.528899073600769
 20
88.6419054665985
 30
0.0
 10
-6.181542052704993
 20
89.00248682459907
 30
0.0
 10
-5.573802147075365
 20
89.63336418506798
 30
0.0
 10
-4.843748110143151
 20
90.11565903013295
 30
0.0
 10
-4.530960395551554
 20
90.32229565525333
 30
0.0
  0
SPLINE
  5
1EC
330
1F
100
AcDbEntity
  8
0
  6
Continuous
 62
     7
100
AcDbSpline
210
0.0
220
0.0
230
1.0
 70
     8
 71
     3
 72
     9
 73
     5
 74
     0
 42
0.00000001
 43
0.00000001
 40
0.0
 40
0.0
 40
0.0
 40
0.0
 40
0.4651225861889713
 40
1.0
 40
1.0
 40
1.0
 40
1.0
 10
-3.881342709064484
 20
90.32229565525333
 30
0.0
 10
-3.472579641236984
 20
90.19286862401408
 30
0.0
 10
-2.593750962593915
 20
89.91460428019944
 30
0.0
 10
-1.882479525322168
 20
89.32574117849819
 30
0.0
 10
-1.502036498436603
 20
89.0107716055715
 30
0.0
  0
SPLINE
  5
1ED
330
1F
100
AcDbEntity
  8
0
  6
Continuous
 62
     7
100
AcDbSpline
210
0.0
220
0.0
230
1.0
 70
     8
 71
     3
 72
     9
 73
     5
 74
     0
 42
0.00000001
 43
0.00000001
 40
0.0
 40
0.0
 40
0.0
 40
0.0
 40
0.5182599752684385
 40
1.0
 40
1.0
 40
1.0
 40
1.0
 10
-6.000228226184845
 20
86.71127463469948
 30
0.0
 10
-6.123709218349714
 20
86.64060305037333
 30
0.0
 10
-6.361969933159711
 20
86.50423985873472
 30
0.0
 10
-6.360051934544872
 20
86.23142030198066
 30
0.0
 10
-6.359127957844724
 20
86.09999220196268
 30
0.0
  0
SPLINE
  5
1EE
330
1F
100
AcDbEntity
  8
0
  6
Continuous
 62
     7
100
AcDbSpline
210
0.0
220
0.0
230
1.0
 70
     8
 71
     3
 72
    10
 73
     6
 74
     0
 42
0.00000001
 43
0.00000001
 40
0.0
 40
0.0
 40
0.0
 40
0.0
 40
0.1900380040541843
 40
0.4284215079386599
 40
1.0
 40
1.0
 40
1.0
 40
1.0
 10
-2.096869051456451
 20
87.26579468807442
 30
0.0
 10
-2.04356020720884
 20
87.23146130876897
 30
0.0
 10
-1.923380795976354
 20
87.15406016888709
 30
0.0
 10
-1.840750455267968
 20
86.81734142392193
 30
0.0
 10
-1.891062481480268
 20
86.55992374803243
 30
0.0
 10
-1.926566952330651
 20
86.37826780892499
 30
0.0
  0
SPLINE
  5
1EF
330
1F
100
AcDbEntity
  8
0
  6
Continuous
 62
     7
100
AcDbSpline
210
0.0
220
0.0
230
1.0
 70
     8
 71
     3
 72
    11
 73
     7
 74
     0
 42
0.00000001
 43
0.00000001
 40
0.0
 40
0.0
 40
0.0
 40
0.0
 40
0.2274138987826629
 40
0.4273340096431495
 40
0.7400315187588374
 40
1.0
 40
1.0
 40
1.0
 40
1.0
 10
-6.359126418828964
 20
86.09999220196269
 30
0.0
 10
-6.11722092323195
 20
85.77734120874148
 30
0.0
 10
-5.662655718811532
 20
85.17104694358603
 30
0.0
 10
-4.311050999061206
 20
84.85435881808368
 30
0.0
 10
-3.079139531858786
 20
85.5400408915464
 30
0.0
 10
-2.286427795522834
 20
86.11655323178512
 30
0.0
 10
-1.92656695233065
 20
86.37826780892499
 30
0.0
  0
SPLINE
  5
1F0
330
1F
100
AcDbEntity
  8
0
  6
Continuous
 62
     7
100
AcDbSpline
210
0.0
220
0.0
230
1.0
 70
     8
 71
     3
 72
    10
 73
     6
 74
     0
 42
0.00000001
 43
0.00000001
 40
0.0
 40
0.0
 40
0.0
 40
0.0
 40
0.5753921408364202
 40
0.7714643497026457
 40
1.0
 40
1.0
 40
1.0
 40
1.0
 10
-1.985963433980942
 20
87.19361972359978
 30
0.0
 10
-2.716390161337492
 20
86.58477920207989
 30
0.0
 10
-3.695719109776763
 20
85.76846850947257
 30
0.0
 10
-5.483850114128243
 20
85.68399544403185
 30
0.0
 10
-5.893927033759932
 20
86.30013426497563
 30
0.0
 10
-6.114641731986607
 20
86.63175715673086
 30
0.0
  0
SPLINE
  5
1F1
330
1F
100
AcDbEntity
  8
0
  6
Continuous
 62
     7
100
AcDbSpline
210
0.0
220
0.0
230
1.0
 70
     8
 71
     3
 72
     9
 73
     5
 74
     0
 42
0.00000001
 43
0.00000001
 40
0.0
 40
0.0
 40
0.0
 40
0.0
 40
0.6557054640945459
 40
1.0
 40
1.0
 40
1.0
 40
1.0
 10
-2.532139420509338
 20
83.29916892276223
 30
0.0
 10
-2.363615349921947
 20
83.07534384628025
 30
0.0
 10
-2.106603505709082
 20
82.73399382140123
 30
0.0
 10
-1.721052777833306
 20
82.56313346151435
 30
0.0
 10
-1.588309768911306
 20
82.50430717320242
 30
0.0
  0
SPLINE
  5
1F2
330
1F
100
AcDbEntity
  8
0
  6
Continuous
 62
     7
100
AcDbSpline
210
0.0
220
0.0
230
1.0
 70
     8
 71
     3
 72
     9
 73
     5
 74
     0
 42
0.00000001
 43
0.00000001
 40
0.0
 40
0.0
 40
0.0
 40
0.0
 40
0.522255283677389
 40
1.0
 40
1.0
 40
1.0
 40
1.0
 10
-6.302297115325928
 20
86.02325831346705
 30
0.0
 10
-6.326608190886894
 20
85.6795313623608
 30
0.0
 10
-6.373158367248507
 20
85.02137248518119
 30
0.0
 10
-6.333329309758933
 20
84.36285675452714
 30
0.0
 10
-6.314301187987178
 20
84.04825434359184
 30
0.0
  0
SPLINE
  5
1F3
330
1F
100
AcDbEntity
  8
0
  6
Continuous
 62
     7
100
AcDbSpline
210
0.0
220
0.0
230
1.0
 70
     8
 71
     3
 72
    10
 73
     6
 74
     0
 42
0.00000001
 43
0.00000001
 40
0.0
 40
0.0
 40
0.0
 40
0.0
 40
0.639718504464005
 40
0.8376874981523637
 40
1.0
 40
1.0
 40
1.0
 40
1.0
 10
-5.603596568107605
 20
82.23700208248042
 30
0.0
 10
-5.612079986346563
 20
82.68259210805806
 30
0.0
 10
-5.623188705807987
 20
83.26607561075983
 30
0.0
 10
-5.956101805605522
 20
83.93222039780414
 30
0.0
 10
-6.203048019742377
 20
84.01221535322007
 30
0.0
 10
-6.314301187987179
 20
84.04825434359184
 30
0.0
  0
SPLINE
  5
1F4
330
1F
100
AcDbEntity
  8
0
  6
Continuous
 62
     7
100
AcDbSpline
210
0.0
220
0.0
230
1.0
 70
     8
 71
     3
 72
    10
 73
     6
 74
     0
 42
0.00000001
 43
0.00000001
 40
0.0
 40
0.0
 40
0.0
 40
0.0
 40
0.2160424537859998
 40
0.435765933038285
 40
1.0
 40
1.0
 40
1.0
 40
1.0
 10
-5.603596568107605
 20
82.23700208248042
 30
0.0
 10
-5.781236788468944
 20
82.24120488138541
 30
0.0
 10
-6.139543940671369
 20
82.24968208831446
 30
0.0
 10
-6.53499933881535
 20
83.01942056166652
 30
0.0
 10
-6.406665963139121
 20
83.6176752898949
 30
0.0
 10
-6.314301187987178
 20
84.04825434359184
 30
0.0
  0
SPLINE
  5
1F5
330
1F
100
AcDbEntity
  8
0
  6
Continuous
 62
     7
100
AcDbSpline
210
0.0
220
0.0
230
1.0
 70
     8
 71
     3
 72
    10
 73
     6
 74
     0
 42
0.00000001
 43
0.00000001
 40
0.0
 40
0.0
 40
0.0
 40
0.0
 40
0.5770703842574733
 40
0.8044590902113279
 40
1.0
 40
1.0
 40
1.0
 40
1.0
 10
-5.201723426580429
 20
83.84575298598433
 30
0.0
 10
-4.943260099814872
 20
83.46897769253991
 30
0.0
 10
-4.582951932258583
 20
82.94373793315006
 30
0.0
 10
-4.452111057857558
 20
82.04919963826768
 30
0.0
 10
-4.746576818692075
 20
81.83529323014395
 30
0.0
 10
-4.882722646820244
 20
81.73639390482546
 30
0.0
  0
SPLINE
  5
1F6
330
1F
100
AcDbEntity
  8
0
  6
Continuous
 62
     7
100
AcDbSpline
210
0.0
220
0.0
230
1.0
 70
     8
 71
     3
 72
    11
 73
     7
 74
     0
 42
0.00000001
 43
0.00000001
 40
0.0
 40
0.0
 40
0.0
 40
0.0
 40
0.2024145613361074
 40
0.3194245470941618
 40
0.4841679010400874
 40
1.0
 40
1.0
 40
1.0
 40
1.0
 10
-4.882719367742539
 20
81.73639390482546
 30
0.0
 10
-5.085673843189053
 20
81.7128417558797
 30
0.0
 10
-5.405950413077663
 20
81.67567479288832
 30
0.0
 10
-5.640010477004615
 20
82.10650222295335
 30
0.0
 10
-5.547013302267458
 20
82.8288084541086
 30
0.0
 10
-5.350595741641102
 20
83.40729651554062
 30
0.0
 10
-5.201723956539417
 20
83.84575298598433
 30
0.0
  0
SPLINE
  5
1F7
330
1F
100
AcDbEntity
  8
0
  6
Continuous
 62
     7
100
AcDbSpline
210
0.0
220
0.0
230
1.0
 70
     8
 71
     3
 72
     9
 73
     5
 74
     0
 42
0.00000001
 43
0.00000001
 40
0.0
 40
0.0
 40
0.0
 40
0.0
 40
0.598960543951579
 40
1.0
 40
1.0
 40
1.0
 40
1.0
 10
-4.161201417446136
 20
83.79107146758902
 30
0.0
 10
-3.975726305189264
 20
83.65270110929916
 30
0.0
 10
-3.666064651963795
 20
83.42168362461318
 30
0.0
 10
-3.494371263536813
 20
83.07861419870669
 30
0.0
 10
-3.425515440434945
 20
82.94102982275427
 30
0.0
  0
SPLINE
  5
1F8
330
1F
100
AcDbEntity
  8
0
  6
Continuous
 62
     7
100
AcDbSpline
210
0.0
220
0.0
230
1.0
 70
     8
 71
     3
 72
    11
 73
     7
 74
     0
 42
0.00000001
 43
0.00000001
 40
0.0
 40
0.0
 40
0.0
 40
0.0
 40
0.2723458503836679
 40
0.3991425283046037
 40
0.5621807767159739
 40
1.0
 40
1.0
 40
1.0
 40
1.0
 10
-3.345884382724762
 20
82.50430717348868
 30
0.0
 10
-3.508098887635205
 20
82.21123346865214
 30
0.0
 10
-3.745835969094026
 20
81.78171277148249
 30
0.0
 10
-4.395352832777996
 20
81.99761825571244
 30
0.0
 10
-4.674312583461464
 20
82.77877268634248
 30
0.0
 10
-4.377487746221853
 20
83.3643709665775
 30
0.0
 10
-4.161204141850639
 20
83.79107146758902
 30
0.0
  0
SPLINE
  5
1F9
330
1F
100
AcDbEntity
  8
0
  6
Continuous
 62
     7
100
AcDbSpline
210
0.0
220
0.0
230
1.0
 70
     8
 71
     3
 72
     9
 73
     5
 74
     0
 42
0.00000001
 43
0.00000001
 40
0.0
 40
0.0
 40
0.0
 40
0.0
 40
0.5228228974626763
 40
1.0
 40
1.0
 40
1.0
 40
1.0
 10
-3.345884382724762
 20
82.50430717348868
 30
0.0
 10
-3.253697647736511
 20
82.313943937164
 30
0.0
 10
-3.077372671467027
 20
81.94983739697892
 30
0.0
 10
-2.760370368102174
 20
81.69948642894084
 30
0.0
 10
-2.609104127484875
 20
81.58002467939502
 30
0.0
  0
SPLINE
  5
1FA
330
1F
100
AcDbEntity
  8
0
  6
Continuous
 62
     7
100
AcDbSpline
210
0.0
220
0.0
230
1.0
 70
     8
 71
     3
 72
     9
 73
     5
 74
     0
 42
0.00000001
 43
0.00000001
 40
0.0
 40
0.0
 40
0.0
 40
0.0
 40
0.5130942076744723
 40
1.0
 40
1.0
 40
1.0
 40
1.0
 10
-0.1021878561004996
 20
83.01780428428272
 30
0.0
 10
-0.2171632861117099
 20
83.87470722326238
 30
0.0
 10
-0.4412457806935924
 20
85.54477662993806
 30
0.0
 10
-1.286437506181321
 20
87.00122083836787
 30
0.0
 10
-1.697966252946903
 20
87.71037195965131
 30
0.0
  0
SPLINE
  5
1FB
330
1F
100
AcDbEntity
  8
0
  6
Continuous
 62
     7
100
AcDbSpline
210
0.0
220
0.0
230
1.0
 70
     8
 71
     3
 72
     9
 73
     5
 74
     0
 42
0.00000001
 43
0.00000001
 40
0.0
 40
0.0
 40
0.0
 40
0.0
 40
0.5886429092235541
 40
1.0
 40
1.0
 40
1.0
 40
1.0
 10
-0.1021878561004996
 20
83.01780428428273
 30
0.0
 10
-0.1115212600449211
 20
82.86373915664598
 30
0.0
 10
-0.1273770595426719
 20
82.60200980388781
 30
0.0
 10
-0.1700993635284274
 20
82.34338799692267
 30
0.0
 10
-0.1876734862072748
 20
82.23700208279814
 30
0.0
  0
SPLINE
  5
1FC
330
1F
100
AcDbEntity
  8
0
  6
Continuous
 62
     7
100
AcDbSpline
210
0.0
220
0.0
230
1.0
 70
     8
 71
     3
 72
    10
 73
     6
 74
     0
 42
0.00000001
 43
0.00000001
 40
0.0
 40
0.0
 40
0.0
 40
0.0
 40
0.3679308244220561
 40
0.6711471428106819
 40
1.0
 40
1.0
 40
1.0
 40
1.0
 10
-4.191149026155473
 20
80.29934292312498
 30
0.0
 10
-4.522762883915911
 20
80.35487303578984
 30
0.0
 10
-5.127663801097681
 20
80.45616619738756
 30
0.0
 10
-5.583731738631961
 20
81.25051232697214
 30
0.0
 10
-5.893193487624616
 20
81.69144455255164
 30
0.0
 10
-6.054200200622422
 20
81.92085270566412
 30
0.0
  0
SPLINE
  5
1FD
330
1F
100
AcDbEntity
  8
0
  6
Continuous
 62
     7
100
AcDbSpline
210
0.0
220
0.0
230
1.0
 70
     8
 71
     3
 72
    10
 73
     6
 74
     0
 42
0.00000001
 43
0.00000001
 40
0.0
 40
0.0
 40
0.0
 40
0.0
 40
0.7284006986742633
 40
0.9114550122606114
 40
0.9999999999999999
 40
0.9999999999999999
 40
0.9999999999999999
 40
0.9999999999999999
 10
-6.054196506738663
 20
81.92085270566412
 30
0.0
 10
-6.064477988116159
 20
82.01511762872833
 30
0.0
 10
-6.07734330764707
 20
82.13307226106683
 30
0.0
 10
-6.077369026824165
 20
82.26539270995258
 30
0.0
 10
-6.066031982507933
 20
82.29915771293426
 30
0.0
 10
-6.062335955143056
 20
82.31016555338319
 30
0.0
  0
SPLINE
  5
1FE
330
1F
100
AcDbEntity
  8
0
  6
Continuous
 62
     7
100
AcDbSpline
210
0.0
220
0.0
230
1.0
 70
     8
 71
     3
 72
     9
 73
     5
 74
     0
 42
0.00000001
 43
0.00000001
 40
0.0
 40
0.0
 40
0.0
 40
0.0
 40
0.6900681192679949
 40
1.0
 40
1.0
 40
1.0
 40
1.0
 10
-4.75471094250679
 20
80.35147278392084
 30
0.0
 10
-4.980117814045359
 20
80.64723796103925
 30
0.0
 10
-5.306762191962244
 20
81.0758408320604
 30
0.0
 10
-5.357481350127506
 20
81.60211876428653
 30
0.0
 10
-5.37320083420681
 20
81.76522907360912
 30
0.0
  0
SPLINE
  5
1FF
330
1F
100
AcDbEntity
  8
0
  6
Continuous
 62
     7
100
AcDbSpline
210
0.0
220
0.0
230
1.0
 70
     8
 71
     3
 72
     9
 73
     5
 74
     0
 42
0.00000001
 43
0.00000001
 40
0.0
 40
0.0
 40
0.0
 40
0.0
 40
0.4780415008316614
 40
1.0
 40
1.0
 40
1.0
 40
1.0
 10
-3.42782586812973
 20
83.0929323216548
 30
0.0
 10
-3.408388329711684
 20
83.21308512741683
 30
0.0
 10
-3.367727553640506
 20
83.46442900771383
 30
0.0
 10
-3.230168217636526
 20
83.67904882819755
 30
0.0
 10
-3.158367953069295
 20
83.79107146758902
 30
0.0
  0
SPLINE
  5
200
330
1F
100
AcDbEntity
  8
0
  6
Continuous
 62
     7
100
AcDbSpline
210
0.0
220
0.0
230
1.0
 70
     8
 71
     3
 72
     9
 73
     5
 74
     0
 42
0.00000001
 43
0.00000001
 40
0.0
 40
0.0
 40
0.0
 40
0.0
 40
0.529437784487905
 40
1.0
 40
1.0
 40
1.0
 40
1.0
 10
-3.869527950882912
 20
80.94280588077135
 30
0.0
 10
-4.038990541078757
 20
81.17610437479055
 30
0.0
 10
-4.359070813324072
 20
81.61675765050055
 30
0.0
 10
-4.469321360827934
 20
82.14915061624797
 30
0.0
 10
-4.521201102722774
 20
82.39967462973314
 30
0.0
  0
SPLINE
  5
201
330
1F
100
AcDbEntity
  8
0
  6
Continuous
 62
     7
100
AcDbSpline
210
0.0
220
0.0
230
1.0
 70
     8
 71
     3
 72
    10
 73
     6
 74
     0
 42
0.00000001
 43
0.00000001
 40
0.0
 40
0.0
 40
0.0
 40
0.0
 40
0.5958624984124932
 40
0.7941486350645057
 40
1.0
 40
1.0
 40
1.0
 40
1.0
 10
-1.429237425327301
 20
82.79561495243641
 30
0.0
 10
-1.394544159502994
 20
83.12748345502345
 30
0.0
 10
-1.348305958955542
 20
83.56978838116424
 30
0.0
 10
-1.697457591132543
 20
84.03200363414636
 30
0.0
 10
-1.920308904307058
 20
84.06072308708272
 30
0.0
 10
-2.033820386944628
 20
84.07535161960922
 30
0.0
  0
SPLINE
  5
202
330
1F
100
AcDbEntity
  8
0
  6
Continuous
 62
     7
100
AcDbSpline
210
0.0
220
0.0
230
1.0
 70
     8
 71
     3
 72
     9
 73
     5
 74
     0
 42
0.00000001
 43
0.00000001
 40
0.0
 40
0.0
 40
0.0
 40
0.0
 40
0.5587749484980917
 40
1.0
 40
1.0
 40
1.0
 40
1.0
 10
-0.5878950469195843
 20
85.47646770761713
 30
0.0
 10
-0.7760151923624891
 20
85.12720933146258
 30
0.0
 10
-1.11268050985488
 20
84.50216632068816
 30
0.0
 10
-1.751817247125595
 20
84.20601916404935
 30
0.0
 10
-2.033820386944627
 20
84.07535161960924
 30
0.0
  0
SPLINE
  5
203
330
1F
100
AcDbEntity
  8
0
  6
Continuous
 62
     7
100
AcDbSpline
210
0.0
220
0.0
230
1.0
 70
     8
 71
     3
 72
    10
 73
     6
 74
     0
 42
0.00000001
 43
0.00000001
 40
0.0
 40
0.0
 40
0.0
 40
0.0
 40
0.2382077670552715
 40
0.4198956112161533
 40
1.0
 40
1.0
 40
1.0
 40
1.0
 10
-0.1043734373524785
 20
83.34205129292788
 30
0.0
 10
-0.1486788093369356
 20
83.20981001454196
 30
0.0
 10
-0.2267771496200887
 20
82.97670454908089
 30
0.0
 10
-0.8081295413066255
 20
82.76276121301699
 30
0.0
 10
-1.1511534448904
 20
83.09758695769146
 30
0.0
 10
-1.412365968884659
 20
83.35255658794442
 30
0.0
  0
SPLINE
  5
204
330
1F
100
AcDbEntity
  8
0
  6
Continuous
 62
     7
100
AcDbSpline
210
0.0
220
0.0
230
1.0
 70
     8
 71
     3
 72
     9
 73
     5
 74
     0
 42
0.00000001
 43
0.00000001
 40
0.0
 40
0.0
 40
0.0
 40
0.0
 40
0.5258441544998708
 40
1.0
 40
1.0
 40
1.0
 40
1.0
 10
-0.293404096737504
 20
84.60578169697482
 30
0.0
 10
-0.4023783771629518
 20
84.31619128900975
 30
0.0
 10
-0.6096152162395275
 20
83.76547601436623
 30
0.0
 10
-1.182856301154001
 20
83.6560903130849
 30
0.0
 10
-1.454661912447035
 20
83.60422444340826
 30
0.0
  0
SPLINE
  5
205
330
1F
100
AcDbEntity
  8
0
  6
Continuous
 62
     7
100
AcDbSpline
210
0.0
220
0.0
230
1.0
 70
     8
 71
     3
 72
    10
 73
     6
 74
     0
 42
0.00000001
 43
0.00000001
 40
0.0
 40
0.0
 40
0.0
 40
0.0
 40
0.5513284213309126
 40
0.7354774067724287
 40
1.0
 40
1.0
 40
1.0
 40
1.0
 10
-1.429237425327301
 20
82.79561495243641
 30
0.0
 10
-1.320903744492371
 20
82.41607634235561
 30
0.0
 10
-1.176385574262284
 20
81.90976819296185
 30
0.0
 10
-0.4971143259089457
 20
81.91235815503978
 30
0.0
 10
-0.3024446054814571
 20
82.116592162148
 30
0.0
 10
-0.1876734862072746
 20
82.23700208279814
 30
0.0
  0
SPLINE
  5
206
330
1F
100
AcDbEntity
  8
0
  6
Continuous
 62
     7
100
AcDbSpline
210
0.0
220
0.0
230
1.0
 70
     8
 71
     3
 72
    12
 73
     8
 74
     0
 42
0.00000001
 43
0.00000001
 40
0.0
 40
0.0
 40
0.0
 40
0.0
 40
0.3698327801234566
 40
0.5534917138222982
 40
0.7224893849633911
 40
0.8373448078522283
 40
1.0
 40
1.0
 40
1.0
 40
1.0
 10
-3.158366307616234
 20
83.79107146758902
 30
0.0
 10
-2.853430862867238
 20
83.58562961685378
 30
0.0
 10
-2.397064496795133
 20
83.27816535688122
 30
0.0
 10
-2.296520827908055
 20
82.54432468991132
 30
0.0
 10
-2.61174369981489
 20
82.14296569200128
 30
0.0
 10
-3.082611803409244
 20
82.15638694883744
 30
0.0
 10
-3.248597443676041
 20
82.3757396426422
 30
0.0
 10
-3.345885348168649
 20
82.5043071734887
 30
0.0
  0
SPLINE
  5
207
330
1F
100
AcDbEntity
  8
0
  6
Continuous
 62
     7
100
AcDbSpline
210
0.0
220
0.0
230
1.0
 70
     8
 71
     3
 72
     9
 73
     5
 74
     0
 42
0.00000001
 43
0.00000001
 40
0.0
 40
0.0
 40
0.0
 40
0.0
 40
0.5604121365398724
 40
0.9999999999999999
 40
0.9999999999999999
 40
0.9999999999999999
 40
0.9999999999999999
 10
-3.424562513828278
 20
83.16237440445907
 30
0.0
 10
-3.426594136372367
 20
83.12102734699555
 30
0.0
 10
-3.43021936575557
 20
83.04724761460284
 30
0.0
 10
-3.426951815757393
 20
82.97346414188499
 30
0.0
 10
-3.425515440434946
 20
82.94102982275427
 30
0.0
  0
SPLINE
  5
208
330
1F
100
AcDbEntity
  8
0
  6
Continuous
 62
     7
100
AcDbSpline
210
0.0
220
0.0
230
1.0
 70
     8
 71
     3
 72
     9
 73
     5
 74
     0
 42
0.00000001
 43
0.00000001
 40
0.0
 40
0.0
 40
0.0
 40
0.0
 40
0.6834339164951838
 40
1.0
 40
1.0
 40
1.0
 40
1.0
 10
-3.345884382724762
 20
82.50430717348868
 30
0.0
 10
-3.371343458516907
 20
82.60261704697879
 30
0.0
 10
-3.408595159343674
 20
82.7464639809944
 30
0.0
 10
-3.421446987522498
 20
82.89424679584705
 30
0.0
 10
-3.425515440434945
 20
82.94102982275427
 30
0.0
  0
LWPOLYLINE
  5
209
330
1F
100
AcDbEntity
  8
0
  6
Continuous
 62
     7
100
AcDbPolyline
 90
        3
 70
   128
 43
0.0
 10
-2.2781882435
 20
80.6566720792
 10
-2.126970943
 20
80.9661490701
 10
-2.0081572521
 20
81.209309563
  0
SPLINE
  5
20A
330
1F
100
AcDbEntity
  8
0
  6
Continuous
 62
     7
100
AcDbSpline
210
0.0
220
0.0
230
1.0
 70
     8
 71
     3
 72
     9
 73
     5
 74
     0
 42
0.00000001
 43
0.00000001
 40
0.0
 40
0.0
 40
0.0
 40
0.0
 40
0.5513598587468777
 40
1.0
 40
1.0
 40
1.0
 40
1.0
 10
-3.869527950882912
 20
80.94280588077135
 30
0.0
 10
-3.738911330075195
 20
80.82996909698691
 30
0.0
 10
-3.502012290844119
 20
80.6253173037989
 30
0.0
 10
-3.266072571012077
 20
80.41956044115405
 30
0.0
 10
-3.160220541779408
 20
80.32724965323327
 30
0.0
  0
SPLINE
  5
20B
330
1F
100
AcDbEntity
  8
0
  6
Continuous
 62
     7
100
AcDbSpline
210
0.0
220
0.0
230
1.0
 70
     8
 71
     3
 72
     9
 73
     5
 74
     0
 42
0.00000001
 43
0.00000001
 40
0.0
 40
0.0
 40
0.0
 40
0.0
 40
0.5762207332582868
 40
1.0
 40
1.0
 40
1.0
 40
1.0
 10
-3.747841343283653
 20
80.83776790137881
 30
0.0
 10
-3.798009652019827
 20
80.7032845274312
 30
0.0
 10
-3.885074045646368
 20
80.46989588626383
 30
0.0
 10
-4.100048402149295
 20
80.35010697858492
 30
0.0
 10
-4.191150077316377
 20
80.29934292312497
 30
0.0
  0
SPLINE
  5
20C
330
1F
100
AcDbEntity
  8
0
  6
Continuous
 62
     7
100
AcDbSpline
210
0.0
220
0.0
230
1.0
 70
     8
 71
     3
 72
    10
 73
     6
 74
     0
 42
0.00000001
 43
0.00000001
 40
0.0
 40
0.0
 40
0.0
 40
0.0
 40
0.356823935283394
 40
0.5511351382558847
 40
1.0
 40
1.0
 40
1.0
 40
1.0
 10
-3.160219639539719
 20
80.32724965323327
 30
0.0
 10
-2.967640570466955
 20
80.29342960037096
 30
0.0
 10
-2.670191096472696
 20
80.24119257906439
 30
0.0
 10
-2.182964668226302
 20
80.56831249012943
 30
0.0
 10
-2.260061412388615
 20
80.94704302124403
 30
0.0
 10
-2.31386630549294
 20
81.21135451666936
 30
0.0
  0
SPLINE
  5
20D
330
1F
100
AcDbEntity
  8
0
  6
Continuous
 62
     7
100
AcDbSpline
210
0.0
220
0.0
230
1.0
 70
     8
 71
     3
 72
     9
 73
     5
 74
     0
 42
0.00000001
 43
0.00000001
 40
0.0
 40
0.0
 40
0.0
 40
0.0
 40
0.6214348658136132
 40
1.0
 40
1.0
 40
1.0
 40
1.0
 10
-2.096869051456452
 20
81.23268862931837
 30
0.0
 10
-1.8699767999345
 20
81.17788494589318
 30
0.0
 10
-1.5048665301319
 20
81.08969600375298
 30
0.0
 10
-1.33398532589517
 20
81.399538627632
 30
0.0
 10
-1.269295659883361
 20
81.51683424211743
 30
0.0
  0
SPLINE
  5
20E
330
1F
100
AcDbEntity
  8
0
  6
Continuous
 62
     7
100
AcDbSpline
210
0.0
220
0.0
230
1.0
 70
     8
 71
     3
 72
    15
 73
    11
 74
     0
 42
0.00000001
 43
0.00000001
 40
0.0
 40
0.0
 40
0.0
 40
0.0
 40
0.1483862740962187
 40
0.2558927629307831
 40
0.3553941740453326
 40
0.4191727499688119
 40
0.4420787110036521
 40
0.4624655717966012
 40
0.6190234922243804
 40
1.0
 40
1.0
 40
1.0
 40
1.0
 10
-1.429236494004726
 20
82.79561725090134
 30
0.0
 10
-1.554958518687037
 20
82.59078767005916
 30
0.0
 10
-1.771766686781799
 20
82.23755818376803
 30
0.0
 10
-2.344250922382869
 20
82.08662394399335
 30
0.0
 10
-2.587977534601876
 20
81.72543696972207
 30
0.0
 10
-2.647270780812546
 20
81.40067181149452
 30
0.0
 10
-2.528373400538541
 20
81.27330674040094
 30
0.0
 10
-2.254069484252206
 20
81.11898065357009
 30
0.0
 10
-1.322669830241212
 20
81.4541319466335
 30
0.0
 10
-0.6584429964551306
 20
81.91228615527363
 30
0.0
 10
-0.1876734862072688
 20
82.23700208279816
 30
0.0
  0
SPLINE
  5
20F
330
1F
100
AcDbEntity
  8
0
  6
Continuous
 62
     7
100
AcDbSpline
210
0.0
220
0.0
230
1.0
 70
     8
 71
     3
 72
     9
 73
     5
 74
     0
 42
0.00000001
 43
0.00000001
 40
0.0
 40
0.0
 40
0.0
 40
0.0
 40
0.6023901661645028
 40
1.0
 40
1.0
 40
1.0
 40
1.0
 10
-2.096869051456451
 20
86.20166762104495
 30
0.0
 10
-2.067996930493346
 20
85.51122672672159
 30
0.0
 10
-2.020067660420865
 20
84.36505779318888
 30
0.0
 10
-2.03853196059365
 20
83.21816696344254
 30
0.0
 10
-2.04587354791724
 20
82.76215189119966
 30
0.0
  0
SPLINE
  5
210
330
1F
100
AcDbEntity
  8
0
  6
Continuous
 62
     7
100
AcDbSpline
210
0.0
220
0.0
230
1.0
 70
     8
 71
     3
 72
     9
 73
     5
 74
     0
 42
0.00000001
 43
0.00000001
 40
0.0
 40
0.0
 40
0.0
 40
0.0
 40
0.5979976386181592
 40
0.9999999999999999
 40
0.9999999999999999
 40
0.9999999999999999
 40
0.9999999999999999
 10
-1.722021028399467
 20
82.54813961723103
 30
0.0
 10
-1.69275111130906
 20
82.66615300817014
 30
0.0
 10
-1.643804568379486
 20
82.86350059504659
 30
0.0
 10
-1.477000839885651
 20
82.97356010242949
 30
0.0
 10
-1.409945347143833
 20
83.01780428428995
 30
0.0
  0
SPLINE
  5
211
330
1F
100
AcDbEntity
  8
0
  6
Continuous
 62
     7
100
AcDbSpline
210
0.0
220
0.0
230
1.0
 70
     8
 71
     3
 72
     9
 73
     5
 74
     0
 42
0.00000001
 43
0.00000001
 40
0.0
 40
0.0
 40
0.0
 40
0.0
 40
0.4897344458449582
 40
1.0
 40
1.0
 40
1.0
 40
1.0
 10
5.174882709980012
 20
104.3085723318287
 30
0.0
 10
5.052350740793763
 20
104.1799890842724
 30
0.0
 10
4.802149901898634
 20
103.9174320012506
 30
0.0
 10
4.822804743907538
 20
103.5545532193063
 30
0.0
 10
4.833344198311197
 20
103.3693886765464
 30
0.0
  0
SPLINE
  5
212
330
1F
100
AcDbEntity
  8
0
  6
Continuous
 62
     7
100
AcDbSpline
210
0.0
220
0.0
230
1.0
 70
     8
 71
     3
 72
     9
 73
     5
 74
     0
 42
0.00000001
 43
0.00000001
 40
0.0
 40
0.0
 40
0.0
 40
0.0
 40
0.5351250136574066
 40
0.9999999999999999
 40
0.9999999999999999
 40
0.9999999999999999
 40
0.9999999999999999
 10
5.002681165933609
 20
103.3724080940878
 30
0.0
 10
4.795398712638342
 20
102.8409991627903
 30
0.0
 10
4.408045387704867
 20
101.8479434884434
 30
0.0
 10
3.733961749522728
 20
101.0237953449265
 30
0.0
 10
3.420597127429041
 20
100.6406694879648
 30
0.0
  0
SPLINE
  5
213
330
1F
100
AcDbEntity
  8
0
  6
Continuous
 62
     7
100
AcDbSpline
210
0.0
220
0.0
230
1.0
 70
     8
 71
     3
 72
     9
 73
     5
 74
     0
 42
0.00000001
 43
0.00000001
 40
0.0
 40
0.0
 40
0.0
 40
0.0
 40
0.5420944120989495
 40
1.0
 40
1.0
 40
1.0
 40
1.0
 10
7.61646032333374
 20
102.7357983971732
 30
0.0
 10
9.044778181243366
 20
102.2471828994899
 30
0.0
 10
11.67959201815285
 20
101.3458352988175
 30
0.0
 10
14.1408033002595
 20
100.0451472329991
 30
0.0
 10
15.26780569934125
 20
99.44955489954455
 30
0.0
  0
SPLINE
  5
214
330
1F
100
AcDbEntity
  8
0
  6
Continuous
 62
     7
100
AcDbSpline
210
0.0
220
0.0
230
1.0
 70
     8
 71
     3
 72
    10
 73
     6
 74
     0
 42
0.00000001
 43
0.00000001
 40
0.0
 40
0.0
 40
0.0
 40
0.0
 40
0.1667405572749483
 40
0.4200764708088731
 40
1.0
 40
1.0
 40
1.0
 40
1.0
 10
4.353024065494537
 20
101.9164606601492
 30
0.0
 10
5.017215354061728
 20
101.8048466530933
 30
0.0
 10
6.690540290737007
 20
101.5236528095371
 30
0.0
 10
10.43057417346082
 20
99.95776704934417
 30
0.0
 10
13.42360156086483
 20
98.44696428588001
 30
0.0
 10
15.50665866945589
 20
97.39549096847658
 30
0.0
  0
SPLINE
  5
215
330
1F
100
AcDbEntity
  8
0
  6
Continuous
 62
     7
100
AcDbSpline
210
0.0
220
0.0
230
1.0
 70
     8
 71
     3
 72
    10
 73
     6
 74
     0
 42
0.00000001
 43
0.00000001
 40
0.0
 40
0.0
 40
0.0
 40
0.0
 40
0.7216894297894594
 40
0.9061453052400392
 40
1.0
 40
1.0
 40
1.0
 40
1.0
 10
15.50665497779846
 20
97.39549096847658
 30
0.0
 10
16.50400158664951
 20
98.21167504731598
 30
0.0
 10
17.75625901207848
 20
99.23646679390943
 30
0.0
 10
18.97402526061489
 20
100.5997143816782
 30
0.0
 10
19.13840907814907
 20
101.0741343813997
 30
0.0
 10
19.1938442454389
 20
101.2341230739894
 30
0.0
  0
SPLINE
  5
216
330
1F
100
AcDbEntity
  8
0
  6
Continuous
 62
     7
100
AcDbSpline
210
0.0
220
0.0
230
1.0
 70
     8
 71
     3
 72
    16
 73
    12
 74
     0
 42
0.00000001
 43
0.00000001
 40
0.0
 40
0.0
 40
0.0
 40
0.0
 40
0.1558424540447329
 40
0.342256692856125
 40
0.4815032539256301
 40
0.655380879331789
 40
0.6820097419521639
 40
0.6973786049228062
 40
0.7626543535617991
 40
0.8640032604283283
 40
1.0
 40
1.0
 40
1.0
 40
1.0
 10
3.420596942305565
 20
100.6406694879648
 30
0.0
 10
4.430731521932163
 20
100.5493288375224
 30
0.0
 10
6.649159887179636
 20
100.3487291412758
 30
0.0
 10
9.425798198910163
 20
98.86859591902737
 30
0.0
 10
12.29016441936322
 20
97.34529291080537
 30
0.0
 10
14.10073523033388
 20
96.31698756084761
 30
0.0
 10
15.47520850151581
 20
95.68534679309884
 30
0.0
 10
16.11409591897274
 20
96.02750473552757
 30
0.0
 10
17.03080124554646
 20
96.72584632844573
 30
0.0
 10
18.45863478708263
 20
98.08761705632638
 30
0.0
 10
19.32919036627468
 20
99.3480529046564
 30
0.0
 10
19.82801021893575
 20
100.0702703473798
 30
0.0
  0
SPLINE
  5
217
330
1F
100
AcDbEntity
  8
0
  6
Continuous
 62
     7
100
AcDbSpline
210
0.0
220
0.0
230
1.0
 70
     8
 71
     3
 72
     9
 73
     5
 74
     0
 42
0.00000001
 43
0.00000001
 40
0.0
 40
0.0
 40
0.0
 40
0.0
 40
0.5702018541593826
 40
1.0
 40
1.0
 40
1.0
 40
1.0
 10
3.420596942305565
 20
100.6406694879648
 30
0.0
 10
3.369583132982281
 20
100.5153949559506
 30
0.0
 10
3.280116904573587
 20
100.2956928783436
 30
0.0
 10
3.473019122511535
 20
100.1736944131364
 30
0.0
 10
3.555928138109808
 20
100.121259698995
 30
0.0
  0
SPLINE
  5
218
330
1F
100
AcDbEntity
  8
0
  6
Continuous
 62
     7
100
AcDbSpline
210
0.0
220
0.0
230
1.0
 70
     8
 71
     3
 72
    16
 73
    12
 74
     0
 42
0.00000001
 43
0.00000001
 40
0.0
 40
0.0
 40
0.0
 40
0.0
 40
0.0936092142933099
 40
0.1910906797152468
 40
0.2857138600454734
 40
0.3276977918530892
 40
0.3728507796152254
 40
0.5083205109112119
 40
0.704116119680614
 40
0.86264881212299
 40
1.0
 40
1.0
 40
1.0
 40
1.0
 10
20.01984417438507
 20
99.72048962075965
 30
0.0
 10
19.70537171463119
 20
99.1997973539184
 30
0.0
 10
19.06341828579667
 20
98.13687379511785
 30
0.0
 10
17.7202475257438
 20
96.84135366525359
 30
0.0
 10
16.65705660634131
 20
95.78528619729587
 30
0.0
 10
15.55286898958571
 20
95.20957049759399
 30
0.0
 10
14.10236759051048
 20
95.67867707363348
 30
0.0
 10
12.11215549372184
 20
97.03330824859354
 30
0.0
 10
9.283650740880335
 20
98.48811636925076
 30
0.0
 10
6.365240315153423
 20
99.83901624449865
 30
0.0
 10
4.446581718487489
 20
100.0317783144271
 30
0.0
 10
3.555928138109806
 20
100.121259698995
 30
0.0
  0
SPLINE
  5
219
330
1F
100
AcDbEntity
  8
0
  6
Continuous
 62
     7
100
AcDbSpline
210
0.0
220
0.0
230
1.0
 70
     8
 71
     3
 72
     9
 73
     5
 74
     0
 42
0.00000001
 43
0.00000001
 40
0.0
 40
0.0
 40
0.0
 40
0.0
 40
0.4268739069017476
 40
1.0
 40
1.0
 40
1.0
 40
1.0
 10
3.55592742562294
 20
100.121259698995
 30
0.0
 10
3.497223452511308
 20
100.0620396804253
 30
0.0
 10
3.359702811960315
 20
99.92331014551543
 30
0.0
 10
3.363425995197986
 20
99.72509556605429
 30
0.0
 10
3.36555984866088
 20
99.61149361853259
 30
0.0
  0
SPLINE
  5
21A
330
1F
100
AcDbEntity
  8
0
  6
Continuous
 62
     7
100
AcDbSpline
210
0.0
220
0.0
230
1.0
 70
     8
 71
     3
 72
     9
 73
     5
 74
     0
 42
0.00000001
 43
0.00000001
 40
0.0
 40
0.0
 40
0.0
 40
0.0
 40
0.5913335868087626
 40
1.0
 40
1.0
 40
1.0
 40
1.0
 10
5.289774388074875
 20
99.95461492367714
 30
0.0
 10
4.813870418785391
 20
99.14740987782407
 30
0.0
 10
4.009072619530007
 20
97.7823511971405
 30
0.0
 10
3.687389304449349
 20
96.235939066616
 30
0.0
 10
3.55592813789187
 20
95.60397236791914
 30
0.0
  0
SPLINE
  5
21B
330
1F
100
AcDbEntity
  8
0
  6
Continuous
 62
     7
100
AcDbSpline
210
0.0
220
0.0
230
1.0
 70
     8
 71
     3
 72
     9
 73
     5
 74
     0
 42
0.00000001
 43
0.00000001
 40
0.0
 40
0.0
 40
0.0
 40
0.0
 40
0.5526305919134178
 40
1.0
 40
1.0
 40
1.0
 40
1.0
 10
6.347574293613434
 20
99.67133568331806
 30
0.0
 10
5.903461898226182
 20
98.93623095686503
 30
0.0
 10
5.099828509329696
 20
97.60603907605035
 30
0.0
 10
4.583856754049935
 20
96.14129624204297
 30
0.0
 10
4.353026775301035
 20
95.48601510739404
 30
0.0
  0
SPLINE
  5
21C
330
1F
100
AcDbEntity
  8
0
  6
Continuous
 62
     7
100
AcDbSpline
210
0.0
220
0.0
230
1.0
 70
     8
 71
     3
 72
    10
 73
     6
 74
     0
 42
0.00000001
 43
0.00000001
 40
0.0
 40
0.0
 40
0.0
 40
0.0
 40
0.2295458219073734
 40
0.4235075280264173
 40
1.0
 40
1.0
 40
1.0
 40
1.0
 10
3.55592742562294
 20
95.60397236791916
 30
0.0
 10
3.58053565276962
 20
95.53125528944354
 30
0.0
 10
3.625937348001556
 20
95.39709370943909
 30
0.0
 10
3.945529242323061
 20
95.24887622894316
 30
0.0
 10
4.178618041222323
 20
95.38451978964521
 30
0.0
 10
4.353026775301034
 20
95.48601510739402
 30
0.0
  0
SPLINE
  5
21D
330
1F
100
AcDbEntity
  8
0
  6
Continuous
 62
     7
100
AcDbSpline
210
0.0
220
0.0
230
1.0
 70
     8
 71
     3
 72
     9
 73
     5
 74
     0
 42
0.00000001
 43
0.00000001
 40
0.0
 40
0.0
 40
0.0
 40
0.0
 40
0.5818601245530821
 40
1.0
 40
1.0
 40
1.0
 40
1.0
 10
9.449213743209839
 20
98.38075107800823
 30
0.0
 10
9.182284039381106
 20
98.00304913834069
 30
0.0
 10
8.723531681958853
 20
97.35392072460444
 30
0.0
 10
8.461070201277606
 20
96.60539318406262
 30
0.0
 10
8.351324590435935
 20
96.2924039714919
 30
0.0
  0
SPLINE
  5
21E
330
1F
100
AcDbEntity
  8
0
  6
Continuous
 62
     7
100
AcDbSpline
210
0.0
220
0.0
230
1.0
 70
     8
 71
     3
 72
     9
 73
     5
 74
     0
 42
0.00000001
 43
0.00000001
 40
0.0
 40
0.0
 40
0.0
 40
0.0
 40
0.5887400865545138
 40
1.0
 40
1.0
 40
1.0
 40
1.0
 10
10.42371243238449
 20
97.88046342873412
 30
0.0
 10
10.18535857950411
 20
97.51942706286917
 30
0.0
 10
9.780504454018457
 20
96.90619148725571
 30
0.0
 10
9.545759535629958
 20
96.21138647243934
 30
0.0
 10
9.449218360811736
 20
95.92564102218448
 30
0.0
  0
SPLINE
  5
21F
330
1F
100
AcDbEntity
  8
0
  6
Continuous
 62
     7
100
AcDbSpline
210
0.0
220
0.0
230
1.0
 70
     8
 71
     3
 72
    10
 73
     6
 74
     0
 42
0.00000001
 43
0.00000001
 40
0.0
 40
0.0
 40
0.0
 40
0.0
 40
0.5705688050976693
 40
0.776676387036203
 40
1.0
 40
1.0
 40
1.0
 40
1.0
 10
9.449213743209839
 20
95.92564102218448
 30
0.0
 10
9.194076582745518
 20
95.86018886269142
 30
0.0
 10
8.846775773066339
 20
95.77109330347996
 30
0.0
 10
8.445595454986018
 20
96.01484637508759
 30
0.0
 10
8.3835769918198
 20
96.19744463226132
 30
0.0
 10
8.351324590435935
 20
96.2924039714919
 30
0.0
  0
SPLINE
  5
220
330
1F
100
AcDbEntity
  8
0
  6
Continuous
 62
     7
100
AcDbSpline
210
0.0
220
0.0
230
1.0
 70
     8
 71
     3
 72
     9
 73
     5
 74
     0
 42
0.00000001
 43
0.00000001
 40
0.0
 40
0.0
 40
0.0
 40
0.0
 40
0.5737460367438926
 40
1.0
 40
1.0
 40
1.0
 40
1.0
 10
12.13353127241135
 20
95.79132273298084
 30
0.0
 10
11.7128901828909
 20
96.04055512166642
 30
0.0
 10
10.97974160742073
 20
96.47495008515936
 30
0.0
 10
10.23181916985605
 20
96.88332961473397
 30
0.0
 10
9.91301426663594
 20
97.05740300772779
 30
0.0
  0
SPLINE
  5
221
330
1F
100
AcDbEntity
  8
0
  6
Continuous
 62
     7
100
AcDbSpline
210
0.0
220
0.0
230
1.0
 70
     8
 71
     3
 72
     9
 73
     5
 74
     0
 42
0.00000001
 43
0.00000001
 40
0.0
 40
0.0
 40
0.0
 40
0.0
 40
0.5571274195214642
 40
1.0
 40
1.0
 40
1.0
 40
1.0
 10
2.966664731502533
 20
99.67074367936614
 30
0.0
 10
2.588520713862215
 20
99.13937843956101
 30
0.0
 10
1.909781875330231
 20
98.1856195305819
 30
0.0
 10
1.533838081829419
 20
97.07899090880218
 30
0.0
 10
1.367342883886824
 20
96.58889543544316
 30
0.0
  0
SPLINE
  5
222
330
1F
100
AcDbEntity
  8
0
  6
Continuous
 62
     7
100
AcDbSpline
210
0.0
220
0.0
230
1.0
 70
     8
 71
     3
 72
     9
 73
     5
 74
     0
 42
0.00000001
 43
0.00000001
 40
0.0
 40
0.0
 40
0.0
 40
0.0
 40
0.5983515673217235
 40
1.0
 40
1.0
 40
1.0
 40
1.0
 10
12.13353127241135
 20
95.79132273298086
 30
0.0
 10
11.911852280268
 20
95.19300927347406
 30
0.0
 10
11.54136943330964
 20
94.19307296147454
 30
0.0
 10
11.16683609936672
 20
93.1946473386359
 30
0.0
 10
11.01640537280278
 20
92.79363125207695
 30
0.0
  0
SPLINE
  5
223
330
1F
100
AcDbEntity
  8
0
  6
Continuous
 62
     7
100
AcDbSpline
210
0.0
220
0.0
230
1.0
 70
     8
 71
     3
 72
     9
 73
     5
 74
     0
 42
0.00000001
 43
0.00000001
 40
0.0
 40
0.0
 40
0.0
 40
0.0
 40
0.6001559530651053
 40
1.0
 40
1.0
 40
1.0
 40
1.0
 10
11.01639866828918
 20
92.79363125207695
 30
0.0
 10
9.7920491646246
 20
93.59029929757192
 30
0.0
 10
7.751996912519778
 20
94.91773434412312
 30
0.0
 10
5.466845392013752
 20
95.74304239877077
 30
0.0
 10
4.553141160195194
 20
96.07303691130905
 30
0.0
  0
SPLINE
  5
224
330
1F
100
AcDbEntity
  8
0
  6
Continuous
 62
     7
100
AcDbSpline
210
0.0
220
0.0
230
1.0
 70
     8
 71
     3
 72
     9
 73
     5
 74
     0
 42
0.00000001
 43
0.00000001
 40
0.0
 40
0.0
 40
0.0
 40
0.0
 40
0.5843001292459544
 40
1.0
 40
1.0
 40
1.0
 40
1.0
 10
4.884373396635056
 20
99.24766814486284
 30
0.0
 10
4.51560869402101
 20
99.35230626105322
 30
0.0
 10
3.884486631648817
 20
99.53138908331005
 30
0.0
 10
3.236170275796451
 20
99.62982420994595
 30
0.0
 10
2.966665250460888
 20
99.67074367936615
 30
0.0
  0
SPLINE
  5
225
330
1F
100
AcDbEntity
  8
0
  6
Continuous
 62
     7
100
AcDbSpline
210
0.0
220
0.0
230
1.0
 70
     8
 71
     3
 72
     9
 73
     5
 74
     0
 42
0.00000001
 43
0.00000001
 40
0.0
 40
0.0
 40
0.0
 40
0.0
 40
0.5739833254172086
 40
1.0
 40
1.0
 40
1.0
 40
1.0
 10
3.66722047328949
 20
96.30765860396878
 30
0.0
 10
3.231132064825759
 20
96.39603881982629
 30
0.0
 10
2.471374090764834
 20
96.55001579431983
 30
0.0
 10
1.697167711164808
 20
96.57728030098114
 30
0.0
 10
1.367342883886823
 20
96.58889543544315
 30
0.0
  0
SPLINE
  5
226
330
1F
100
AcDbEntity
  8
0
  6
Continuous
 62
     7
100
AcDbSpline
210
0.0
220
0.0
230
1.0
 70
     8
 71
     3
 72
     9
 73
     5
 74
     0
 42
0.00000001
 43
0.00000001
 40
0.0
 40
0.0
 40
0.0
 40
0.0
 40
0.586158958329614
 40
1.0
 40
1.0
 40
1.0
 40
1.0
 10
8.91178846359253
 20
97.57954181519757
 30
0.0
 10
8.32949798392646
 20
97.86536880044083
 30
0.0
 10
7.336097693115538
 20
98.35299588722593
 30
0.0
 10
6.303884845320635
 20
98.75126181114852
 30
0.0
 10
5.876712805163637
 20
98.91608059596649
 30
0.0
  0
SPLINE
  5
227
330
1F
100
AcDbEntity
  8
0
  6
Continuous
 62
     7
100
AcDbSpline
210
0.0
220
0.0
230
1.0
 70
     8
 71
     3
 72
     9
 73
     5
 74
     0
 42
0.00000001
 43
0.00000001
 40
0.0
 40
0.0
 40
0.0
 40
0.0
 40
0.5595895099988976
 40
1.0
 40
1.0
 40
1.0
 40
1.0
 10
13.05967569351196
 20
96.40448834792073
 30
0.0
 10
11.79814640469909
 20
93.17613007711026
 30
0.0
 10
9.543763028542962
 20
87.40697570032998
 30
0.0
 10
8.205740821991322
 20
81.36225010756469
 30
0.0
 10
7.616461806371561
 20
78.70008954733272
 30
0.0
  0
SPLINE
  5
228
330
1F
100
AcDbEntity
  8
0
  6
Continuous
 62
     7
100
AcDbSpline
210
0.0
220
0.0
230
1.0
 70
     8
 71
     3
 72
    10
 73
     6
 74
     0
 42
0.00000001
 43
0.00000001
 40
0.0
 40
0.0
 40
0.0
 40
0.0
 40
0.6365647790652691
 40
0.8369481062806791
 40
1.0
 40
1.0
 40
1.0
 40
1.0
 10
7.616460323333741
 20
78.70008954733274
 30
0.0
 10
5.923678754079852
 20
77.91492436154206
 30
0.0
 10
3.698028866861361
 20
76.88259813650342
 30
0.0
 10
0.5841502986410411
 20
76.85377993749579
 30
0.0
 10
-0.2249152843049964
 20
77.59514123381116
 30
0.0
 10
-0.5878951713483853
 20
77.92774621079589
 30
0.0
  0
SPLINE
  5
229
330
1F
100
AcDbEntity
  8
0
  6
Continuous
 62
     7
100
AcDbSpline
210
0.0
220
0.0
230
1.0
 70
     8
 71
     3
 72
    10
 73
     6
 74
     0
 42
0.00000001
 43
0.00000001
 40
0.0
 40
0.0
 40
0.0
 40
0.0
 40
0.1655303834106079
 40
0.4194424530819485
 40
1.0
 40
1.0
 40
1.0
 40
1.0
 10
11.01639866828918
 20
92.79363125207695
 30
0.0
 10
10.69814195240878
 20
92.07587975350465
 30
0.0
 10
9.89170161880822
 20
90.25714748779349
 30
0.0
 10
8.648717256079074
 20
85.67138311236589
 30
0.0
 10
7.79102787016726
 20
81.81429384682363
 30
0.0
 10
7.194315855728959
 20
79.13083810711753
 30
0.0
  0
SPLINE
  5
22A
330
1F
100
AcDbEntity
  8
0
  6
Continuous
 62
     7
100
AcDbSpline
210
0.0
220
0.0
230
1.0
 70
     8
 71
     3
 72
     9
 73
     5
 74
     0
 42
0.00000001
 43
0.00000001
 40
0.0
 40
0.0
 40
0.0
 40
0.0
 40
0.6627427675991805
 40
1.0
 40
1.0
 40
1.0
 40
1.0
 10
7.194314152002335
 20
79.13083810711753
 30
0.0
 10
5.514889929794986
 20
78.44379501248581
 30
0.0
 10
2.980838553736746
 20
77.40712870962963
 30
0.0
 10
0.3121420317683646
 20
77.79644610388411
 30
0.0
 10
-0.5878951713483845
 20
77.92774621079587
 30
0.0
  0
SPLINE
  5
22B
330
1F
100
AcDbEntity
  8
0
  6
Continuous
 62
     7
100
AcDbSpline
210
0.0
220
0.0
230
1.0
 70
     8
 71
     3
 72
     9
 73
     5
 74
     0
 42
0.00000001
 43
0.00000001
 40
0.0
 40
0.0
 40
0.0
 40
0.0
 40
0.5165504380347592
 40
1.0
 40
1.0
 40
1.0
 40
1.0
 10
-0.5878950469195843
 20
77.92774621079587
 30
0.0
 10
-0.6604436192600063
 20
78.604031885493
 30
0.0
 10
-0.8008918059200283
 20
79.91326642466036
 30
0.0
 10
-0.7193540623366754
 20
81.22727875486164
 30
0.0
 10
-0.6799346759176691
 20
81.86253744031437
 30
0.0
  0
SPLINE
  5
22C
330
1F
100
AcDbEntity
  8
0
  6
Continuous
 62
     7
100
AcDbSpline
210
0.0
220
0.0
230
1.0
 70
     8
 71
     3
 72
     9
 73
     5
 74
     0
 42
0.00000001
 43
0.00000001
 40
0.0
 40
0.0
 40
0.0
 40
0.0
 40
0.5519779947046258
 40
1.0
 40
1.0
 40
1.0
 40
1.0
 10
0.0046220775402617
 20
92.9677931670142
 30
0.0
 10
0.2205520253704812
 20
93.66478863160253
 30
0.0
 10
0.6117450618714523
 20
94.92751191273858
 30
0.0
 10
1.270150433169005
 20
96.07252285677501
 30
0.0
 10
1.56513052791498
 20
96.58551295600736
 30
0.0
  0
SPLINE
  5
22D
330
1F
100
AcDbEntity
  8
0
  6
Continuous
 62
     7
100
AcDbSpline
210
0.0
220
0.0
230
1.0
 70
     8
 71
     3
 72
     9
 73
     5
 74
     0
 42
0.00000001
 43
0.00000001
 40
0.0
 40
0.0
 40
0.0
 40
0.0
 40
0.5165416405402857
 40
1.0
 40
1.0
 40
1.0
 40
1.0
 10
10.04652678966522
 20
90.45020410842409
 30
0.0
 10
8.825528727670063
 20
90.92035909584212
 30
0.0
 10
6.461734667005302
 20
91.83055674597982
 30
0.0
 10
3.931297502217332
 20
91.78141897069821
 30
0.0
 10
2.707936501813049
 20
91.75766290247309
 30
0.0
  0
SPLINE
  5
22E
330
1F
100
AcDbEntity
  8
0
  6
Continuous
 62
     7
100
AcDbSpline
210
0.0
220
0.0
230
1.0
 70
     8
 71
     3
 72
     9
 73
     5
 74
     0
 42
0.00000001
 43
0.00000001
 40
0.0
 40
0.0
 40
0.0
 40
0.0
 40
0.5745003161097834
 40
1.0
 40
1.0
 40
1.0
 40
1.0
 10
2.707935869693756
 20
91.75766290247309
 30
0.0
 10
2.268935609501931
 20
92.18527384455825
 30
0.0
 10
1.504792844247237
 20
92.92959187205861
 30
0.0
 10
0.4524104544107975
 20
92.95639040129525
 30
0.0
 10
0.0046220802037616
 20
92.9677931670142
 30
0.0
  0
SPLINE
  5
22F
330
1F
100
AcDbEntity
  8
0
  6
Continuous
 62
     7
100
AcDbSpline
210
0.0
220
0.0
230
1.0
 70
     8
 71
     3
 72
     9
 73
     5
 74
     0
 42
0.00000001
 43
0.00000001
 40
0.0
 40
0.0
 40
0.0
 40
0.0
 40
0.5747898423620086
 40
0.9999999999999999
 40
0.9999999999999999
 40
0.9999999999999999
 40
0.9999999999999999
 10
0.1671710051596165
 20
92.97862672759703
 30
0.0
 10
0.0090719336215152
 20
92.35448446172641
 30
0.0
 10
-0.2659835038378837
 20
91.26862277825303
 30
0.0
 10
-0.285223266711449
 20
90.15011267103904
 30
0.0
 10
-0.2934042093158352
 20
89.67451081203092
 30
0.0
  0
SPLINE
  5
230
330
1F
100
AcDbEntity
  8
0
  6
Continuous
 62
     7
100
AcDbSpline
210
0.0
220
0.0
230
1.0
 70
     8
 71
     3
 72
     9
 73
     5
 74
     0
 42
0.00000001
 43
0.00000001
 40
0.0
 40
0.0
 40
0.0
 40
0.0
 40
0.5693547087498015
 40
1.0
 40
1.0
 40
1.0
 40
1.0
 10
9.400956332683563
 20
88.36056392034328
 30
0.0
 10
7.992691327128028
 20
88.66869629744991
 30
0.0
 10
5.519250809444722
 20
89.2098920974868
 30
0.0
 10
3.040479764883598
 20
88.74152409205334
 30
0.0
 10
1.973008686456015
 20
88.53982361594119
 30
0.0
  0
SPLINE
  5
231
330
1F
100
AcDbEntity
  8
0
  6
Continuous
 62
     7
100
AcDbSpline
210
0.0
220
0.0
230
1.0
 70
     8
 71
     3
 72
     9
 73
     5
 74
     0
 42
0.00000001
 43
0.00000001
 40
0.0
 40
0.0
 40
0.0
 40
0.0
 40
0.5688756969197225
 40
1.0
 40
1.0
 40
1.0
 40
1.0
 10
1.973006874322891
 20
88.53982361594119
 30
0.0
 10
1.622451650801475
 20
88.92966556872203
 30
0.0
 10
1.006227007316864
 20
89.614950517423
 30
0.0
 10
0.09810797542324
 20
89.65656835207211
 30
0.0
 10
-0.2934042093158353
 20
89.67451081203093
 30
0.0
  0
SPLINE
  5
232
330
1F
100
AcDbEntity
  8
0
  6
Continuous
 62
     7
100
AcDbSpline
210
0.0
220
0.0
230
1.0
 70
     8
 71
     3
 72
     9
 73
     5
 74
     0
 42
0.00000001
 43
0.00000001
 40
0.0
 40
0.0
 40
0.0
 40
0.0
 40
0.5478224910338743
 40
1.0
 40
1.0
 40
1.0
 40
1.0
 10
-0.2723222132772207
 20
89.67586525997437
 30
0.0
 10
-0.346563971236909
 20
88.95841802853269
 30
0.0
 10
-0.4820855300899893
 20
87.64878353344713
 30
0.0
 10
-0.3521556009944166
 20
86.33944007605422
 30
0.0
 10
-0.2934042093158352
 20
85.7473844131092
 30
0.0
  0
SPLINE
  5
233
330
1F
100
AcDbEntity
  8
0
  6
Continuous
 62
     7
100
AcDbSpline
210
0.0
220
0.0
230
1.0
 70
     8
 71
     3
 72
     9
 73
     5
 74
     0
 42
0.00000001
 43
0.00000001
 40
0.0
 40
0.0
 40
0.0
 40
0.0
 40
0.5601393259243607
 40
1.0
 40
1.0
 40
1.0
 40
1.0
 10
8.773513138294222
 20
86.0232583126704
 30
0.0
 10
7.250885248736409
 20
86.09324880791293
 30
0.0
 10
4.532583178005844
 20
86.21820074755229
 30
0.0
 10
1.999941936731286
 20
85.24812316501364
 30
0.0
 10
0.8859326531524951
 20
84.82142418565252
 30
0.0
  0
SPLINE
  5
234
330
1F
100
AcDbEntity
  8
0
  6
Continuous
 62
     7
100
AcDbSpline
210
0.0
220
0.0
230
1.0
 70
     8
 71
     3
 72
     9
 73
     5
 74
     0
 42
0.00000001
 43
0.00000001
 40
0.0
 40
0.0
 40
0.0
 40
0.0
 40
0.5952662334641844
 40
1.0
 40
1.0
 40
1.0
 40
1.0
 10
0.8859322406351566
 20
84.82142418565253
 30
0.0
 10
0.6992552063093481
 20
85.07021387326652
 30
0.0
 10
0.3856526133327045
 20
85.48816079117941
 30
0.0
 10
-0.0977534518059926
 20
85.67269655739013
 30
0.0
 10
-0.2934042093158353
 20
85.74738441310919
 30
0.0
  0
SPLINE
  5
235
330
1F
100
AcDbEntity
  8
0
  6
Continuous
 62
     7
100
AcDbSpline
210
0.0
220
0.0
230
1.0
 70
     8
 71
     3
 72
     9
 73
     5
 74
     0
 42
0.00000001
 43
0.00000001
 40
0.0
 40
0.0
 40
0.0
 40
0.0
 40
0.5839905733665853
 40
1.0
 40
1.0
 40
1.0
 40
1.0
 10
-0.293404096737504
 20
85.74738441310919
 30
0.0
 10
-0.3108564901358522
 20
85.45885255453288
 30
0.0
 10
-0.3407412077910341
 20
84.96478317784249
 30
0.0
 10
-0.2523831371830421
 20
84.47856905477288
 30
0.0
 10
-0.2156253468909766
 20
84.27629939621363
 30
0.0
  0
SPLINE
  5
236
330
1F
100
AcDbEntity
  8
0
  6
Continuous
 62
     7
100
AcDbSpline
210
0.0
220
0.0
230
1.0
 70
     8
 71
     3
 72
     9
 73
     5
 74
     0
 42
0.00000001
 43
0.00000001
 40
0.0
 40
0.0
 40
0.0
 40
0.0
 40
0.5506911376955754
 40
1.0
 40
1.0
 40
1.0
 40
1.0
 10
7.997699081897736
 20
82.79561725090876
 30
0.0
 10
6.638979383593556
 20
82.57432424182241
 30
0.0
 10
4.171680374588464
 20
82.17247828146725
 30
0.0
 10
1.90456685110419
 20
81.12659617747589
 30
0.0
 10
0.8859326531524956
 20
80.65667207922696
 30
0.0
  0
SPLINE
  5
237
330
1F
100
AcDbEntity
  8
0
  6
Continuous
 62
     7
100
AcDbSpline
210
0.0
220
0.0
230
1.0
 70
     8
 71
     3
 72
     9
 73
     5
 74
     0
 42
0.00000001
 43
0.00000001
 40
0.0
 40
0.0
 40
0.0
 40
0.0
 40
0.6284760311894353
 40
1.0
 40
1.0
 40
1.0
 40
1.0
 10
0.8859322406351566
 20
80.65667207922696
 30
0.0
 10
0.5776253484951812
 20
80.85635231839322
 30
0.0
 10
0.0870626590056823
 20
81.17407364626685
 30
0.0
 10
-0.4899931200755409
 20
81.19976471510985
 30
0.0
 10
-0.7043831733448693
 20
81.20930956296937
 30
0.0
  0
SPLINE
  5
238
330
1F
100
AcDbEntity
  8
0
  6
Continuous
 62
     7
100
AcDbSpline
210
0.0
220
0.0
230
1.0
 70
     8
 71
     3
 72
     9
 73
     5
 74
     0
 42
0.00000001
 43
0.00000001
 40
0.0
 40
0.0
 40
0.0
 40
0.0
 40
0.504334780090811
 40
1.0
 40
1.0
 40
1.0
 40
1.0
 10
16.52035117149353
 20
95.78529877048497
 30
0.0
 10
17.40260286667649
 20
93.04706893585005
 30
0.0
 10
19.15194027113648
 20
87.61767968345333
 30
0.0
 10
19.73222775758815
 20
81.94338742649286
 30
0.0
 10
20.01985608217077
 20
79.13083810711753
 30
0.0
  0
SPLINE
  5
239
330
1F
100
AcDbEntity
  8
0
  6
Continuous
 62
     7
100
AcDbSpline
210
0.0
220
0.0
230
1.0
 70
     8
 71
     3
 72
     9
 73
     5
 74
     0
 42
0.00000001
 43
0.00000001
 40
0.0
 40
0.0
 40
0.0
 40
0.0
 40
0.5658331484463295
 40
1.0
 40
1.0
 40
1.0
 40
1.0
 10
24.2958664894104
 20
77.60361897427886
 30
0.0
 10
23.45589992664964
 20
77.80095499198448
 30
0.0
 10
21.97142245291528
 20
78.14970800910176
 30
0.0
 10
20.61065583874461
 20
78.83381955229696
 30
0.0
 10
20.01985608217077
 20
79.13083810711753
 30
0.0
  0
SPLINE
  5
23A
330
1F
100
AcDbEntity
  8
0
  6
Continuous
 62
     7
100
AcDbSpline
210
0.0
220
0.0
230
1.0
 70
     8
 71
     3
 72
     9
 73
     5
 74
     0
 42
0.00000001
 43
0.00000001
 40
0.0
 40
0.0
 40
0.0
 40
0.0
 40
0.5614347612376329
 40
1.0
 40
1.0
 40
1.0
 40
1.0
 10
17.03360676765442
 20
96.20596263289364
 30
0.0
 10
17.94619540835729
 20
93.12844289674459
 30
0.0
 10
19.57165343787288
 20
87.64691601485909
 30
0.0
 10
20.23329093691903
 20
81.97136333823734
 30
0.0
 10
20.52346214466234
 20
79.48226322350632
 30
0.0
  0
SPLINE
  5
23B
330
1F
100
AcDbEntity
  8
0
  6
Continuous
 62
     7
100
AcDbSpline
210
0.0
220
0.0
230
1.0
 70
     8
 71
     3
 72
     9
 73
     5
 74
     0
 42
0.00000001
 43
0.00000001
 40
0.0
 40
0.0
 40
0.0
 40
0.0
 40
0.5730648382546742
 40
1.0
 40
1.0
 40
1.0
 40
1.0
 10
24.20464158058167
 20
78.13792176197917
 30
0.0
 10
23.47589326165595
 20
78.32681934540187
 30
0.0
 10
22.20422508333047
 20
78.65644624067254
 30
0.0
 10
21.02634189443187
 20
79.23518100380203
 30
0.0
 10
20.52346214466234
 20
79.48226322350632
 30
0.0
  0
SPLINE
  5
23C
330
1F
100
AcDbEntity
  8
0
  6
Continuous
 62
     7
100
AcDbSpline
210
0.0
220
0.0
230
1.0
 70
     8
 71
     3
 72
     9
 73
     5
 74
     0
 42
0.00000001
 43
0.00000001
 40
0.0
 40
0.0
 40
0.0
 40
0.0
 40
0.4710093300653657
 40
1.0
 40
1.0
 40
1.0
 40
1.0
 10
23.47701787948608
 20
82.39967462962662
 30
0.0
 10
22.9651784922121
 20
82.54872846183012
 30
0.0
 10
21.87849218983472
 20
82.86518468188588
 30
0.0
 10
20.74644389091348
 20
82.81968575748812
 30
0.0
 10
20.14760090286877
 20
82.79561725098966
 30
0.0
  0
SPLINE
  5
23D
330
1F
100
AcDbEntity
  8
0
  6
Continuous
 62
     7
100
AcDbSpline
210
0.0
220
0.0
230
1.0
 70
     8
 71
     3
 72
     9
 73
     5
 74
     0
 42
0.00000001
 43
0.00000001
 40
0.0
 40
0.0
 40
0.0
 40
0.0
 40
0.4505663202212662
 40
1.0
 40
1.0
 40
1.0
 40
1.0
 10
23.17564189434052
 20
85.07240752411664
 30
0.0
 10
22.67362883379983
 20
85.28176004868743
 30
0.0
 10
21.55944644152925
 20
85.74640313268002
 30
0.0
 10
20.34920065359071
 20
85.74703644822138
 30
0.0
 10
19.68425085688692
 20
85.74738441310971
 30
0.0
  0
SPLINE
  5
23E
330
1F
100
AcDbEntity
  8
0
  6
Continuous
 62
     7
100
AcDbSpline
210
0.0
220
0.0
230
1.0
 70
     8
 71
     3
 72
     9
 73
     5
 74
     0
 42
0.00000001
 43
0.00000001
 40
0.0
 40
0.0
 40
0.0
 40
0.0
 40
0.4767096032892735
 40
1.0
 40
1.0
 40
1.0
 40
1.0
 10
23.17564189434052
 20
87.82870957555082
 30
0.0
 10
22.56726969490098
 20
88.10422257215455
 30
0.0
 10
21.29107933657424
 20
88.68216980607373
 30
0.0
 10
19.91429977076113
 20
88.40151638122785
 30
0.0
 10
19.19384424558357
 20
88.254653139202
 30
0.0
  0
SPLINE
  5
23F
330
1F
100
AcDbEntity
  8
0
  6
Continuous
 62
     7
100
AcDbSpline
210
0.0
220
0.0
230
1.0
 70
     8
 71
     3
 72
    10
 73
     6
 74
     0
 42
0.00000001
 43
0.00000001
 40
0.0
 40
0.0
 40
0.0
 40
0.0
 40
0.1878434804578449
 40
0.4540099133074345
 40
1.0
 40
1.0
 40
1.0
 40
1.0
 10
22.7145254611969
 20
90.55758573592597
 30
0.0
 10
22.50808546990731
 20
90.74093055625323
 30
0.0
 10
22.00912856003679
 20
91.18406739432322
 30
0.0
 10
20.49162523906517
 20
91.36512485771394
 30
0.0
 10
19.37212879264084
 20
90.98882792134619
 30
0.0
 10
18.61952267900672
 20
90.73585402780981
 30
0.0
  0
SPLINE
  5
240
330
1F
100
AcDbEntity
  8
0
  6
Continuous
 62
     7
100
AcDbSpline
210
0.0
220
0.0
230
1.0
 70
     8
 71
     3
 72
     9
 73
     5
 74
     0
 42
0.00000001
 43
0.00000001
 40
0.0
 40
0.0
 40
0.0
 40
0.0
 40
0.5266594793027075
 40
1.0
 40
1.0
 40
1.0
 40
1.0
 10
21.57121896743774
 20
95.60394969079057
 30
0.0
 10
20.90276686319843
 20
95.21805897017919
 30
0.0
 10
19.63353668599866
 20
94.4853450710155
 30
0.0
 10
18.52069612211871
 20
93.53240012336317
 30
0.0
 10
17.9939435901587
 20
93.08133266564556
 30
0.0
  0
LWPOLYLINE
  5
241
330
1F
100
AcDbEntity
  8
0
  6
Continuous
 62
     7
100
AcDbPolyline
 90
        3
 70
   128
 43
0.0
 10
10.4237124324
 20
89.3987122955
 10
10.4237173245
 20
79.4816750602
 10
10.4237173245
 20
71.6897172325
  0
SPLINE
  5
242
330
1F
100
AcDbEntity
  8
0
  6
Continuous
 62
     7
100
AcDbSpline
210
0.0
220
0.0
230
1.0
 70
     8
 71
     3
 72
    11
 73
     7
 74
     0
 42
0.00000001
 43
0.00000001
 40
0.0
 40
0.0
 40
0.0
 40
0.0
 40
0.4391646975078289
 40
0.7545029633565606
 40
0.9154246785575068
 40
1.0
 40
1.0
 40
1.0
 40
1.0
 10
17.49046146869659
 20
93.08133266591709
 30
0.0
 10
17.30264298472416
 20
89.45996697891958
 30
0.0
 10
16.97996312558585
 20
83.23831219258817
 30
0.0
 10
16.6685030798801
 20
75.68716980031006
 30
0.0
 10
16.48272222404485
 20
71.05855985222543
 30
0.0
 10
16.51071428578203
 20
69.03149111382147
 30
0.0
 10
16.52035773260985
 20
68.33315278566667
 30
0.0
  0
SPLINE
  5
243
330
1F
100
AcDbEntity
  8
0
  6
Continuous
 62
     7
100
AcDbSpline
210
0.0
220
0.0
230
1.0
 70
     8
 71
     3
 72
     9
 73
     5
 74
     0
 42
0.00000001
 43
0.00000001
 40
0.0
 40
0.0
 40
0.0
 40
0.0
 40
0.58628593538816
 40
1.0
 40
1.0
 40
1.0
 40
1.0
 10
12.81485706567764
 20
94.17457091401386
 30
0.0
 10
12.85616609151152
 20
91.14640444274775
 30
0.0
 10
12.9266249296662
 20
85.98140509944737
 30
0.0
 10
13.31254250976701
 20
80.83091835366129
 30
0.0
 10
13.47220204043569
 20
78.70008954733272
 30
0.0
  0
SPLINE
  5
244
330
1F
100
AcDbEntity
  8
0
  6
Continuous
 62
     7
100
AcDbSpline
210
0.0
220
0.0
230
1.0
 70
     8
 71
     3
 72
    10
 73
     6
 74
     0
 42
0.00000001
 43
0.00000001
 40
0.0
 40
0.0
 40
0.0
 40
0.0
 40
0.3655096395971554
 40
0.66450909385855
 40
1.0
 40
1.0
 40
1.0
 40
1.0
 10
16.52035117149353
 20
93.72551930554904
 30
0.0
 10
16.31306840243058
 20
90.8568446317237
 30
0.0
 10
15.93622120027657
 20
85.6414954273098
 30
0.0
 10
15.3497319530851
 20
77.79440353261063
 30
0.0
 10
14.92718808449017
 20
72.81954046417206
 30
0.0
 10
14.70376526484415
 20
70.18904924961615
 30
0.0
  0
LWPOLYLINE
  5
245
330
1F
100
AcDbEntity
  8
0
  6
Continuous
 62
     7
100
AcDbPolyline
 90
        3
 70
   128
 43
0.0
 10
11.4568695426
 20
90.8580679378
 10
11.5499534234
 20
79.8824103722
 10
11.6230869449
 20
71.2586794278
  0
SPLINE
  5
246
330
1F
100
AcDbEntity
  8
0
  6
Continuous
 62
     7
100
AcDbSpline
210
0.0
220
0.0
230
1.0
 70
     8
 71
     3
 72
     9
 73
     5
 74
     0
 42
0.00000001
 43
0.00000001
 40
0.0
 40
0.0
 40
0.0
 40
0.0
 40
0.5434346623588697
 40
0.9999999999999999
 40
0.9999999999999999
 40
0.9999999999999999
 40
0.9999999999999999
 10
10.42371243238449
 20
71.68971723252918
 30
0.0
 10
10.49845765049985
 20
71.64236949114084
 30
0.0
 10
10.63599988564348
 20
71.55524265756195
 30
0.0
 10
10.6956050262554
 20
71.40469753959442
 30
0.0
 10
10.72281866740403
 20
71.33596385697936
 30
0.0
  0
SPLINE
  5
247
330
1F
100
AcDbEntity
  8
0
  6
Continuous
 62
     7
100
AcDbSpline
210
0.0
220
0.0
230
1.0
 70
     8
 71
     3
 72
     9
 73
     5
 74
     0
 42
0.00000001
 43
0.00000001
 40
0.0
 40
0.0
 40
0.0
 40
0.0
 40
0.5559524679914738
 40
1.0
 40
1.0
 40
1.0
 40
1.0
 10
10.722815990448
 20
71.33596385697936
 30
0.0
 10
10.72950548340709
 20
70.63082264474558
 30
0.0
 10
10.74153797421202
 20
69.36247462430903
 30
0.0
 10
10.8021170655674
 20
68.0955517110169
 30
0.0
 10
10.82901706157507
 20
67.53297771812447
 30
0.0
  0
SPLINE
  5
248
330
1F
100
AcDbEntity
  8
0
  6
Continuous
 62
     7
100
AcDbSpline
210
0.0
220
0.0
230
1.0
 70
     8
 71
     3
 72
    10
 73
     6
 74
     0
 42
0.00000001
 43
0.00000001
 40
0.0
 40
0.0
 40
0.0
 40
0.0
 40
0.172113721581253
 40
0.3920473582199399
 40
1.0
 40
1.0
 40
1.0
 40
1.0
 10
10.82901656627655
 20
67.53297771812449
 30
0.0
 10
10.89052933990788
 20
67.50680615730523
 30
0.0
 10
11.03064553853159
 20
67.44719155374307
 30
0.0
 10
11.26351150789943
 20
67.13016457178475
 30
0.0
 10
11.41714143570034
 20
66.85628542531734
 30
0.0
 10
11.52995852531491
 20
66.65516414216076
 30
0.0
  0
SPLINE
  5
249
330
1F
100
AcDbEntity
  8
0
  6
Continuous
 62
     7
100
AcDbSpline
210
0.0
220
0.0
230
1.0
 70
     8
 71
     3
 72
     9
 73
     5
 74
     0
 42
0.00000001
 43
0.00000001
 40
0.0
 40
0.0
 40
0.0
 40
0.0
 40
0.5969205097077521
 40
0.9999999999999999
 40
0.9999999999999999
 40
0.9999999999999999
 40
0.9999999999999999
 10
11.6230845451355
 20
71.25867942778955
 30
0.0
 10
11.55104613392632
 20
71.33068906117683
 30
0.0
 10
11.43036270952122
 20
71.45132427510596
 30
0.0
 10
11.30205689445079
 20
71.35350911106143
 30
0.0
 10
11.25033945191067
 20
71.3140818245955
 30
0.0
  0
SPLINE
  5
24A
330
1F
100
AcDbEntity
  8
0
  6
Continuous
 62
     7
100
AcDbSpline
210
0.0
220
0.0
230
1.0
 70
     8
 71
     3
 72
     9
 73
     5
 74
     0
 42
0.00000001
 43
0.00000001
 40
0.0
 40
0.0
 40
0.0
 40
0.0
 40
0.6708200704486135
 40
1.0
 40
1.0
 40
1.0
 40
1.0
 10
11.250339448452
 20
71.31408182459549
 30
0.0
 10
11.27695803287289
 20
71.14424014190732
 30
0.0
 10
11.31663869478734
 20
70.89105498813785
 30
0.0
 10
11.14508512743179
 20
70.7165247486603
 30
0.0
 10
11.0886131362154
 20
70.6590728967245
 30
0.0
  0
SPLINE
  5
24B
330
1F
100
AcDbEntity
  8
0
  6
Continuous
 62
     7
100
AcDbSpline
210
0.0
220
0.0
230
1.0
 70
     8
 71
     3
 72
     9
 73
     5
 74
     0
 42
0.00000001
 43
0.00000001
 40
0.0
 40
0.0
 40
0.0
 40
0.0
 40
0.4977438525177206
 40
1.0
 40
1.0
 40
1.0
 40
1.0
 10
11.08860969543457
 20
68.76097695080146
 30
0.0
 10
11.0174964336785
 20
68.6673563620095
 30
0.0
 10
10.87462523316769
 20
68.47926646734098
 30
0.0
 10
10.82460841270301
 20
68.24838981654166
 30
0.0
 10
10.79948715714711
 20
68.1324305993676
 30
0.0
  0
LWPOLYLINE
  5
24C
330
1F
100
AcDbEntity
  8
0
  6
Continuous
 62
     7
100
AcDbPolyline
 90
        3
 70
   128
 43
0.0
 10
11.6230845451
 20
71.2586794278
 10
11.5300079175
 20
66.6576056944
 10
11.456874396
 20
63.0424763325
  0
SPLINE
  5
24D
330
1F
100
AcDbEntity
  8
0
  6
Continuous
 62
     7
100
AcDbSpline
210
0.0
220
0.0
230
1.0
 70
     8
 71
     3
 72
     9
 73
     5
 74
     0
 42
0.00000001
 43
0.00000001
 40
0.0
 40
0.0
 40
0.0
 40
0.0
 40
0.3633215482890341
 40
1.0
 40
1.0
 40
1.0
 40
1.0
 10
11.6230845451355
 20
62.59518971536736
 30
0.0
 10
11.56762071219121
 20
62.63138324137724
 30
0.0
 10
11.41496300937816
 20
62.7310016817927
 30
0.0
 10
11.44057059687489
 20
62.92131068864583
 30
0.0
 10
11.45687439603437
 20
63.04247633247576
 30
0.0
  0
SPLINE
  5
24E
330
1F
100
AcDbEntity
  8
0
  6
Continuous
 62
     7
100
AcDbSpline
210
0.0
220
0.0
230
1.0
 70
     8
 71
     3
 72
    20
 73
    16
 74
     0
 42
0.00000001
 43
0.00000001
 40
0.0
 40
0.0
 40
0.0
 40
0.0
 40
0.4932986433376493
 40
0.5832306463722385
 40
0.6299215936084246
 40
0.6488946237041124
 40
0.663961053765514
 40
0.6812460644635826
 40
0.6951530548737838
 40
0.7282813587081887
 40
0.7957939809496818
 40
0.8279597123958389
 40
0.8525279295834649
 40
0.903931505820131
 40
0.9999999999999999
 40
0.9999999999999999
 40
0.9999999999999999
 40
0.9999999999999999
 10
11.6230845451355
 20
62.59518971536736
 30
0.0
 10
11.67100374234752
 20
62.07270104988118
 30
0.0
 10
11.72765896477933
 20
61.45495882372816
 30
0.0
 10
11.67269342330127
 20
60.78329919765762
 30
0.0
 10
11.65462134418498
 20
60.62242848576714
 30
0.0
 10
11.65579628955354
 20
60.53167775174426
 30
0.0
 10
11.70273389536739
 20
60.49245245142107
 30
0.0
 10
11.75227342741122
 20
60.49454289782909
 30
0.0
 10
11.82105537631869
 20
60.46164618698067
 30
0.0
 10
11.78657124513991
 20
60.31470628255608
 30
0.0
 10
11.80741293134512
 20
60.19509779848192
 30
0.0
 10
11.83156623953193
 20
60.04237181296116
 30
0.0
 10
11.96122399897025
 20
60.02510594988319
 30
0.0
 10
12.04755288087158
 20
59.84082410461093
 30
0.0
 10
12.07782343083654
 20
59.69111406480307
 30
0.0
 10
12.09754273188735
 20
59.59358767863839
 30
0.0
  0
SPLINE
  5
24F
330
1F
100
AcDbEntity
  8
0
  6
Continuous
 62
     7
100
AcDbSpline
210
0.0
220
0.0
230
1.0
 70
     8
 71
     3
 72
     9
 73
     5
 74
     0
 42
0.00000001
 43
0.00000001
 40
0.0
 40
0.0
 40
0.0
 40
0.0
 40
0.4378100822661448
 40
0.9999999999999999
 40
0.9999999999999999
 40
0.9999999999999999
 40
0.9999999999999999
 10
13.18658888339996
 20
62.42814386100257
 30
0.0
 10
12.98130733790934
 20
62.03276367646933
 30
0.0
 10
12.51242470179447
 20
61.1296776111903
 30
0.0
 10
12.24684753656161
 20
60.14638491731593
 30
0.0
 10
12.09754273188735
 20
59.59358767863839
 30
0.0
  0
LWPOLYLINE
  5
250
330
1F
100
AcDbEntity
  8
0
  6
Continuous
 62
     7
100
AcDbPolyline
 90
        3
 70
   128
 43
0.0
 10
13.1865888834
 20
62.428143861
 10
13.2012744145
 20
63.0583248858
 10
13.2128114846
 20
63.5534671196
  0
SPLINE
  5
251
330
1F
100
AcDbEntity
  8
0
  6
Continuous
 62
     7
100
AcDbSpline
210
0.0
220
0.0
230
1.0
 70
     8
 71
     3
 72
    12
 73
     8
 74
     0
 42
0.00000001
 43
0.00000001
 40
0.0
 40
0.0
 40
0.0
 40
0.0
 40
0.306859183758272
 40
0.4160683234904817
 40
0.4936718952719016
 40
0.6123177907691549
 40
1.0
 40
1.0
 40
1.0
 40
1.0
 10
13.21280747652054
 20
63.5534671196049
 30
0.0
 10
13.21976633747671
 20
63.6587316603852
 30
0.0
 10
13.22920181069923
 20
63.80145915013813
 30
0.0
 10
13.37119049991075
 20
63.94949234705702
 30
0.0
 10
13.47591137417064
 20
63.888213371358
 30
0.0
 10
13.57320840239598
 20
63.71238676448945
 30
0.0
 10
13.60118846075009
 20
63.53791493892905
 30
0.0
 10
13.62261206085413
 20
63.40432641767141
 30
0.0
  0
SPLINE
  5
252
330
1F
100
AcDbEntity
  8
0
  6
Continuous
 62
     7
100
AcDbSpline
210
0.0
220
0.0
230
1.0
 70
     8
 71
     3
 72
     9
 73
     5
 74
     0
 42
0.00000001
 43
0.00000001
 40
0.0
 40
0.0
 40
0.0
 40
0.0
 40
0.5888902437947787
 40
1.0
 40
1.0
 40
1.0
 40
1.0
 10
13.62261176109314
 20
63.40432641767139
 30
0.0
 10
13.61694924512279
 20
63.17408030329552
 30
0.0
 10
13.60733367408895
 20
62.78309723505483
 30
0.0
 10
13.74494383817421
 20
62.41882137245075
 30
0.0
 10
13.80151671918266
 20
62.26906401138414
 30
0.0
  0
SPLINE
  5
253
330
1F
100
AcDbEntity
  8
0
  6
Continuous
 62
     7
100
AcDbSpline
210
0.0
220
0.0
230
1.0
 70
     8
 71
     3
 72
    11
 73
     7
 74
     0
 42
0.00000001
 43
0.00000001
 40
0.0
 40
0.0
 40
0.0
 40
0.0
 40
0.2845981284508437
 40
0.5310335580456521
 40
0.7766724362149259
 40
1.0
 40
1.0
 40
1.0
 40
1.0
 10
16.52035117149353
 20
68.33315278566667
 30
0.0
 10
16.26266473028632
 20
68.08310875175457
 30
0.0
 10
15.78184587009476
 20
67.61654991062937
 30
0.0
 10
15.89623222443441
 20
66.63252084991248
 30
0.0
 10
16.17716761733697
 20
65.80479073030142
 30
0.0
 10
15.95459926546811
 20
65.27163466961753
 30
0.0
 10
15.848609490184
 20
65.01773922316814
 30
0.0
  0
SPLINE
  5
254
330
1F
100
AcDbEntity
  8
0
  6
Continuous
 62
     7
100
AcDbSpline
210
0.0
220
0.0
230
1.0
 70
     8
 71
     3
 72
    12
 73
     8
 74
     0
 42
0.00000001
 43
0.00000001
 40
0.0
 40
0.0
 40
0.0
 40
0.0
 40
0.1664558227950186
 40
0.2046488565277326
 40
0.2393463422316007
 40
0.6305619850707946
 40
1.0
 40
1.0
 40
1.0
 40
1.0
 10
15.84860682487488
 20
65.01773922316814
 30
0.0
 10
15.71921083246023
 20
65.24804281748635
 30
0.0
 10
15.56012512766313
 20
65.53118921897622
 30
0.0
 10
15.1719031614457
 20
65.67612012799555
 30
0.0
 10
14.58985440751707
 20
65.14825730138313
 30
0.0
 10
14.78389836861771
 20
63.75037116308271
 30
0.0
 10
14.12266688357934
 20
62.75331779967869
 30
0.0
 10
13.80151671918266
 20
62.26906401138413
 30
0.0
  0
LWPOLYLINE
  5
255
330
1F
100
AcDbEntity
  8
0
  6
Continuous
 62
     7
100
AcDbPolyline
 90
        3
 70
   128
 43
0.0
 10
13.47219944
 20
75.343065117
 10
13.5564316519
 20
68.6573714454
 10
13.6226120609
 20
63.4043264177
  0
SPLINE
  5
256
330
1F
100
AcDbEntity
  8
0
  6
Continuous
 62
     7
100
AcDbSpline
210
0.0
220
0.0
230
1.0
 70
     8
 71
     3
 72
     9
 73
     5
 74
     0
 42
0.00000001
 43
0.00000001
 40
0.0
 40
0.0
 40
0.0
 40
0.0
 40
0.5162250353159503
 40
1.0
 40
1.0
 40
1.0
 40
1.0
 10
8.149944245815277
 20
81.209309562988
 30
0.0
 10
8.61587124926521
 20
80.6960527733111
 30
0.0
 10
9.518436935884353
 20
79.7018026797201
 30
0.0
 10
10.12855667112626
 20
78.50616553045607
 30
0.0
 10
10.42371732449595
 20
77.9277462107959
 30
0.0
  0
SPLINE
  5
257
330
1F
100
AcDbEntity
  8
0
  6
Continuous
 62
     7
100
AcDbSpline
210
0.0
220
0.0
230
1.0
 70
     8
 71
     3
 72
     9
 73
     5
 74
     0
 42
0.00000001
 43
0.00000001
 40
0.0
 40
0.0
 40
0.0
 40
0.0
 40
0.5339804051437927
 40
1.0
 40
1.0
 40
1.0
 40
1.0
 10
19.84971761703491
 20
80.83776790122809
 30
0.0
 10
19.23731749435411
 20
80.42890893958435
 30
0.0
 10
18.09045870181865
 20
79.66322735706702
 30
0.0
 10
17.18714040654733
 20
78.62278724259451
 30
0.0
 10
16.76617638055879
 20
78.13792176197589
 30
0.0
  0
SPLINE
  5
258
330
1F
100
AcDbEntity
  8
0
  6
Continuous
 62
     7
100
AcDbSpline
210
0.0
220
0.0
230
1.0
 70
     8
 71
     3
 72
     9
 73
     5
 74
     0
 42
0.00000001
 43
0.00000001
 40
0.0
 40
0.0
 40
0.0
 40
0.0
 40
0.4233131822078884
 40
1.0
 40
1.0
 40
1.0
 40
1.0
 10
8.91178846359253
 20
82.50430717320243
 30
0.0
 10
9.073563148372473
 20
82.3863661056694
 30
0.0
 10
9.455726264427998
 20
82.10775189640263
 30
0.0
 10
9.745757231293249
 20
81.73296747655651
 30
0.0
 10
9.913014266635942
 20
81.51683424211741
 30
0.0
  0
SPLINE
  5
259
330
1F
100
AcDbEntity
  8
0
  6
Continuous
 62
     7
100
AcDbSpline
210
0.0
220
0.0
230
1.0
 70
     8
 71
     3
 72
     9
 73
     5
 74
     0
 42
0.00000001
 43
0.00000001
 40
0.0
 40
0.0
 40
0.0
 40
0.0
 40
0.5503256751089749
 40
0.9999999999999999
 40
0.9999999999999999
 40
0.9999999999999999
 40
0.9999999999999999
 10
18.83602142333984
 20
83.34205129292789
 30
0.0
 10
18.56649563995825
 20
83.12665094511246
 30
0.0
 10
18.07673876403524
 20
82.73524571443195
 30
0.0
 10
17.73087627507654
 20
82.21354206284725
 30
0.0
 10
17.57535079384891
 20
81.97894532552773
 30
0.0
  0
SPLINE
  5
25A
330
1F
100
AcDbEntity
  8
0
  6
Continuous
 62
     7
100
AcDbSpline
210
0.0
220
0.0
230
1.0
 70
     8
 71
     3
 72
     9
 73
     5
 74
     0
 42
0.00000001
 43
0.00000001
 40
0.0
 40
0.0
 40
0.0
 40
0.0
 40
0.6178558890443836
 40
1.0
 40
1.0
 40
1.0
 40
1.0
 10
10.42371243238449
 20
82.39967462962663
 30
0.0
 10
10.22549205239877
 20
82.7775688681771
 30
0.0
 10
9.904672289246076
 20
83.38919084225097
 30
0.0
 10
9.427611256359489
 20
83.8856374659564
 30
0.0
 10
9.245305192075474
 20
84.07535161960922
 30
0.0
  0
SPLINE
  5
25B
330
1F
100
AcDbEntity
  8
0
  6
Continuous
 62
     7
100
AcDbSpline
210
0.0
220
0.0
230
1.0
 70
     8
 71
     3
 72
     9
 73
     5
 74
     0
 42
0.00000001
 43
0.00000001
 40
0.0
 40
0.0
 40
0.0
 40
0.0
 40
0.5855314076062911
 40
1.0
 40
1.0
 40
1.0
 40
1.0
 10
17.62928068637848
 20
83.01780428428273
 30
0.0
 10
17.83182006963593
 20
83.39245252807936
 30
0.0
 10
18.17772701950468
 20
84.03229564995085
 30
0.0
 10
18.64313437259983
 20
84.59019318118287
 30
0.0
 10
18.83603110312686
 20
84.82142418565253
 30
0.0
  0
SPLINE
  5
25C
330
1F
100
AcDbEntity
  8
0
  6
Continuous
 62
     7
100
AcDbSpline
210
0.0
220
0.0
230
1.0
 70
     8
 71
     3
 72
     9
 73
     5
 74
     0
 42
0.00000001
 43
0.00000001
 40
0.0
 40
0.0
 40
0.0
 40
0.0
 40
0.4872293058482092
 40
1.0
 40
1.0
 40
1.0
 40
1.0
 10
9.400956332683563
 20
85.24588005416186
 30
0.0
 10
9.602880829109814
 20
84.95601207757056
 30
0.0
 10
10.01731504725423
 20
84.36108075239774
 30
0.0
 10
10.28596268751645
 20
83.68746282510097
 30
0.0
 10
10.42371732449594
 20
83.3420512929279
 30
0.0
  0
SPLINE
  5
25D
330
1F
100
AcDbEntity
  8
0
  6
Continuous
 62
     7
100
AcDbSpline
210
0.0
220
0.0
230
1.0
 70
     8
 71
     3
 72
     9
 73
     5
 74
     0
 42
0.00000001
 43
0.00000001
 40
0.0
 40
0.0
 40
0.0
 40
0.0
 40
0.4962855742573785
 40
1.0
 40
1.0
 40
1.0
 40
1.0
 10
18.61952245235443
 20
86.02325831267036
 30
0.0
 10
18.40053281185246
 20
85.64307785453701
 30
0.0
 10
17.95927549578064
 20
84.8770260532082
 30
0.0
 10
17.70395793324404
 20
84.03058766835908
 30
0.0
 10
17.57535079384891
 20
83.60422444340826
 30
0.0
  0
SPLINE
  5
25E
330
1F
100
AcDbEntity
  8
0
  6
Continuous
 62
     7
100
AcDbSpline
210
0.0
220
0.0
230
1.0
 70
     8
 71
     3
 72
     9
 73
     5
 74
     0
 42
0.00000001
 43
0.00000001
 40
0.0
 40
0.0
 40
0.0
 40
0.0
 40
0.5473502811920584
 40
1.0
 40
1.0
 40
1.0
 40
1.0
 10
20.33206820487976
 20
78.96430544354801
 30
0.0
 10
19.62272951021612
 20
78.46555255570627
 30
0.0
 10
18.32677933162337
 20
77.5543391974971
 30
0.0
 10
17.190486571504
 20
76.4513118490598
 30
0.0
 10
16.67614397315247
 20
75.95202682995219
 30
0.0
  0
SPLINE
  5
25F
330
1F
100
AcDbEntity
  8
0
  6
Continuous
 62
     7
100
AcDbSpline
210
0.0
220
0.0
230
1.0
 70
     8
 71
     3
 72
     9
 73
     5
 74
     0
 42
0.00000001
 43
0.00000001
 40
0.0
 40
0.0
 40
0.0
 40
0.0
 40
0.4882082566037696
 40
0.9999999999999999
 40
0.9999999999999999
 40
0.9999999999999999
 40
0.9999999999999999
 10
7.61646032333374
 20
78.70008954733272
 30
0.0
 10
8.147616914074078
 20
78.34161105849597
 30
0.0
 10
9.235588253263096
 20
77.60733734643196
 30
0.0
 10
9.931842106819305
 20
76.49360117021097
 30
0.0
 10
10.28817908037718
 20
75.92360019089936
 30
0.0
  0
SPLINE
  5
260
330
1F
100
AcDbEntity
  8
0
  6
Continuous
 62
     7
100
AcDbSpline
210
0.0
220
0.0
230
1.0
 70
     8
 71
     3
 72
     9
 73
     5
 74
     0
 42
0.00000001
 43
0.00000001
 40
0.0
 40
0.0
 40
0.0
 40
0.0
 40
0.5322785731223962
 40
1.0
 40
1.0
 40
1.0
 40
1.0
 10
22.15448021888733
 20
76.27465606663856
 30
0.0
 10
21.22162754162213
 20
76.15577278939865
 30
0.0
 10
19.46906276751709
 20
75.93242493501762
 30
0.0
 10
18.00141203866335
 20
74.95599374752604
 30
0.0
 10
17.31496034560591
 20
74.4992959592647
 30
0.0
  0
SPLINE
  5
261
330
1F
100
AcDbEntity
  8
0
  6
Continuous
 62
     7
100
AcDbSpline
210
0.0
220
0.0
230
1.0
 70
     8
 71
     3
 72
     9
 73
     5
 74
     0
 42
0.00000001
 43
0.00000001
 40
0.0
 40
0.0
 40
0.0
 40
0.0
 40
0.5498367419131612
 40
1.0
 40
1.0
 40
1.0
 40
1.0
 10
20.81412076950073
 20
73.08707769203552
 30
0.0
 10
20.19535296574259
 20
72.87011742064982
 30
0.0
 10
19.06998654951306
 20
72.47552707255707
 30
0.0
 10
18.03931931440741
 20
71.8770316053561
 30
0.0
 10
17.57535079384891
 20
71.60761093589069
 30
0.0
  0
SPLINE
  5
262
330
1F
100
AcDbEntity
  8
0
  6
Continuous
 62
     7
100
AcDbSpline
210
0.0
220
0.0
230
1.0
 70
     8
 71
     3
 72
     9
 73
     5
 74
     0
 42
0.00000001
 43
0.00000001
 40
0.0
 40
0.0
 40
0.0
 40
0.0
 40
0.5784730034971935
 40
1.0
 40
1.0
 40
1.0
 40
1.0
 10
20.14759182929993
 20
71.60761093589069
 30
0.0
 10
19.52364506609356
 20
71.41058458675535
 30
0.0
 10
18.44503507144513
 20
71.06998727634637
 30
0.0
 10
17.45214671996294
 20
70.53042874013374
 30
0.0
 10
17.03361747530003
 20
70.30299025092658
 30
0.0
  0
SPLINE
  5
263
330
1F
100
AcDbEntity
  8
0
  6
Continuous
 62
     7
100
AcDbSpline
210
0.0
220
0.0
230
1.0
 70
     8
 71
     3
 72
    17
 73
    13
 74
     0
 42
0.00000001
 43
0.00000001
 40
0.0
 40
0.0
 40
0.0
 40
0.0
 40
0.038589300418551
 40
0.0836832063059277
 40
0.1716169182225968
 40
0.3201461420541306
 40
0.4878504161513333
 40
0.5819626636226052
 40
0.6465723542704361
 40
0.7362112639736328
 40
0.8552402554449633
 40
1.0
 40
1.0
 40
1.0
 40
1.0
 10
23.83385598659515
 20
73.87743202107329
 30
0.0
 10
23.81647930941533
 20
73.69848406700004
 30
0.0
 10
23.7787969455067
 20
73.31042472422074
 30
0.0
 10
23.06377624834734
 20
72.90595678518953
 30
0.0
 10
22.06509600998881
 20
72.2383695617637
 30
0.0
 10
20.53070288545415
 20
71.26928519976019
 30
0.0
 10
19.46286554197651
 20
69.737902900449
 30
0.0
 10
18.96811442894406
 20
68.40433731500671
 30
0.0
 10
18.68106769794496
 20
67.2982520417794
 30
0.0
 10
19.38777079330523
 20
66.17898283642408
 30
0.0
 10
18.85430873767168
 20
64.59989082709403
 30
0.0
 10
18.9815964462707
 20
63.44156735195259
 30
0.0
 10
19.05144831507813
 20
62.80591242255934
 30
0.0
  0
SPLINE
  5
264
330
1F
100
AcDbEntity
  8
0
  6
Continuous
 62
     7
100
AcDbSpline
210
0.0
220
0.0
230
1.0
 70
     8
 71
     3
 72
    13
 73
     9
 74
     0
 42
0.00000001
 43
0.00000001
 40
0.0
 40
0.0
 40
0.0
 40
0.0
 40
0.0189120141994825
 40
0.0473183567361018
 40
0.1371004674178977
 40
0.4137805904195827
 40
0.7704686379705087
 40
1.0
 40
1.0
 40
1.0
 40
1.0
 10
24.81101453304291
 20
71.92115824488292
 30
0.0
 10
24.77197384440969
 20
71.94487543884784
 30
0.0
 10
24.67429301504459
 20
72.00421648168832
 30
0.0
 10
24.33905922515988
 20
71.94026023326929
 30
0.0
 10
23.49050799768515
 20
71.59864672872764
 30
0.0
 10
22.06590357545045
 20
70.64119171940733
 30
0.0
 10
20.43979527541484
 20
69.36991753195343
 30
0.0
 10
19.76170056143409
 20
68.15838158414772
 30
0.0
 10
19.49619587028714
 20
67.68401056929753
 30
0.0
  0
SPLINE
  5
265
330
1F
100
AcDbEntity
  8
0
  6
Continuous
 62
     7
100
AcDbSpline
210
0.0
220
0.0
230
1.0
 70
     8
 71
     3
 72
     9
 73
     5
 74
     0
 42
0.00000001
 43
0.00000001
 40
0.0
 40
0.0
 40
0.0
 40
0.0
 40
0.5632623000089105
 40
1.0
 40
1.0
 40
1.0
 40
1.0
 10
24.5828777551651
 20
70.65907289672448
 30
0.0
 10
24.77779648821421
 20
69.91452628299547
 30
0.0
 10
25.12384970897126
 20
68.59267922574126
 30
0.0
 10
25.34230806851853
 20
67.24412751474166
 30
0.0
 10
25.43771707001103
 20
66.65516414216064
 30
0.0
  0
SPLINE
  5
266
330
1F
100
AcDbEntity
  8
0
  6
Continuous
 62
     7
100
AcDbSpline
210
0.0
220
0.0
230
1.0
 70
     8
 71
     3
 72
     9
 73
     5
 74
     0
 42
0.00000001
 43
0.00000001
 40
0.0
 40
0.0
 40
0.0
 40
0.0
 40
0.5688888297345802
 40
1.0
 40
1.0
 40
1.0
 40
1.0
 10
24.95476603507996
 20
66.17635365063803
 30
0.0
 10
24.03075324358971
 20
66.17673281892097
 30
0.0
 10
22.40651183965609
 20
66.17739932573761
 30
0.0
 10
20.95698061680763
 20
66.89303976714297
 30
0.0
 10
20.33207151498916
 20
67.20156035532646
 30
0.0
  0
SPLINE
  5
267
330
1F
100
AcDbEntity
  8
0
  6
Continuous
 62
     7
100
AcDbSpline
210
0.0
220
0.0
230
1.0
 70
     8
 71
     3
 72
     9
 73
     5
 74
     0
 42
0.00000001
 43
0.00000001
 40
0.0
 40
0.0
 40
0.0
 40
0.0
 40
0.5031091718754103
 40
1.0
 40
1.0
 40
1.0
 40
1.0
 10
24.5828777551651
 20
62.67216700957652
 30
0.0
 10
23.6737732034334
 20
62.98227900391849
 30
0.0
 10
21.86680047752802
 20
63.59867006112377
 30
0.0
 10
20.28311477199735
 20
64.66474016723144
 30
0.0
 10
19.49619587028714
 20
65.19446062509415
 30
0.0
  0
SPLINE
  5
268
330
1F
100
AcDbEntity
  8
0
  6
Continuous
 62
     7
100
AcDbSpline
210
0.0
220
0.0
230
1.0
 70
     8
 71
     3
 72
     9
 73
     5
 74
     0
 42
0.00000001
 43
0.00000001
 40
0.0
 40
0.0
 40
0.0
 40
0.0
 40
0.4994617308378616
 40
1.0
 40
1.0
 40
1.0
 40
1.0
 10
23.81116151809692
 20
61.32648332698541
 30
0.0
 10
23.00064169869723
 20
61.73664803791349
 30
0.0
 10
21.37785506789767
 20
62.55786152756367
 30
0.0
 10
19.92237014812045
 20
63.64847043083611
 30
0.0
 10
19.19384424558356
 20
64.19436192361293
 30
0.0
  0
SPLINE
  5
269
330
1F
100
AcDbEntity
  8
0
  6
Continuous
 62
     7
100
AcDbSpline
210
0.0
220
0.0
230
1.0
 70
     8
 71
     3
 72
     9
 73
     5
 74
     0
 42
0.00000001
 43
0.00000001
 40
0.0
 40
0.0
 40
0.0
 40
0.0
 40
0.4751346583293564
 40
1.0
 40
1.0
 40
1.0
 40
1.0
 10
19.19384300708771
 20
64.19436192361293
 30
0.0
 10
19.27960482382987
 20
64.34098115361721
 30
0.0
 10
19.4601048467996
 20
64.64956573576457
 30
0.0
 10
19.4837731816363
 20
65.00690541320296
 30
0.0
 10
19.49619587028713
 20
65.19446062509414
 30
0.0
  0
SPLINE
  5
26A
330
1F
100
AcDbEntity
  8
0
  6
Continuous
 62
     7
100
AcDbSpline
210
0.0
220
0.0
230
1.0
 70
     8
 71
     3
 72
     9
 73
     5
 74
     0
 42
0.00000001
 43
0.00000001
 40
0.0
 40
0.0
 40
0.0
 40
0.0
 40
0.5770583542758803
 40
1.0
 40
1.0
 40
1.0
 40
1.0
 10
23.88131618499756
 20
60.02202436895006
 30
0.0
 10
22.78554863137459
 20
60.61852626235734
 30
0.0
 10
20.88666345710483
 20
61.65222049620271
 30
0.0
 10
19.4565010515156
 20
63.26480296013965
 30
0.0
 10
18.85162581004293
 20
63.946831241303
 30
0.0
  0
SPLINE
  5
26B
330
1F
100
AcDbEntity
  8
0
  6
Continuous
 62
     7
100
AcDbSpline
210
0.0
220
0.0
230
1.0
 70
     8
 71
     3
 72
     9
 73
     5
 74
     0
 42
0.00000001
 43
0.00000001
 40
0.0
 40
0.0
 40
0.0
 40
0.0
 40
0.5691419049623576
 40
0.9999999999999999
 40
0.9999999999999999
 40
0.9999999999999999
 40
0.9999999999999999
 10
22.7145254611969
 20
58.02182998622627
 30
0.0
 10
21.98580936107309
 20
58.90376486602229
 30
0.0
 10
20.70543254508025
 20
60.4533518356452
 30
0.0
 10
19.54949385644418
 20
62.09751249355604
 30
0.0
 10
19.05144831507813
 20
62.80591242255934
 30
0.0
  0
SPLINE
  5
26C
330
1F
100
AcDbEntity
  8
0
  6
Continuous
 62
     7
100
AcDbSpline
210
0.0
220
0.0
230
1.0
 70
     8
 71
     3
 72
    10
 73
     6
 74
     0
 42
0.00000001
 43
0.00000001
 40
0.0
 40
0.0
 40
0.0
 40
0.0
 40
0.3016305252167477
 40
0.5789343349451951
 40
1.0
 40
1.0
 40
1.0
 40
1.0
 10
19.0514475107193
 20
62.80591242255934
 30
0.0
 10
18.45263446146417
 20
62.48037804525867
 30
0.0
 10
17.30330305948518
 20
61.85556386874605
 30
0.0
 10
16.52114992695277
 20
59.69414594526167
 30
0.0
 10
16.36769820546581
 20
58.18901125656713
 30
0.0
 10
16.27517805174379
 20
57.28152523151009
 30
0.0
  0
SPLINE
  5
26D
330
1F
100
AcDbEntity
  8
0
  6
Continuous
 62
     7
100
AcDbSpline
210
0.0
220
0.0
230
1.0
 70
     8
 71
     3
 72
     9
 73
     5
 74
     0
 42
0.00000001
 43
0.00000001
 40
0.0
 40
0.0
 40
0.0
 40
0.0
 40
0.7141628177404923
 40
1.0
 40
1.0
 40
1.0
 40
1.0
 10
16.50203764438629
 20
68.76097695080924
 30
0.0
 10
17.17849174273886
 20
69.04829998438181
 30
0.0
 10
18.12569045086086
 20
69.4506214528694
 30
0.0
 10
19.14452754832678
 20
69.50834235317663
 30
0.0
 10
19.4357490734479
 20
69.52484113267795
 30
0.0
  0
SPLINE
  5
26E
330
1F
100
AcDbEntity
  8
0
  6
Continuous
 62
     7
100
AcDbSpline
210
0.0
220
0.0
230
1.0
 70
     8
 71
     3
 72
     9
 73
     5
 74
     0
 42
0.00000001
 43
0.00000001
 40
0.0
 40
0.0
 40
0.0
 40
0.0
 40
0.6198665101777854
 40
1.0
 40
1.0
 40
1.0
 40
1.0
 10
16.39227569103241
 20
68.23880037300542
 30
0.0
 10
16.42323557117068
 20
67.59140723582253
 30
0.0
 10
16.47318161540749
 20
66.54699988915495
 30
0.0
 10
16.43345812832363
 20
65.50246132027425
 30
0.0
 10
16.41835790055053
 20
65.10539722883172
 30
0.0
  0
SPLINE
  5
26F
330
1F
100
AcDbEntity
  8
0
  6
Continuous
 62
     7
100
AcDbSpline
210
0.0
220
0.0
230
1.0
 70
     8
 71
     3
 72
     9
 73
     5
 74
     0
 42
0.00000001
 43
0.00000001
 40
0.0
 40
0.0
 40
0.0
 40
0.0
 40
0.6268943253860738
 40
1.0
 40
1.0
 40
1.0
 40
1.0
 10
16.41835272312164
 20
67.68401056946189
 30
0.0
 10
16.93502589658424
 20
67.83234594861949
 30
0.0
 10
17.75920495283012
 20
68.06896538055686
 30
0.0
 10
18.60977920005121
 20
68.16978331666625
 30
0.0
 10
18.92713327836987
 20
68.20739906073155
 30
0.0
  0
SPLINE
  5
270
330
1F
100
AcDbEntity
  8
0
  6
Continuous
 62
     7
100
AcDbSpline
210
0.0
220
0.0
230
1.0
 70
     8
 71
     3
 72
     9
 73
     5
 74
     0
 42
0.00000001
 43
0.00000001
 40
0.0
 40
0.0
 40
0.0
 40
0.0
 40
0.5912469718641316
 40
1.0
 40
1.0
 40
1.0
 40
1.0
 10
18.18040013313293
 20
67.20156035532646
 30
0.0
 10
17.96358085457918
 20
67.10425274495017
 30
0.0
 10
17.59686560888388
 20
66.9396724341716
 30
0.0
 10
17.1970452554688
 20
66.92099679039148
 30
0.0
 10
17.03361747530003
 20
66.91336306444398
 30
0.0
  0
SPLINE
  5
271
330
1F
100
AcDbEntity
  8
0
  6
Continuous
 62
     7
100
AcDbSpline
210
0.0
220
0.0
230
1.0
 70
     8
 71
     3
 72
     9
 73
     5
 74
     0
 42
0.00000001
 43
0.00000001
 40
0.0
 40
0.0
 40
0.0
 40
0.0
 40
0.5494230548127917
 40
1.0
 40
1.0
 40
1.0
 40
1.0
 10
17.03360676765442
 20
66.17635365063803
 30
0.0
 10
17.26663704526738
 20
66.09695102489184
 30
0.0
 10
17.69077337440698
 20
65.95243101421764
 30
0.0
 10
18.13799898585874
 20
65.95679209898744
 30
0.0
 10
18.33950853567616
 20
65.9587571032407
 30
0.0
  0
SPLINE
  5
272
330
1F
100
AcDbEntity
  8
0
  6
Continuous
 62
     7
100
AcDbSpline
210
0.0
220
0.0
230
1.0
 70
     8
 71
     3
 72
     9
 73
     5
 74
     0
 42
0.00000001
 43
0.00000001
 40
0.0
 40
0.0
 40
0.0
 40
0.0
 40
0.4508486893694274
 40
0.9999999999999999
 40
0.9999999999999999
 40
0.9999999999999999
 40
0.9999999999999999
 10
16.41835272312164
 20
65.10539722883172
 30
0.0
 10
16.16560435339253
 20
64.84825685789339
 30
0.0
 10
15.60499859875984
 20
64.27790947305796
 30
0.0
 10
15.49568940512897
 20
63.48041917491572
 30
0.0
 10
15.4356621181826
 20
63.04247633247576
 30
0.0
  0
SPLINE
  5
273
330
1F
100
AcDbEntity
  8
0
  6
Continuous
 62
     7
100
AcDbSpline
210
0.0
220
0.0
230
1.0
 70
     8
 71
     3
 72
     9
 73
     5
 74
     0
 42
0.00000001
 43
0.00000001
 40
0.0
 40
0.0
 40
0.0
 40
0.0
 40
0.6123758722721686
 40
1.0
 40
1.0
 40
1.0
 40
1.0
 10
17.57533848285675
 20
64.19436192361293
 30
0.0
 10
17.19902612359258
 20
64.2372787060164
 30
0.0
 10
16.58451406277625
 20
64.3073611249142
 30
0.0
 10
16.46477258602794
 20
64.88247083075673
 30
0.0
 10
16.41835790055053
 20
65.10539722883173
 30
0.0
  0
SPLINE
  5
274
330
1F
100
AcDbEntity
  8
0
  6
Continuous
 62
     7
100
AcDbSpline
210
0.0
220
0.0
230
1.0
 70
     8
 71
     3
 72
     9
 73
     5
 74
     0
 42
0.00000001
 43
0.00000001
 40
0.0
 40
0.0
 40
0.0
 40
0.0
 40
0.5475045867460651
 40
1.0
 40
1.0
 40
1.0
 40
1.0
 10
15.43565839529037
 20
63.04247633247576
 30
0.0
 10
15.91869330066751
 20
62.84544818722345
 30
0.0
 10
16.80094144446466
 20
62.48558244358959
 30
0.0
 10
17.75066293014079
 20
62.43306078443229
 30
0.0
 10
18.18040754627795
 20
62.40929497456712
 30
0.0
  0
SPLINE
  5
275
330
1F
100
AcDbEntity
  8
0
  6
Continuous
 62
     7
100
AcDbSpline
210
0.0
220
0.0
230
1.0
 70
     8
 71
     3
 72
     9
 73
     5
 74
     0
 42
0.00000001
 43
0.00000001
 40
0.0
 40
0.0
 40
0.0
 40
0.0
 40
0.4653600211415421
 40
0.9999999999999999
 40
0.9999999999999999
 40
0.9999999999999999
 40
0.9999999999999999
 10
15.55247604846954
 20
63.65662239037649
 30
0.0
 10
16.05506182633615
 20
63.36833348551247
 30
0.0
 10
17.13505528308767
 20
62.7488369843802
 30
0.0
 10
18.38381268442682
 20
62.78602840319206
 30
0.0
 10
19.05144831507813
 20
62.80591242255934
 30
0.0
  0
SPLINE
  5
276
330
1F
100
AcDbEntity
  8
0
  6
Continuous
 62
     7
100
AcDbSpline
210
0.0
220
0.0
230
1.0
 70
     8
 71
     3
 72
    12
 73
     8
 74
     0
 42
0.00000001
 43
0.00000001
 40
0.0
 40
0.0
 40
0.0
 40
0.0
 40
0.0818789595818659
 40
0.202575884024594
 40
0.4770498844527503
 40
0.7520997992346821
 40
1.0
 40
1.0
 40
1.0
 40
1.0
 10
15.61027765274048
 20
62.95983769518844
 30
0.0
 10
15.60637443798001
 20
62.70448515848491
 30
0.0
 10
15.59671753485524
 20
62.07272009790277
 30
0.0
 10
14.9177880206019
 20
60.72942642088524
 30
0.0
 10
14.59232392079425
 20
58.67788130389521
 30
0.0
 10
14.21770590546908
 20
56.22740484766172
 30
0.0
 10
14.44941534618991
 20
54.62089641545647
 30
0.0
 10
14.55925530064485
 20
53.85934430745454
 30
0.0
  0
SPLINE
  5
277
330
1F
100
AcDbEntity
  8
0
  6
Continuous
 62
     7
100
AcDbSpline
210
0.0
220
0.0
230
1.0
 70
     8
 71
     3
 72
     9
 73
     5
 74
     0
 42
0.00000001
 43
0.00000001
 40
0.0
 40
0.0
 40
0.0
 40
0.0
 40
0.6921216498445294
 40
0.9999999999999999
 40
0.9999999999999999
 40
0.9999999999999999
 40
0.9999999999999999
 10
16.65298640727997
 20
59.5935876779345
 30
0.0
 10
16.19904926847497
 20
59.57374108195359
 30
0.0
 10
15.54318604138624
 20
59.54506607086938
 30
0.0
 10
15.02958313431812
 20
59.92368421228655
 30
0.0
 10
14.87145591865494
 20
60.04025254100501
 30
0.0
  0
SPLINE
  5
278
330
1F
100
AcDbEntity
  8
0
  6
Continuous
 62
     7
100
AcDbSpline
210
0.0
220
0.0
230
1.0
 70
     8
 71
     3
 72
     9
 73
     5
 74
     0
 42
0.00000001
 43
0.00000001
 40
0.0
 40
0.0
 40
0.0
 40
0.0
 40
0.6523148109486673
 40
1.0
 40
1.0
 40
1.0
 40
1.0
 10
17.73799955844879
 20
56.89174404434382
 30
0.0
 10
17.00716528992119
 20
57.06495853615753
 30
0.0
 10
15.88679479355802
 20
57.3304967224848
 30
0.0
 10
14.85102972427464
 20
57.82726161341006
 30
0.0
 10
14.49090955034808
 20
57.99997940842547
 30
0.0
  0
SPLINE
  5
279
330
1F
100
AcDbEntity
  8
0
  6
Continuous
 62
     7
100
AcDbSpline
210
0.0
220
0.0
230
1.0
 70
     8
 71
     3
 72
     9
 73
     5
 74
     0
 42
0.00000001
 43
0.00000001
 40
0.0
 40
0.0
 40
0.0
 40
0.0
 40
0.5453055780753296
 40
0.9999999999999999
 40
0.9999999999999999
 40
0.9999999999999999
 40
0.9999999999999999
 10
17.31495559215546
 20
55.43506640122488
 30
0.0
 10
16.75999131559645
 20
55.61918290828282
 30
0.0
 10
15.74227886431772
 20
55.95682204945534
 30
0.0
 10
14.79148356719175
 20
56.45164088504058
 30
0.0
 10
14.35916224919636
 20
56.67663224944445
 30
0.0
  0
SPLINE
  5
27A
330
1F
100
AcDbEntity
  8
0
  6
Continuous
 62
     7
100
AcDbSpline
210
0.0
220
0.0
230
1.0
 70
     8
 71
     3
 72
     9
 73
     5
 74
     0
 42
0.00000001
 43
0.00000001
 40
0.0
 40
0.0
 40
0.0
 40
0.0
 40
0.5799116639273302
 40
1.0
 40
1.0
 40
1.0
 40
1.0
 10
17.73799955844879
 20
56.89174404434382
 30
0.0
 10
17.72523869126901
 20
56.58802024343053
 30
0.0
 10
17.70323384471467
 20
56.06427875001689
 30
0.0
 10
17.42981881182837
 20
55.62119902546105
 30
0.0
 10
17.31496034560591
 20
55.43506640122488
 30
0.0
  0
SPLINE
  5
27B
330
1F
100
AcDbEntity
  8
0
  6
Continuous
 62
     7
100
AcDbSpline
210
0.0
220
0.0
230
1.0
 70
     8
 71
     3
 72
     9
 73
     5
 74
     0
 42
0.00000001
 43
0.00000001
 40
0.0
 40
0.0
 40
0.0
 40
0.0
 40
0.4868623030562937
 40
1.0
 40
1.0
 40
1.0
 40
1.0
 10
15.44562727212906
 20
57.55970285448329
 30
0.0
 10
15.30060951749444
 20
57.37431444809045
 30
0.0
 10
15.00274756818297
 20
56.99353243800449
 30
0.0
 10
15.09727852291509
 20
56.5179192515891
 30
0.0
 10
15.14578591931621
 20
56.27386419647585
 30
0.0
  0
SPLINE
  5
27C
330
1F
100
AcDbEntity
  8
0
  6
Continuous
 62
     7
100
AcDbSpline
210
0.0
220
0.0
230
1.0
 70
     8
 71
     3
 72
    11
 73
     7
 74
     0
 42
0.00000001
 43
0.00000001
 40
0.0
 40
0.0
 40
0.0
 40
0.0
 40
0.2892122354181095
 40
0.5560699455326127
 40
0.7558054838582915
 40
1.0
 40
1.0
 40
1.0
 40
1.0
 10
16.22188091278076
 20
55.80698427182367
 30
0.0
 10
16.35396625669689
 20
54.26589229717791
 30
0.0
 10
16.60792746926769
 20
51.30282633572879
 30
0.0
 10
17.60870054936102
 20
47.3645258114714
 30
0.0
 10
17.5779243494023
 20
43.53945548746062
 30
0.0
 10
17.22677545778037
 20
41.19333713342169
 30
0.0
 10
17.03361747530003
 20
39.90279771057709
 30
0.0
  0
SPLINE
  5
27D
330
1F
100
AcDbEntity
  8
0
  6
Continuous
 62
     7
100
AcDbSpline
210
0.0
220
0.0
230
1.0
 70
     8
 71
     3
 72
    10
 73
     6
 74
     0
 42
0.00000001
 43
0.00000001
 40
0.0
 40
0.0
 40
0.0
 40
0.0
 40
0.4873235133206602
 40
0.668241737838263
 40
1.0
 40
1.0
 40
1.0
 40
1.0
 10
22.45326340198517
 20
58.33196952042195
 30
0.0
 10
21.84501760228326
 20
55.88788048255669
 30
0.0
 10
21.01096133552116
 20
52.53642654805332
 30
0.0
 10
20.40423676911309
 20
47.39988531976496
 30
0.0
 10
20.47662133967169
 20
44.75009666620551
 30
0.0
 10
20.52346214466234
 20
43.03539099578415
 30
0.0
  0
SPLINE
  5
27E
330
1F
100
AcDbEntity
  8
0
  6
Continuous
 62
     7
100
AcDbSpline
210
0.0
220
0.0
230
1.0
 70
     8
 71
     3
 72
    14
 73
    10
 74
     0
 42
0.00000001
 43
0.00000001
 40
0.0
 40
0.0
 40
0.0
 40
0.0
 40
0.2844787554425162
 40
0.4266575238516128
 40
0.4998733686364503
 40
0.5775043469665415
 40
0.6930830335135525
 40
0.8475732790437817
 40
1.0
 40
1.0
 40
1.0
 40
1.0
 10
22.15448021888733
 20
39.9027977105771
 30
0.0
 10
21.32598784020814
 20
39.63007967385128
 30
0.0
 10
20.08342578573297
 20
39.22106072240754
 30
0.0
 10
19.14648661700647
 20
38.08655836443801
 30
0.0
 10
18.31658161760096
 20
37.61610186802148
 30
0.0
 10
17.54811318835626
 20
38.0863290658955
 30
0.0
 10
17.13972083250958
 20
39.05349584886581
 30
0.0
 10
17.07621122222652
 20
40.35840952204043
 30
0.0
 10
16.41962025565639
 20
41.03115665909007
 30
0.0
 10
16.09353203319843
 20
41.36526865461472
 30
0.0
  0
SPLINE
  5
27F
330
1F
100
AcDbEntity
  8
0
  6
Continuous
 62
     7
100
AcDbSpline
210
0.0
220
0.0
230
1.0
 70
     8
 71
     3
 72
     9
 73
     5
 74
     0
 42
0.00000001
 43
0.00000001
 40
0.0
 40
0.0
 40
0.0
 40
0.0
 40
0.4203497745102919
 40
1.0
 40
1.0
 40
1.0
 40
1.0
 10
21.72549068927765
 20
40.63436034980744
 30
0.0
 10
21.18758525368396
 20
40.41312357659868
 30
0.0
 10
19.90792372366328
 20
39.88680766869435
 30
0.0
 10
18.81431695584239
 20
39.03472813642775
 30
0.0
 10
18.18040754627794
 20
38.54082004341426
 30
0.0
  0
SPLINE
  5
280
330
1F
100
AcDbEntity
  8
0
  6
Continuous
 62
     7
100
AcDbSpline
210
0.0
220
0.0
230
1.0
 70
     8
 71
     3
 72
     9
 73
     5
 74
     0
 42
0.00000001
 43
0.00000001
 40
0.0
 40
0.0
 40
0.0
 40
0.0
 40
0.5438940359218934
 40
1.0
 40
1.0
 40
1.0
 40
1.0
 10
25.39604902267456
 20
35.99926982869216
 30
0.0
 10
24.92274067818854
 20
35.70936624409808
 30
0.0
 10
24.0525190665767
 20
35.17635141869609
 30
0.0
 10
23.38782942639948
 20
34.40391080020096
 30
0.0
 10
23.08466051725372
 20
34.05159602720915
 30
0.0
  0
SPLINE
  5
281
330
1F
100
AcDbEntity
  8
0
  6
Continuous
 62
     7
100
AcDbSpline
210
0.0
220
0.0
230
1.0
 70
     8
 71
     3
 72
     9
 73
     5
 74
     0
 42
0.00000001
 43
0.00000001
 40
0.0
 40
0.0
 40
0.0
 40
0.0
 40
0.5442977685697588
 40
1.0
 40
1.0
 40
1.0
 40
1.0
 10
24.95476603507996
 20
36.31253932733848
 30
0.0
 10
24.31430871978196
 20
36.00736260355561
 30
0.0
 10
23.13764154919825
 20
35.44668287748436
 30
0.0
 10
22.25833979319197
 20
34.48832283643082
 30
0.0
 10
21.85764002087939
 20
34.05159602720914
 30
0.0
  0
SPLINE
  5
282
330
1F
100
AcDbEntity
  8
0
  6
Continuous
 62
     7
100
AcDbSpline
210
0.0
220
0.0
230
1.0
 70
     8
 71
     3
 72
     9
 73
     5
 74
     0
 42
0.00000001
 43
0.00000001
 40
0.0
 40
0.0
 40
0.0
 40
0.0
 40
0.5150184461181205
 40
1.0
 40
1.0
 40
1.0
 40
1.0
 10
23.88131618499756
 20
37.30372330116215
 30
0.0
 10
23.10449033750851
 20
36.89985419695687
 30
0.0
 10
21.59614465912695
 20
36.11567043179393
 30
0.0
 10
20.62068220138021
 20
34.72570407215188
 30
0.0
 10
20.14760090286877
 20
34.05159602720914
 30
0.0
  0
SPLINE
  5
283
330
1F
100
AcDbEntity
  8
0
  6
Continuous
 62
     7
100
AcDbSpline
210
0.0
220
0.0
230
1.0
 70
     8
 71
     3
 72
     9
 73
     5
 74
     0
 42
0.00000001
 43
0.00000001
 40
0.0
 40
0.0
 40
0.0
 40
0.0
 40
0.7065997364381364
 40
1.0
 40
1.0
 40
1.0
 40
1.0
 10
18.61952245235443
 20
35.29129803220449
 30
0.0
 10
19.50587243549042
 20
36.23183238017877
 30
0.0
 10
20.76026008585093
 20
37.56290328138711
 30
0.0
 10
22.46869424888205
 20
38.12576512109177
 30
0.0
 10
22.96994928259347
 20
38.29090893321002
 30
0.0
  0
SPLINE
  5
284
330
1F
100
AcDbEntity
  8
0
  6
Continuous
 62
     7
100
AcDbSpline
210
0.0
220
0.0
230
1.0
 70
     8
 71
     3
 72
     9
 73
     5
 74
     0
 42
0.00000001
 43
0.00000001
 40
0.0
 40
0.0
 40
0.0
 40
0.0
 40
0.5152904416915095
 40
1.0
 40
1.0
 40
1.0
 40
1.0
 10
18.61952245235443
 20
35.29129803220449
 30
0.0
 10
18.97051757563522
 20
35.18561179515318
 30
0.0
 10
19.65167735443609
 20
34.98051147017067
 30
0.0
 10
19.98569793486374
 20
34.3548568175396
 30
0.0
 10
20.14760090286877
 20
34.05159602720914
 30
0.0
  0
LWPOLYLINE
  5
285
330
1F
100
AcDbEntity
  8
0
  6
Continuous
 62
     7
100
AcDbPolyline
 90
        3
 70
   128
 43
0.0
 10
15.267804265
 20
37.5554909338
 10
16.4142123012
 20
38.2777880561
 10
17.3149603456
 20
38.8453072237
  0
SPLINE
  5
286
330
1F
100
AcDbEntity
  8
0
  6
Continuous
 62
     7
100
AcDbSpline
210
0.0
220
0.0
230
1.0
 70
     8
 71
     3
 72
    12
 73
     8
 74
     0
 42
0.00000001
 43
0.00000001
 40
0.0
 40
0.0
 40
0.0
 40
0.0
 40
0.7693724724364707
 40
0.8399865709338419
 40
0.8690720462590801
 40
0.9215423587321919
 40
0.9999999999999999
 40
0.9999999999999999
 40
0.9999999999999999
 40
0.9999999999999999
 10
18.18040013313293
 20
37.75800404845089
 30
0.0
 10
18.24745760539972
 20
37.05570051100766
 30
0.0
 10
18.32066970773358
 20
36.28893855719944
 30
0.0
 10
18.19676690127194
 20
35.47186260155992
 30
0.0
 10
18.27279639166105
 20
35.34052914902006
 30
0.0
 10
18.43547669782581
 20
35.33143192117017
 30
0.0
 10
18.55055989497338
 20
35.30633636501349
 30
0.0
 10
18.61952267900667
 20
35.29129803220449
 30
0.0
  0
SPLINE
  5
287
330
1F
100
AcDbEntity
  8
0
  6
Continuous
 62
     7
100
AcDbSpline
210
0.0
220
0.0
230
1.0
 70
     8
 71
     3
 72
     9
 73
     5
 74
     0
 42
0.00000001
 43
0.00000001
 40
0.0
 40
0.0
 40
0.0
 40
0.0
 40
0.6382915686656707
 40
1.0
 40
1.0
 40
1.0
 40
1.0
 10
21.91409468650818
 20
39.42175805950569
 30
0.0
 10
20.89212443275848
 20
38.92092328022353
 30
0.0
 10
19.29102188978412
 20
38.13627437701284
 30
0.0
 10
18.85341156918372
 20
36.46578080298235
 30
0.0
 10
18.69512422658364
 20
35.86154919276571
 30
0.0
  0
SPLINE
  5
288
330
1F
100
AcDbEntity
  8
0
  6
Continuous
 62
     7
100
AcDbSpline
210
0.0
220
0.0
230
1.0
 70
     8
 71
     3
 72
    10
 73
     6
 74
     0
 42
0.00000001
 43
0.00000001
 40
0.0
 40
0.0
 40
0.0
 40
0.0
 40
0.2461005209563271
 40
0.4532955492031971
 40
1.0
 40
1.0
 40
1.0
 40
1.0
 10
15.84860682487488
 20
37.92142820776556
 30
0.0
 10
15.87146275693715
 20
37.59692647696949
 30
0.0
 10
15.91356137678751
 20
36.99922278375099
 30
0.0
 10
16.86680448018373
 20
36.07740010630507
 30
0.0
 10
17.1731144309069
 20
35.15396248788893
 30
0.0
 10
17.39524087884679
 20
34.48431425220945
 30
0.0
  0
SPLINE
  5
289
330
1F
100
AcDbEntity
  8
0
  6
Continuous
 62
     7
100
AcDbSpline
210
0.0
220
0.0
230
1.0
 70
     8
 71
     3
 72
     9
 73
     5
 74
     0
 42
0.00000001
 43
0.00000001
 40
0.0
 40
0.0
 40
0.0
 40
0.0
 40
0.64122040018402
 40
1.0
 40
1.0
 40
1.0
 40
1.0
 10
4.270810633897781
 20
125.487447254682
 30
0.0
 10
3.749134982893057
 20
125.9196569785987
 30
0.0
 10
2.935568148689075
 20
126.5936993574636
 30
0.0
 10
1.944231462022772
 20
126.9407338359607
 30
0.0
 10
1.588560082297736
 20
127.0652427272783
 30
0.0
  0
SPLINE
  5
28A
330
1F
100
AcDbEntity
  8
0
  6
Continuous
 62
     7
100
AcDbSpline
210
0.0
220
0.0
230
1.0
 70
     8
 71
     3
 72
    10
 73
     6
 74
     0
 42
0.00000001
 43
0.00000001
 40
0.0
 40
0.0
 40
0.0
 40
0.0
 40
0.3856786552441029
 40
0.6617165915787838
 40
0.9999999999999999
 40
0.9999999999999999
 40
0.9999999999999999
 40
0.9999999999999999
 10
0.0765637378208339
 20
124.6434008675855
 30
0.0
 10
-1.112818037575346
 20
123.9542348889801
 30
0.0
 10
-3.153464165640056
 20
122.7718190197218
 30
0.0
 10
-5.303138887560043
 20
119.7129252918372
 30
0.0
 10
-5.211670609281938
 20
117.4765840163144
 30
0.0
 10
-5.161302506004277
 20
116.2451159002628
 30
0.0
  0
SPLINE
  5
28B
330
1F
100
AcDbEntity
  8
0
  6
Continuous
 62
     7
100
AcDbSpline
210
0.0
220
0.0
230
1.0
 70
     8
 71
     3
 72
    10
 73
     6
 74
     0
 42
0.00000001
 43
0.00000001
 40
0.0
 40
0.0
 40
0.0
 40
0.0
 40
0.2805479330937954
 40
0.4888375749738384
 40
1.0
 40
1.0
 40
1.0
 40
1.0
 10
20.14759182929993
 20
34.05159602720914
 30
0.0
 10
19.69907350362484
 20
34.21588435925896
 30
0.0
 10
18.91755781667434
 20
34.50214670648101
 30
0.0
 10
17.21524997258485
 20
34.40351879810251
 30
0.0
 10
16.04497504346957
 20
34.75467344171695
 30
0.0
 10
15.21350815605583
 20
35.00416478025885
 30
0.0
  0
SPLINE
  5
28C
330
1F
100
AcDbEntity
  8
0
  6
Continuous
 62
     7
100
AcDbSpline
210
0.0
220
0.0
230
1.0
 70
     8
 71
     3
 72
     9
 73
     5
 74
     0
 42
0.00000001
 43
0.00000001
 40
0.0
 40
0.0
 40
0.0
 40
0.0
 40
0.5717849674461891
 40
1.0
 40
1.0
 40
1.0
 40
1.0
 10
-4.931371659040451
 20
114.6062662963336
 30
0.0
 10
-4.929762979467969
 20
114.5281906680047
 30
0.0
 10
-4.926949544935638
 20
114.3916434819575
 30
0.0
 10
-4.838591735418581
 20
114.2894711233404
 30
0.0
 10
-4.80075559313985
 20
114.2457193834691
 30
0.0
  0
SPLINE
  5
28D
330
1F
100
AcDbEntity
  8
0
  6
Continuous
 62
     7
100
AcDbSpline
210
0.0
220
0.0
230
1.0
 70
     8
 71
     3
 72
     9
 73
     5
 74
     0
 42
0.00000001
 43
0.00000001
 40
0.0
 40
0.0
 40
0.0
 40
0.0
 40
0.5359419253234563
 40
1.0
 40
1.0
 40
1.0
 40
1.0
 10
2.093929797410965
 20
36.14667414537606
 30
0.0
 10
1.430803113608014
 20
35.84693007279185
 30
0.0
 10
0.1934924042382722
 20
35.2876454592522
 30
0.0
 10
-0.8687114931537021
 20
34.44338288973893
 30
0.0
 10
-1.361635788691343
 20
34.05159602720915
 30
0.0
  0
SPLINE
  5
28E
330
1F
100
AcDbEntity
  8
0
  6
Continuous
 62
     7
100
AcDbSpline
210
0.0
220
0.0
230
1.0
 70
     8
 71
     3
 72
     9
 73
     5
 74
     0
 42
0.00000001
 43
0.00000001
 40
0.0
 40
0.0
 40
0.0
 40
0.0
 40
0.5357183384891864
 40
1.0
 40
1.0
 40
1.0
 40
1.0
 10
2.093929797410965
 20
36.14667414537606
 30
0.0
 10
2.787661748246371
 20
35.91122651131749
 30
0.0
 10
4.0826182598936
 20
35.47172758596323
 30
0.0
 10
5.04182802605338
 20
34.50187895910217
 30
0.0
 10
5.487171530023442
 20
34.05159602720914
 30
0.0
  0
SPLINE
  5
28F
330
1F
100
AcDbEntity
  8
0
  6
Continuous
 62
     7
100
AcDbSpline
210
0.0
220
0.0
230
1.0
 70
     8
 71
     3
 72
    11
 73
     7
 74
     0
 42
0.00000001
 43
0.00000001
 40
0.0
 40
0.0
 40
0.0
 40
0.0
 40
0.3015271922106541
 40
0.4757556214939346
 40
0.6692334412842282
 40
1.0
 40
1.0
 40
1.0
 40
1.0
 10
-0.4356203135102987
 20
35.51908999123386
 30
0.0
 10
0.0730889627320611
 20
35.8821124206481
 30
0.0
 10
0.8757406111755343
 20
36.45489645467165
 30
0.0
 10
2.147817338334594
 20
37.27785001756764
 30
0.0
 10
3.642256392204791
 20
36.68265296300121
 30
0.0
 10
4.547242510252691
 20
36.08181911272023
 30
0.0
 10
5.118234124517152
 20
35.70272922036177
 30
0.0
  0
SPLINE
  5
290
330
1F
100
AcDbEntity
  8
0
  6
Continuous
 62
     7
100
AcDbSpline
210
0.0
220
0.0
230
1.0
 70
     8
 71
     3
 72
    10
 73
     6
 74
     0
 42
0.00000001
 43
0.00000001
 40
0.0
 40
0.0
 40
0.0
 40
0.0
 40
0.4170507995303805
 40
0.6187049017624828
 40
1.0
 40
1.0
 40
1.0
 40
1.0
 10
4.933800548315048
 20
36.90983101398795
 30
0.0
 10
4.279958093107769
 20
37.56190840147334
 30
0.0
 10
3.309967069297995
 20
38.52928090482302
 30
0.0
 10
1.16656235011515
 20
38.10532554879442
 30
0.0
 10
0.2966618395873319
 20
37.27433191093063
 30
0.0
 10
-0.2723222165729042
 20
36.73079604103191
 30
0.0
  0
SPLINE
  5
291
330
1F
100
AcDbEntity
  8
0
  6
Continuous
 62
     7
100
AcDbSpline
210
0.0
220
0.0
230
1.0
 70
     8
 71
     3
 72
    10
 73
     6
 74
     0
 42
0.00000001
 43
0.00000001
 40
0.0
 40
0.0
 40
0.0
 40
0.0
 40
0.3616830970883636
 40
0.5896837112810913
 40
1.0
 40
1.0
 40
1.0
 40
1.0
 10
0.0207784760277718
 20
37.92931903961555
 30
0.0
 10
0.5732012952009308
 20
38.40599952672024
 30
0.0
 10
1.473864723569013
 20
39.18317358045407
 30
0.0
 10
3.583459941462881
 20
39.12343138567842
 30
0.0
 10
4.447360729466456
 20
38.14285656227333
 30
0.0
 10
5.002684524807088
 20
37.51253356672753
 30
0.0
  0
SPLINE
  5
292
330
1F
100
AcDbEntity
  8
0
  6
Continuous
 62
     7
100
AcDbSpline
210
0.0
220
0.0
230
1.0
 70
     8
 71
     3
 72
     9
 73
     5
 74
     0
 42
0.00000001
 43
0.00000001
 40
0.0
 40
0.0
 40
0.0
 40
0.0
 40
0.469166662667975
 40
0.9999999999999999
 40
0.9999999999999999
 40
0.9999999999999999
 40
0.9999999999999999
 10
2.093929797410965
 20
36.14667414537606
 30
0.0
 10
2.185998504098916
 20
36.61852291274605
 30
0.0
 10
2.382237312211134
 20
37.62423965461079
 30
0.0
 10
2.430094208412958
 20
38.64802910647322
 30
0.0
 10
2.455498244338126
 20
39.19149067793068
 30
0.0
  0
SPLINE
  5
293
330
1F
100
AcDbEntity
  8
0
  6
Continuous
 62
     7
100
AcDbSpline
210
0.0
220
0.0
230
1.0
 70
     8
 71
     3
 72
     9
 73
     5
 74
     0
 42
0.00000001
 43
0.00000001
 40
0.0
 40
0.0
 40
0.0
 40
0.0
 40
0.556490231326927
 40
1.0
 40
1.0
 40
1.0
 40
1.0
 10
2.093929797410965
 20
35.60717291729586
 30
0.0
 10
2.06726468644094
 20
35.31906419857203
 30
0.0
 10
2.019348102341265
 20
34.80133953333065
 30
0.0
 10
1.995963711756312
 20
34.28195024869095
 30
0.0
 10
1.98559250609742
 20
34.05159602720914
 30
0.0
  0
SPLINE
  5
294
330
1F
100
AcDbEntity
  8
0
  6
Continuous
 62
     7
100
AcDbSpline
210
0.0
220
0.0
230
1.0
 70
     8
 71
     3
 72
    12
 73
     8
 74
     0
 42
0.00000001
 43
0.00000001
 40
0.0
 40
0.0
 40
0.0
 40
0.0
 40
0.2273450305467192
 40
0.4313405782292287
 40
0.6304691988310707
 40
0.8034443511636336
 40
1.0
 40
1.0
 40
1.0
 40
1.0
 10
0.0184123637154698
 20
39.48681160865593
 30
0.0
 10
0.4482003720064175
 20
39.35561155163059
 30
0.0
 10
1.263634989452825
 20
39.1066863460744
 30
0.0
 10
2.225181519132377
 20
39.99041632836781
 30
0.0
 10
3.356199546679372
 20
39.81588499377206
 30
0.0
 10
4.294292200994472
 20
39.26238111271785
 30
0.0
 10
4.978915396883123
 20
39.47283759984755
 30
0.0
 10
5.343070579754617
 20
39.58478066724207
 30
0.0
  0
SPLINE
  5
295
330
1F
100
AcDbEntity
  8
0
  6
Continuous
 62
     7
100
AcDbSpline
210
0.0
220
0.0
230
1.0
 70
     8
 71
     3
 72
    12
 73
     8
 74
     0
 42
0.00000001
 43
0.00000001
 40
0.0
 40
0.0
 40
0.0
 40
0.0
 40
0.1707458866352858
 40
0.3428747726063495
 40
0.5161541274391044
 40
0.7079796150535353
 40
1.0
 40
1.0
 40
1.0
 40
1.0
 10
0.7242923602461815
 20
39.97781196970659
 30
0.0
 10
0.9641811629841968
 20
40.07470916201878
 30
0.0
 10
1.445901808268594
 20
40.26928838986982
 30
0.0
 10
2.040189096517199
 20
40.72963944475451
 30
0.0
 10
2.869284857638652
 20
41.12449323860377
 30
0.0
 10
3.667030920195716
 20
40.35348325116252
 30
0.0
 10
4.306687379851112
 20
40.04616356578433
 30
0.0
 10
4.692745701674561
 20
39.86068381300525
 30
0.0
  0
SPLINE
  5
296
330
1F
100
AcDbEntity
  8
0
  6
Continuous
 62
     7
100
AcDbSpline
210
0.0
220
0.0
230
1.0
 70
     8
 71
     3
 72
     9
 73
     5
 74
     0
 42
0.00000001
 43
0.00000001
 40
0.0
 40
0.0
 40
0.0
 40
0.0
 40
0.5617858883086669
 40
0.9999999999999999
 40
0.9999999999999999
 40
0.9999999999999999
 40
0.9999999999999999
 10
3.365559503436089
 20
54.92429595432881
 30
0.0
 10
3.223906164920945
 20
52.38480269033418
 30
0.0
 10
2.971757897292488
 20
47.86440921509022
 30
0.0
 10
2.694117021619329
 20
43.34551282293026
 30
0.0
 10
2.572450871917012
 20
41.36526865461472
 30
0.0
  0
SPLINE
  5
297
330
1F
100
AcDbEntity
  8
0
  6
Continuous
 62
     7
100
AcDbSpline
210
0.0
220
0.0
230
1.0
 70
     8
 71
     3
 72
    11
 73
     7
 74
     0
 42
0.00000001
 43
0.00000001
 40
0.0
 40
0.0
 40
0.0
 40
0.0
 40
0.2799848271377389
 40
0.5464946346056759
 40
0.759093074457609
 40
1.0
 40
1.0
 40
1.0
 40
1.0
 10
0.6433296948671341
 20
46.05833319185711
 30
0.0
 10
0.4168398614701116
 20
47.55522176551241
 30
0.0
 10
-0.0252393754998071
 20
50.47695714120377
 30
0.0
 10
-0.9237864425522607
 20
54.48068480031718
 30
0.0
 10
-0.9556715208144515
 20
58.43952619201061
 30
0.0
 10
-0.0962154211026363
 20
60.75622454781801
 30
0.0
 10
0.3603368987143487
 20
61.9868796202699
 30
0.0
  0
SPLINE
  5
298
330
1F
100
AcDbEntity
  8
0
  6
Continuous
 62
     7
100
AcDbSpline
210
0.0
220
0.0
230
1.0
 70
     8
 71
     3
 72
     9
 73
     5
 74
     0
 42
0.00000001
 43
0.00000001
 40
0.0
 40
0.0
 40
0.0
 40
0.0
 40
0.5748984701977787
 40
1.0
 40
1.0
 40
1.0
 40
1.0
 10
6.997972726821899
 20
54.43576196952063
 30
0.0
 10
7.067719324821197
 20
55.79565264849365
 30
0.0
 10
7.189039178003804
 20
58.16109759132885
 30
0.0
 10
7.006685949962398
 20
60.52164620602932
 30
0.0
 10
6.929167313757623
 20
61.52511903331099
 30
0.0
  0
SPLINE
  5
299
330
1F
100
AcDbEntity
  8
0
  6
Continuous
 62
     7
100
AcDbSpline
210
0.0
220
0.0
230
1.0
 70
     8
 71
     3
 72
    17
 73
    13
 74
     0
 42
0.00000001
 43
0.00000001
 40
0.0
 40
0.0
 40
0.0
 40
0.0
 40
0.0620806914328104
 40
0.13603546911104
 40
0.3368693709209541
 40
0.4592629879654243
 40
0.4948725323897959
 40
0.5185245932134187
 40
0.5768798424088604
 40
0.6361183009117702
 40
0.7618870872058162
 40
0.9999999999999999
 40
0.9999999999999999
 40
0.9999999999999999
 40
0.9999999999999999
 10
7.214784622192383
 20
62.79745394027226
 30
0.0
 10
7.201484592374351
 20
62.51788299004343
 30
0.0
 10
7.172340654803285
 20
61.90526794845103
 30
0.0
 10
6.422398978420827
 20
60.57190601632342
 30
0.0
 10
5.410343968910555
 20
59.12121798004469
 30
0.0
 10
4.327270815070389
 20
57.96799387229903
 30
0.0
 10
3.615523302077937
 20
57.50133474655419
 30
0.0
 10
3.067129891317093
 20
57.58939625742139
 30
0.0
 10
2.628514688618076
 20
58.08640138668546
 30
0.0
 10
1.932123853572067
 20
58.89789512941669
 30
0.0
 10
0.9217699293306969
 20
60.51397978543905
 30
0.0
 10
0.3802975281259283
 20
62.04364686455743
 30
0.0
 10
0.0259747606671928
 20
63.04461362031046
 30
0.0
  0
SPLINE
  5
29A
330
1F
100
AcDbEntity
  8
0
  6
Continuous
 62
     7
100
AcDbSpline
210
0.0
220
0.0
230
1.0
 70
     8
 71
     3
 72
     9
 73
     5
 74
     0
 42
0.00000001
 43
0.00000001
 40
0.0
 40
0.0
 40
0.0
 40
0.0
 40
0.5048081251502237
 40
1.0
 40
1.0
 40
1.0
 40
1.0
 10
0.3603368531912565
 20
65.01773922316814
 30
0.0
 10
0.3967205554577032
 20
64.66985174795416
 30
0.0
 10
0.4687948752908467
 20
63.98070381652884
 30
0.0
 10
0.1726321405460875
 20
63.35463688026191
 30
0.0
 10
0.0259747606671932
 20
63.04461362031043
 30
0.0
  0
SPLINE
  5
29B
330
1F
100
AcDbEntity
  8
0
  6
Continuous
 62
     7
100
AcDbSpline
210
0.0
220
0.0
230
1.0
 70
     8
 71
     3
 72
     9
 73
     5
 74
     0
 42
0.00000001
 43
0.00000001
 40
0.0
 40
0.0
 40
0.0
 40
0.0
 40
0.4481941542253252
 40
1.0
 40
1.0
 40
1.0
 40
1.0
 10
7.214784622192383
 20
62.79745394027226
 30
0.0
 10
7.185894667851962
 20
63.00540456540688
 30
0.0
 10
7.121436097680831
 20
63.46937899071823
 30
0.0
 10
7.160617228088914
 20
63.93656561388293
 30
0.0
 10
7.182237604892157
 20
64.19436192361293
 30
0.0
  0
SPLINE
  5
29C
330
1F
100
AcDbEntity
  8
0
  6
Continuous
 62
     7
100
AcDbSpline
210
0.0
220
0.0
230
1.0
 70
     8
 71
     3
 72
    14
 73
    10
 74
     0
 42
0.00000001
 43
0.00000001
 40
0.0
 40
0.0
 40
0.0
 40
0.0
 40
0.36960023689726
 40
0.474000418267581
 40
0.5138628523015991
 40
0.537869707454119
 40
0.5690221649057456
 40
0.6550848658000138
 40
1.0
 40
1.0
 40
1.0
 40
1.0
 10
0.3241777885705233
 20
63.78610461962671
 30
0.0
 10
0.9356337206181855
 20
62.48900854450921
 30
0.0
 10
1.719806290354258
 20
60.82552454000668
 30
0.0
 10
2.909136400499928
 20
59.3576708931856
 30
0.0
 10
3.461792135400519
 20
58.90089384573983
 30
0.0
 10
3.828328575904206
 20
59.03382581824906
 30
0.0
 10
4.265814435826255
 20
59.33462584773235
 30
0.0
 10
5.571990130888496
 20
60.54003271742929
 30
0.0
 10
6.458823312386801
 20
61.9300411005566
 30
0.0
 10
7.168563259320713
 20
63.04247633263904
 30
0.0
  0
SPLINE
  5
29D
330
1F
100
AcDbEntity
  8
0
  6
Continuous
 62
     7
100
AcDbSpline
210
0.0
220
0.0
230
1.0
 70
     8
 71
     3
 72
    11
 73
     7
 74
     0
 42
0.00000001
 43
0.00000001
 40
0.0
 40
0.0
 40
0.0
 40
0.0
 40
0.3568700705567985
 40
0.4780250620679847
 40
0.6055762318288442
 40
1.0
 40
1.0
 40
1.0
 40
1.0
 10
7.182236760854721
 20
64.19436192361293
 30
0.0
 10
6.506263001502831
 20
63.22530630650407
 30
0.0
 10
5.600800692023204
 20
61.92726281747443
 30
0.0
 10
3.609829246299838
 20
60.3003346478622
 30
0.0
 10
1.89218847808563
 20
62.44001335643171
 30
0.0
 10
1.019655455354181
 20
63.90826979365109
 30
0.0
 10
0.3603368987143396
 20
65.01773922316815
 30
0.0
  0
SPLINE
  5
29E
330
1F
100
AcDbEntity
  8
0
  6
Continuous
 62
     7
100
AcDbSpline
210
0.0
220
0.0
230
1.0
 70
     8
 71
     3
 72
     9
 73
     5
 74
     0
 42
0.00000001
 43
0.00000001
 40
0.0
 40
0.0
 40
0.0
 40
0.0
 40
0.5381542096544373
 40
1.0
 40
1.0
 40
1.0
 40
1.0
 10
0.3603368531912565
 20
65.01773922316814
 30
0.0
 10
0.3353115907933867
 20
65.69174930660958
 30
0.0
 10
0.2888095622875813
 20
66.9441971577083
 30
0.0
 10
0.4474508725211196
 20
68.18699568344316
 30
0.0
 10
0.5207186938273838
 20
68.76097695080146
 30
0.0
  0
SPLINE
  5
29F
330
1F
100
AcDbEntity
  8
0
  6
Continuous
 62
     7
100
AcDbSpline
210
0.0
220
0.0
230
1.0
 70
     8
 71
     3
 72
    12
 73
     8
 74
     0
 42
0.00000001
 43
0.00000001
 40
0.0
 40
0.0
 40
0.0
 40
0.0
 40
0.3450584717083481
 40
0.4819460547533686
 40
0.5972092159686607
 40
0.7345183553077069
 40
1.0
 40
1.0
 40
1.0
 40
1.0
 10
0.5207182839512826
 20
68.76097695080146
 30
0.0
 10
1.386683750939358
 20
69.4711029718029
 30
0.0
 10
2.596184964751938
 20
70.4629419274006
 30
0.0
 10
4.316605366941683
 20
72.03946915250279
 30
0.0
 10
5.617845569874286
 20
71.23124384678752
 30
0.0
 10
6.739229472127683
 20
69.94117373422742
 30
0.0
 10
7.589518563320551
 20
68.8509820188622
 30
0.0
 10
8.149948829709752
 20
68.1324305993676
 30
0.0
  0
SPLINE
  5
2A0
330
1F
100
AcDbEntity
  8
0
  6
Continuous
 62
     7
100
AcDbSpline
210
0.0
220
0.0
230
1.0
 70
     8
 71
     3
 72
     9
 73
     5
 74
     0
 42
0.00000001
 43
0.00000001
 40
0.0
 40
0.0
 40
0.0
 40
0.0
 40
0.6128425417258154
 40
1.0
 40
1.0
 40
1.0
 40
1.0
 10
8.149944245815277
 20
68.1324305993676
 30
0.0
 10
8.048758822469543
 20
67.30222875708618
 30
0.0
 10
7.883650468436568
 20
65.94755478170666
 30
0.0
 10
7.378002851173951
 20
64.68368034003014
 30
0.0
 10
7.182237604892157
 20
64.19436192361293
 30
0.0
  0
SPLINE
  5
2A1
330
1F
100
AcDbEntity
  8
0
  6
Continuous
 62
     7
100
AcDbSpline
210
0.0
220
0.0
230
1.0
 70
     8
 71
     3
 72
     9
 73
     5
 74
     0
 42
0.00000001
 43
0.00000001
 40
0.0
 40
0.0
 40
0.0
 40
0.0
 40
0.6724493538462407
 40
1.0
 40
1.0
 40
1.0
 40
1.0
 10
10.42371243238449
 20
76.48134587657322
 30
0.0
 10
10.00746732388892
 20
74.67089340780261
 30
0.0
 10
9.38846887275686
 20
71.97856801791973
 30
0.0
 10
8.086360561931295
 20
69.55486306807225
 30
0.0
 10
7.659854143358203
 20
68.76097694566363
 30
0.0
  0
SPLINE
  5
2A2
330
1F
100
AcDbEntity
  8
0
  6
Continuous
 62
     7
100
AcDbSpline
210
0.0
220
0.0
230
1.0
 70
     8
 71
     3
 72
     9
 73
     5
 74
     0
 42
0.00000001
 43
0.00000001
 40
0.0
 40
0.0
 40
0.0
 40
0.0
 40
0.6309105840304747
 40
1.0
 40
1.0
 40
1.0
 40
1.0
 10
0.7066582329571247
 20
68.92300425450847
 30
0.0
 10
0.5124419040166425
 20
69.30615062975127
 30
0.0
 10
0.2046069526678138
 20
69.91344171812571
 30
0.0
 10
0.5623152222091572
 20
70.45806003881499
 30
0.0
 10
0.694341558501641
 20
70.65907289672448
 30
0.0
  0
SPLINE
  5
2A3
330
1F
100
AcDbEntity
  8
0
  6
Continuous
 62
     7
100
AcDbSpline
210
0.0
220
0.0
230
1.0
 70
     8
 71
     3
 72
     9
 73
     5
 74
     0
 42
0.00000001
 43
0.00000001
 40
0.0
 40
0.0
 40
0.0
 40
0.0
 40
0.6330078395766897
 40
0.9999999999999999
 40
0.9999999999999999
 40
0.9999999999999999
 40
0.9999999999999999
 10
0.694341491907835
 20
70.65907289672448
 30
0.0
 10
0.5843153733545078
 20
71.00251728290569
 30
0.0
 10
0.4105005930716841
 20
71.54507673431924
 30
0.0
 10
0.6885931076643679
 20
72.02337806382899
 30
0.0
 10
0.7906508803922879
 20
72.1989109020791
 30
0.0
  0
SPLINE
  5
2A4
330
1F
100
AcDbEntity
  8
0
  6
Continuous
 62
     7
100
AcDbSpline
210
0.0
220
0.0
230
1.0
 70
     8
 71
     3
 72
     9
 73
     5
 74
     0
 42
0.00000001
 43
0.00000001
 40
0.0
 40
0.0
 40
0.0
 40
0.0
 40
0.402781514328189
 40
1.0
 40
1.0
 40
1.0
 40
1.0
 10
0.7906504906713964
 20
72.1989109020791
 30
0.0
 10
0.7727105774901947
 20
72.87870992132096
 30
0.0
 10
0.7281705165811824
 20
74.56647113939897
 30
0.0
 10
0.4204148427886308
 20
76.22789928756713
 30
0.0
 10
0.2366174653293354
 20
77.22013489026864
 30
0.0
  0
SPLINE
  5
2A5
330
1F
100
AcDbEntity
  8
0
  6
Continuous
 62
     7
100
AcDbSpline
210
0.0
220
0.0
230
1.0
 70
     8
 71
     3
 72
     9
 73
     5
 74
     0
 42
0.00000001
 43
0.00000001
 40
0.0
 40
0.0
 40
0.0
 40
0.0
 40
0.6011117093230334
 40
1.0
 40
1.0
 40
1.0
 40
1.0
 10
4.692744463682175
 20
72.51132073399022
 30
0.0
 10
4.780339951917255
 20
73.51766672673637
 30
0.0
 10
4.926062430578881
 20
75.19180811699383
 30
0.0
 10
4.896263171615673
 20
76.87139668202704
 30
0.0
 10
4.884376596144398
 20
77.54136489377372
 30
0.0
  0
SPLINE
  5
2A6
330
1F
100
AcDbEntity
  8
0
  6
Continuous
 62
     7
100
AcDbSpline
210
0.0
220
0.0
230
1.0
 70
     8
 71
     3
 72
     9
 73
     5
 74
     0
 42
0.00000001
 43
0.00000001
 40
0.0
 40
0.0
 40
0.0
 40
0.0
 40
0.5934069286973895
 40
1.0
 40
1.0
 40
1.0
 40
1.0
 10
8.351318538188934
 20
69.95713680929587
 30
0.0
 10
8.403403685483152
 20
69.58288789953194
 30
0.0
 10
8.491176754477392
 20
68.95220953757642
 30
0.0
 10
8.248584968886096
 20
68.36939780976829
 30
0.0
 10
8.14994882970975
 20
68.1324305993676
 30
0.0
  0
SPLINE
  5
2A7
330
1F
100
AcDbEntity
  8
0
  6
Continuous
 62
     7
100
AcDbSpline
210
0.0
220
0.0
230
1.0
 70
     8
 71
     3
 72
     9
 73
     5
 74
     0
 42
0.00000001
 43
0.00000001
 40
0.0
 40
0.0
 40
0.0
 40
0.0
 40
0.5515739295274015
 40
1.0
 40
1.0
 40
1.0
 40
1.0
 10
0.7906504906713963
 20
72.19891090207909
 30
0.0
 10
0.894546832383659
 20
71.91167295780755
 30
0.0
 10
1.082910234187807
 20
71.39091240533246
 30
0.0
 10
1.415837335927858
 20
70.94944081654724
 30
0.0
 10
1.56513052791498
 20
70.75147344676301
 30
0.0
  0
SPLINE
  5
2A8
330
1F
100
AcDbEntity
  8
0
  6
Continuous
 62
     7
100
AcDbSpline
210
0.0
220
0.0
230
1.0
 70
     8
 71
     3
 72
    13
 73
     9
 74
     0
 42
0.00000001
 43
0.00000001
 40
0.0
 40
0.0
 40
0.0
 40
0.0
 40
0.2425064212349337
 40
0.3892305336157691
 40
0.4944717225189936
 40
0.5751931866078903
 40
0.7261556042148584
 40
1.0
 40
1.0
 40
1.0
 40
1.0
 10
8.052319288253784
 20
67.34415746706527
 30
0.0
 10
7.536210888546877
 20
67.92609989296815
 30
0.0
 10
6.707840461081414
 20
68.86013603029741
 30
0.0
 10
5.575419743185128
 20
69.92754050547403
 30
0.0
 10
4.609901919328393
 20
70.52531684472326
 30
0.0
 10
3.510573057038646
 20
70.27468641628694
 30
0.0
 10
2.086126429518565
 20
69.51598582733605
 30
0.0
 10
1.075945178098867
 20
68.59738841497195
 30
0.0
 10
0.4247492327712081
 20
68.00523041413861
 30
0.0
  0
SPLINE
  5
2A9
330
1F
100
AcDbEntity
  8
0
  6
Continuous
 62
     7
100
AcDbSpline
210
0.0
220
0.0
230
1.0
 70
     8
 71
     3
 72
     9
 73
     5
 74
     0
 42
0.00000001
 43
0.00000001
 40
0.0
 40
0.0
 40
0.0
 40
0.0
 40
0.5326522680194682
 40
1.0
 40
1.0
 40
1.0
 40
1.0
 10
4.353024065494537
 20
69.95713680929587
 30
0.0
 10
4.239786020004645
 20
68.99498637330845
 30
0.0
 10
4.027193204224584
 20
67.18864761582051
 30
0.0
 10
4.066109718264711
 20
65.37063744991889
 30
0.0
 10
4.084297262837951
 20
64.52099452216721
 30
0.0
  0
SPLINE
  5
2AA
330
1F
100
AcDbEntity
  8
0
  6
Continuous
 62
     7
100
AcDbSpline
210
0.0
220
0.0
230
1.0
 70
     8
 71
     3
 72
     9
 73
     5
 74
     0
 42
0.00000001
 43
0.00000001
 40
0.0
 40
0.0
 40
0.0
 40
0.0
 40
0.565878187753606
 40
1.0
 40
1.0
 40
1.0
 40
1.0
 10
0.694341491907835
 20
70.65907289672448
 30
0.0
 10
0.6979077821073824
 20
70.5169774370025
 30
0.0
 10
0.7042100045233136
 20
70.26587134597955
 30
0.0
 10
0.8309235424371777
 20
70.05059358223082
 30
0.0
 10
0.8859326531524965
 20
69.95713680929587
 30
0.0
  0
SPLINE
  5
2AB
330
1F
100
AcDbEntity
  8
0
  6
Continuous
 62
     7
100
AcDbSpline
210
0.0
220
0.0
230
1.0
 70
     8
 71
     3
 72
     9
 73
     5
 74
     0
 42
0.00000001
 43
0.00000001
 40
0.0
 40
0.0
 40
0.0
 40
0.0
 40
0.5393369471503763
 40
1.0
 40
1.0
 40
1.0
 40
1.0
 10
0.7066582329571247
 20
68.92300425450846
 30
0.0
 10
0.5977066653097646
 20
69.28878240048562
 30
0.0
 10
0.3956964595876953
 20
69.96698208235381
 30
0.0
 10
-0.1262971608896971
 20
70.44080170353234
 30
0.0
 10
-0.3667603356668405
 20
70.65907289672448
 30
0.0
  0
SPLINE
  5
2AC
330
1F
100
AcDbEntity
  8
0
  6
Continuous
 62
     7
100
AcDbSpline
210
0.0
220
0.0
230
1.0
 70
     8
 71
     3
 72
    10
 73
     6
 74
     0
 42
0.00000001
 43
0.00000001
 40
0.0
 40
0.0
 40
0.0
 40
0.0
 40
0.4640798716484703
 40
0.748579497894646
 40
1.0
 40
1.0
 40
1.0
 40
1.0
 10
-0.3667601849883795
 20
70.65907289672448
 30
0.0
 10
-0.2880264352057013
 20
69.6128359151531
 30
0.0
 10
-0.1610257301970504
 20
67.92521358505397
 30
0.0
 10
-0.0552555947917535
 20
65.53805375123157
 30
0.0
 10
-0.8079620032020673
 20
64.52607915774462
 30
0.0
 10
-1.161085189156198
 20
64.05132341159461
 30
0.0
  0
SPLINE
  5
2AD
330
1F
100
AcDbEntity
  8
0
  6
Continuous
 62
     7
100
AcDbSpline
210
0.0
220
0.0
230
1.0
 70
     8
 71
     3
 72
     9
 73
     5
 74
     0
 42
0.00000001
 43
0.00000001
 40
0.0
 40
0.0
 40
0.0
 40
0.0
 40
0.6242015082472453
 40
1.0
 40
1.0
 40
1.0
 40
1.0
 10
-1.16108451038599
 20
64.05132341159461
 30
0.0
 10
-1.094269534092321
 20
63.44598676363086
 30
0.0
 10
-0.9872288182163124
 20
62.47620915180879
 30
0.0
 10
-0.0812301732608767
 20
62.32564557784257
 30
0.0
 10
0.2592427510434156
 20
62.26906401383316
 30
0.0
  0
SPLINE
  5
2AE
330
1F
100
AcDbEntity
  8
0
  6
Continuous
 62
     7
100
AcDbSpline
210
0.0
220
0.0
230
1.0
 70
     8
 71
     3
 72
    10
 73
     6
 74
     0
 42
0.00000001
 43
0.00000001
 40
0.0
 40
0.0
 40
0.0
 40
0.0
 40
0.1746041282452201
 40
0.3730338336833987
 40
1.0
 40
1.0
 40
1.0
 40
1.0
 10
0.0926913926377892
 20
62.79745394027275
 30
0.0
 10
-0.0227892594446002
 20
62.79491321383401
 30
0.0
 10
-0.2695084567252738
 20
62.78948506655413
 30
0.0
 10
-0.7581024734864196
 20
63.26886815390305
 30
0.0
 10
-0.8991517154146754
 20
63.7822373921785
 30
0.0
 10
-1.006291944121676
 20
64.17218984316685
 30
0.0
  0
SPLINE
  5
2AF
330
1F
100
AcDbEntity
  8
0
  6
Continuous
 62
     7
100
AcDbSpline
210
0.0
220
0.0
230
1.0
 70
     8
 71
     3
 72
     9
 73
     5
 74
     0
 42
0.00000001
 43
0.00000001
 40
0.0
 40
0.0
 40
0.0
 40
0.0
 40
0.549843633703444
 40
0.9999999999999999
 40
0.9999999999999999
 40
0.9999999999999999
 40
0.9999999999999999
 10
0.5207182839512825
 20
66.91336306444398
 30
0.0
 10
1.018658428536269
 20
66.4337743360243
 30
0.0
 10
1.924261611083161
 20
65.56154685347725
 30
0.0
 10
2.956105866725232
 20
64.84400193522308
 30
0.0
 10
3.420597127429041
 20
64.52099452216721
 30
0.0
  0
SPLINE
  5
2B0
330
1F
100
AcDbEntity
  8
0
  6
Continuous
 62
     7
100
AcDbSpline
210
0.0
220
0.0
230
1.0
 70
     8
 71
     3
 72
     9
 73
     5
 74
     0
 42
0.00000001
 43
0.00000001
 40
0.0
 40
0.0
 40
0.0
 40
0.0
 40
0.5282633563566469
 40
1.0
 40
1.0
 40
1.0
 40
1.0
 10
4.353024065494537
 20
64.41017370628813
 30
0.0
 10
4.945844097419988
 20
64.6458651874948
 30
0.0
 10
6.068049574653997
 20
65.09202803102839
 30
0.0
 10
7.023805250503727
 20
65.82879409871654
 30
0.0
 10
7.474670225172163
 20
66.17635365063805
 30
0.0
  0
SPLINE
  5
2B1
330
1F
100
AcDbEntity
  8
0
  6
Continuous
 62
     7
100
AcDbSpline
210
0.0
220
0.0
230
1.0
 70
     8
 71
     3
 72
    14
 73
    10
 74
     0
 42
0.00000001
 43
0.00000001
 40
0.0
 40
0.0
 40
0.0
 40
0.0
 40
0.2212409444059685
 40
0.3710352953334117
 40
0.4714523361410319
 40
0.5175517765145635
 40
0.5991506962237859
 40
0.7386772989074394
 40
0.9999999999999999
 40
0.9999999999999999
 40
0.9999999999999999
 40
0.9999999999999999
 10
0.0926913926377892
 20
61.36677053796518
 30
0.0
 10
0.4562685411431429
 20
60.50772416612516
 30
0.0
 10
1.066010806682506
 20
59.06704814145641
 30
0.0
 10
1.956312304096528
 20
57.27875229649242
 30
0.0
 10
2.579904041112609
 20
56.21025285093305
 30
0.0
 10
3.458235830191701
 20
55.60100442851709
 30
0.0
 10
4.52125911995468
 20
56.463595808191
 30
0.0
 10
5.530296107146745
 20
58.10531587357011
 30
0.0
 10
6.429413183824083
 20
59.56724682276256
 30
0.0
 10
7.015567883014837
 20
60.52031257803471
 30
0.0
  0
LWPOLYLINE
  5
2B2
330
1F
100
AcDbEntity
  8
0
  6
Continuous
 62
     7
100
AcDbPolyline
 90
        3
 70
   128
 43
0.0
 10
3.7433616817
 20
63.5534671196
 10
3.5317927924
 20
59.205296081
 10
3.3655598487
 20
55.7888759793
  0
SPLINE
  5
2B3
330
1F
100
AcDbEntity
  8
0
  6
Continuous
 62
     7
100
AcDbSpline
210
0.0
220
0.0
230
1.0
 70
     8
 71
     3
 72
    14
 73
    10
 74
     0
 42
0.00000001
 43
0.00000001
 40
0.0
 40
0.0
 40
0.0
 40
0.0
 40
0.1082046574713793
 40
0.1608519511413827
 40
0.1741424995542475
 40
0.1946564714622925
 40
0.2573794197733023
 40
0.442936797737862
 40
0.9999999999999999
 40
0.9999999999999999
 40
0.9999999999999999
 40
0.9999999999999999
 10
-0.8706473745405674
 20
57.15894760475286
 30
0.0
 10
-1.01872729803406
 20
57.33041179017352
 30
0.0
 10
-1.23885594291328
 20
57.58530237825265
 30
0.0
 10
-1.653343955537108
 20
57.58377850411409
 30
0.0
 10
-1.737243983105782
 20
57.75018162184956
 30
0.0
 10
-1.695238995977453
 20
57.94696317553802
 30
0.0
 10
-1.581598081092578
 20
58.46768944710719
 30
0.0
 10
-1.205328770695303
 20
60.06359781550867
 30
0.0
 10
-0.3684937128827329
 20
61.32376941258266
 30
0.0
 10
0.2592427510434151
 20
62.26906401383315
 30
0.0
  0
SPLINE
  5
2B4
330
1F
100
AcDbEntity
  8
0
  6
Continuous
 62
     7
100
AcDbSpline
210
0.0
220
0.0
230
1.0
 70
     8
 71
     3
 72
    11
 73
     7
 74
     0
 42
0.00000001
 43
0.00000001
 40
0.0
 40
0.0
 40
0.0
 40
0.0
 40
0.3056830944126332
 40
0.5236568312573335
 40
0.7332489245001654
 40
1.0
 40
1.0
 40
1.0
 40
1.0
 10
-0.8902088738977909
 20
55.97717759250835
 30
0.0
 10
-1.140846637005444
 20
56.01226487036519
 30
0.0
 10
-1.570206909854591
 20
56.07237186704184
 30
0.0
 10
-1.823047902233335
 20
56.68057205632078
 30
0.0
 10
-1.488943544701746
 20
57.22053636908081
 30
0.0
 10
-1.092599286018228
 20
57.18105633355876
 30
0.0
 10
-0.870647415581877
 20
57.15894760475286
 30
0.0
  0
SPLINE
  5
2B5
330
1F
100
AcDbEntity
  8
0
  6
Continuous
 62
     7
100
AcDbSpline
210
0.0
220
0.0
230
1.0
 70
     8
 71
     3
 72
     9
 73
     5
 74
     0
 42
0.00000001
 43
0.00000001
 40
0.0
 40
0.0
 40
0.0
 40
0.0
 40
0.5203697029195619
 40
0.9999999999999999
 40
0.9999999999999999
 40
0.9999999999999999
 40
0.9999999999999999
 10
9.400956332683563
 20
54.92429595432881
 30
0.0
 10
9.91628450056696
 20
55.98694706079108
 30
0.0
 10
10.90659612899598
 20
58.02905500923664
 30
0.0
 10
11.13891316359101
 20
60.28483169569299
 30
0.0
 10
11.25033945191067
 20
61.36677053796517
 30
0.0
  0
SPLINE
  5
2B6
330
1F
100
AcDbEntity
  8
0
  6
Continuous
 62
     7
100
AcDbSpline
210
0.0
220
0.0
230
1.0
 70
     8
 71
     3
 72
     9
 73
     5
 74
     0
 42
0.00000001
 43
0.00000001
 40
0.0
 40
0.0
 40
0.0
 40
0.0
 40
0.5698141337015455
 40
0.9999999999999999
 40
0.9999999999999999
 40
0.9999999999999999
 40
0.9999999999999999
 10
11.250339448452
 20
61.36677053796517
 30
0.0
 10
10.90895322601949
 20
60.88829758553904
 30
0.0
 10
10.30983466745578
 20
60.04859754279362
 30
0.0
 10
10.70304071858416
 20
59.11949840848036
 30
0.0
 10
10.87219240432262
 20
58.71981309250865
 30
0.0
  0
SPLINE
  5
2B7
330
1F
100
AcDbEntity
  8
0
  6
Continuous
 62
     7
100
AcDbSpline
210
0.0
220
0.0
230
1.0
 70
     8
 71
     3
 72
    11
 73
     7
 74
     0
 42
0.00000001
 43
0.00000001
 40
0.0
 40
0.0
 40
0.0
 40
0.0
 40
0.3240120245743733
 40
0.6117385267441806
 40
0.8147391249587762
 40
1.0
 40
1.0
 40
1.0
 40
1.0
 10
-7.063262164592743
 20
96.19010947494705
 30
0.0
 10
-8.992698043779987
 20
92.3202270990542
 30
0.0
 10
-12.63549575701868
 20
85.0138434967426
 30
0.0
 10
-18.62966727338129
 20
75.92697787149748
 30
0.0
 10
-24.31997107243575
 20
68.89836783602506
 30
0.0
 10
-28.18020144149938
 20
65.43748291329429
 30
0.0
 10
-30.02212938257592
 20
63.78610461962668
 30
0.0
  0
LWPOLYLINE
  5
2B8
330
1F
100
AcDbEntity
  8
0
  6
Continuous
 62
     7
100
AcDbPolyline
 90
        3
 70
   128
 43
0.0
 10
-23.0614244938
 20
69.5248411327
 10
-26.9594239855
 20
66.3111486854
 10
-30.0221293826
 20
63.7861046196
  0
SPLINE
  5
2B9
330
1F
100
AcDbEntity
  8
0
  6
Continuous
 62
     7
100
AcDbSpline
210
0.0
220
0.0
230
1.0
 70
     8
 71
     3
 72
     9
 73
     5
 74
     0
 42
0.00000001
 43
0.00000001
 40
0.0
 40
0.0
 40
0.0
 40
0.0
 40
0.5309231172290169
 40
0.9999999999999999
 40
0.9999999999999999
 40
0.9999999999999999
 40
0.9999999999999999
 10
-26.51427686214447
 20
70.42192755924931
 30
0.0
 10
-26.34336137081806
 20
70.89852500295405
 30
0.0
 10
-26.02144001199979
 20
71.79620195134575
 30
0.0
 10
-25.3546538838449
 20
72.47547978896499
 30
0.0
 10
-25.04187992537508
 20
72.79411331957084
 30
0.0
  0
SPLINE
  5
2BA
330
1F
100
AcDbEntity
  8
0
  6
Continuous
 62
     7
100
AcDbSpline
210
0.0
220
0.0
230
1.0
 70
     8
 71
     3
 72
     9
 73
     5
 74
     0
 42
0.00000001
 43
0.00000001
 40
0.0
 40
0.0
 40
0.0
 40
0.0
 40
0.5755858872699479
 40
1.0
 40
1.0
 40
1.0
 40
1.0
 10
-26.51427686214447
 20
70.42192755924931
 30
0.0
 10
-26.05382918147338
 20
70.77635601861864
 30
0.0
 10
-25.25386571667226
 20
71.39212591014675
 30
0.0
 10
-25.10504256938478
 20
72.3763813993998
 30
0.0
 10
-25.04187992537508
 20
72.79411331957084
 30
0.0
  0
SPLINE
  5
2BB
330
1F
100
AcDbEntity
  8
0
  6
Continuous
 62
     7
100
AcDbSpline
210
0.0
220
0.0
230
1.0
 70
     8
 71
     3
 72
     9
 73
     5
 74
     0
 42
0.00000001
 43
0.00000001
 40
0.0
 40
0.0
 40
0.0
 40
0.0
 40
0.5690726627692643
 40
0.9999999999999999
 40
0.9999999999999999
 40
0.9999999999999999
 40
0.9999999999999999
 10
-10.45316457748413
 20
75.54559626907945
 30
0.0
 10
-11.55126108065296
 20
72.56663066356612
 30
0.0
 10
-13.48088549421237
 20
67.33185872597753
 30
0.0
 10
-17.16254929229092
 20
63.16317172642901
 30
0.0
 10
-18.74907886937571
 20
61.36677053796517
 30
0.0
  0
SPLINE
  5
2BC
330
1F
100
AcDbEntity
  8
0
  6
Continuous
 62
     7
100
AcDbSpline
210
0.0
220
0.0
230
1.0
 70
     8
 71
     3
 72
     9
 73
     5
 74
     0
 42
0.00000001
 43
0.00000001
 40
0.0
 40
0.0
 40
0.0
 40
0.0
 40
0.5435524890733491
 40
1.0
 40
1.0
 40
1.0
 40
1.0
 10
-2.278188243508339
 20
74.4992959592647
 30
0.0
 10
-3.141863332081664
 20
70.48243933335694
 30
0.0
 10
-4.730808477095576
 20
63.09243246804809
 30
0.0
 10
-8.659795363170204
 20
56.64921952707781
 30
0.0
 10
-10.45317164778242
 20
53.70823101780154
 30
0.0
  0
SPLINE
  5
2BD
330
1F
100
AcDbEntity
  8
0
  6
Continuous
 62
     7
100
AcDbSpline
210
0.0
220
0.0
230
1.0
 70
     8
 71
     3
 72
     9
 73
     5
 74
     0
 42
0.00000001
 43
0.00000001
 40
0.0
 40
0.0
 40
0.0
 40
0.0
 40
0.5449587756986878
 40
1.0
 40
1.0
 40
1.0
 40
1.0
 10
-1.16108451038599
 20
55.43506640122488
 30
0.0
 10
-1.70783949513493
 20
53.95157872014147
 30
0.0
 10
-2.711135540873342
 20
51.22937706519712
 30
0.0
 10
-4.115616459657329
 20
48.69194315210434
 30
0.0
 10
-4.754713176448626
 20
47.53730611770694
 30
0.0
  0
SPLINE
  5
2BE
330
1F
100
AcDbEntity
  8
0
  6
Continuous
 62
     7
100
AcDbSpline
210
0.0
220
0.0
230
1.0
 70
     8
 71
     3
 72
     9
 73
     5
 74
     0
 42
0.00000001
 43
0.00000001
 40
0.0
 40
0.0
 40
0.0
 40
0.0
 40
0.5915740274449875
 40
1.0
 40
1.0
 40
1.0
 40
1.0
 10
-16.7449414730072
 20
48.97095500743684
 30
0.0
 10
-17.17628933076913
 20
49.1564067752201
 30
0.0
 10
-17.90544212948974
 20
49.46989546671018
 30
0.0
 10
-18.50443473281098
 20
49.98717406372197
 30
0.0
 10
-18.74907886937572
 20
50.19844407778842
 30
0.0
  0
SPLINE
  5
2BF
330
1F
100
AcDbEntity
  8
0
  6
Continuous
 62
     7
100
AcDbSpline
210
0.0
220
0.0
230
1.0
 70
     8
 71
     3
 72
     9
 73
     5
 74
     0
 42
0.00000001
 43
0.00000001
 40
0.0
 40
0.0
 40
0.0
 40
0.0
 40
0.4306873444433742
 40
1.0
 40
1.0
 40
1.0
 40
1.0
 10
-4.800755530595779
 20
114.2457193834691
 30
0.0
 10
-4.855455279245192
 20
114.0442213088713
 30
0.0
 10
-4.982460981537439
 20
113.5763689858405
 30
0.0
 10
-4.94990692067034
 20
113.0914500523175
 30
0.0
 10
-4.931373481828942
 20
112.8153795665439
 30
0.0
  0
SPLINE
  5
2C0
330
1F
100
AcDbEntity
  8
0
  6
Continuous
 62
     7
100
AcDbSpline
210
0.0
220
0.0
230
1.0
 70
     8
 71
     3
 72
     9
 73
     5
 74
     0
 42
0.00000001
 43
0.00000001
 40
0.0
 40
0.0
 40
0.0
 40
0.0
 40
0.52666430078016
 40
1.0
 40
1.0
 40
1.0
 40
1.0
 10
-4.931371659040451
 20
112.8153795665439
 30
0.0
 10
-5.154563643761718
 20
112.43188548935
 30
0.0
 10
-5.578347796951233
 20
111.703728907205
 30
0.0
 10
-5.460124987966516
 20
110.8728146272369
 30
0.0
 10
-5.404165912012001
 20
110.4795132355365
 30
0.0
  0
SPLINE
  5
2C1
330
1F
100
AcDbEntity
  8
0
  6
Continuous
 62
     7
100
AcDbSpline
210
0.0
220
0.0
230
1.0
 70
     8
 71
     3
 72
     9
 73
     5
 74
     0
 42
0.00000001
 43
0.00000001
 40
0.0
 40
0.0
 40
0.0
 40
0.0
 40
0.5523511629579646
 40
1.0
 40
1.0
 40
1.0
 40
1.0
 10
-6.351683288812637
 20
108.5320214037291
 30
0.0
 10
-6.712485574592612
 20
108.9125529042403
 30
0.0
 10
-7.365697353577196
 20
109.6014832913394
 30
0.0
 10
-8.028460856295276
 20
110.2812252388224
 30
0.0
 10
-8.325146167520929
 20
110.5855109311019
 30
0.0
  0
SPLINE
  5
2C2
330
1F
100
AcDbEntity
  8
0
  6
Continuous
 62
     7
100
AcDbSpline
210
0.0
220
0.0
230
1.0
 70
     8
 71
     3
 72
     9
 73
     5
 74
     0
 42
0.00000001
 43
0.00000001
 40
0.0
 40
0.0
 40
0.0
 40
0.0
 40
0.6207349515799367
 40
0.9999999999999999
 40
0.9999999999999999
 40
0.9999999999999999
 40
0.9999999999999999
 10
-8.325144648551941
 20
110.5855109311019
 30
0.0
 10
-8.165113542020967
 20
108.5946760790666
 30
0.0
 10
-7.907304462439325
 20
105.3874539837615
 30
0.0
 10
-9.504955684965433
 20
102.6478289533089
 30
0.0
 10
-10.11088895323517
 20
101.6087849334815
 30
0.0
  0
SPLINE
  5
2C3
330
1F
100
AcDbEntity
  8
0
  6
Continuous
 62
     7
100
AcDbSpline
210
0.0
220
0.0
230
1.0
 70
     8
 71
     3
 72
    11
 73
     7
 74
     0
 42
0.00000001
 43
0.00000001
 40
0.0
 40
0.0
 40
0.0
 40
0.0
 40
0.2404488362887668
 40
0.4126393503121397
 40
0.6778120846024994
 40
1.0
 40
1.0
 40
1.0
 40
1.0
 10
-10.11088490486145
 20
101.6087849334815
 30
0.0
 10
-9.734641819329427
 20
101.7112484986898
 30
0.0
 10
-9.088963076318514
 20
101.8870883972345
 30
0.0
 10
-8.135685840691968
 20
101.186983091378
 30
0.0
 10
-8.168517107608759
 20
99.90011823633786
 30
0.0
 10
-8.373733825013982
 20
99.035675043076
 30
0.0
 10
-8.486302391567841
 20
98.5614976350991
 30
0.0
  0
SPLINE
  5
2C4
330
1F
100
AcDbEntity
  8
0
  6
Continuous
 62
     7
100
AcDbSpline
210
0.0
220
0.0
230
1.0
 70
     8
 71
     3
 72
     9
 73
     5
 74
     0
 42
0.00000001
 43
0.00000001
 40
0.0
 40
0.0
 40
0.0
 40
0.0
 40
0.5171336859697662
 40
1.0
 40
1.0
 40
1.0
 40
1.0
 10
-8.486300706863403
 20
98.56149763509909
 30
0.0
 10
-8.506503477666334
 20
98.42662014689506
 30
0.0
 10
-8.545570301876488
 20
98.1658026989829
 30
0.0
 10
-8.515099428622616
 20
97.9039473223467
 30
0.0
 10
-8.500386070369236
 20
97.77750618182137
 30
0.0
  0
SPLINE
  5
2C5
330
1F
100
AcDbEntity
  8
0
  6
Continuous
 62
     7
100
AcDbSpline
210
0.0
220
0.0
230
1.0
 70
     8
 71
     3
 72
     9
 73
     5
 74
     0
 42
0.00000001
 43
0.00000001
 40
0.0
 40
0.0
 40
0.0
 40
0.0
 40
0.6301848569351904
 40
1.0
 40
1.0
 40
1.0
 40
1.0
 10
-8.50038230419159
 20
97.77750618182135
 30
0.0
 10
-8.398801595219146
 20
97.739827735219
 30
0.0
 10
-8.237609672159515
 20
97.68003822078097
 30
0.0
 10
-8.08110283256982
 20
97.74155416595934
 30
0.0
 10
-8.023224233296338
 20
97.76430369402625
 30
0.0
  0
SPLINE
  5
2C6
330
1F
100
AcDbEntity
  8
0
  6
Continuous
 62
     7
100
AcDbSpline
210
0.0
220
0.0
230
1.0
 70
     8
 71
     3
 72
    17
 73
    13
 74
     0
 42
0.00000001
 43
0.00000001
 40
0.0
 40
0.0
 40
0.0
 40
0.0
 40
0.1649001903769839
 40
0.2663710188657223
 40
0.3286747950806466
 40
0.4008993518886216
 40
0.5051483293817002
 40
0.7199539893418305
 40
0.8145685054414474
 40
0.8611999524296421
 40
0.8970687895344243
 40
1.0
 40
1.0
 40
1.0
 40
1.0
 10
-15.3190940618515
 20
84.43536015700525
 30
0.0
 10
-16.04140958109637
 20
83.52756362329418
 30
0.0
 10
-17.20819974891799
 20
82.06115726527497
 30
0.0
 10
-18.74578038968846
 20
80.33132394520047
 30
0.0
 10
-19.95838614081956
 20
79.19367800772302
 30
0.0
 10
-21.0279038942224
 20
77.89735815834399
 30
0.0
 10
-22.47628920158747
 20
75.50178245586928
 30
0.0
 10
-24.88318190239433
 20
73.95235550112824
 30
0.0
 10
-27.40356471972472
 20
72.72289042408978
 30
0.0
 10
-27.5056464363658
 20
71.39317839624917
 30
0.0
 10
-28.26246146809098
 20
70.29921048842597
 30
0.0
 10
-29.08671422003765
 20
69.75464374206811
 30
0.0
 10
-29.69796281088879
 20
69.35080443968242
 30
0.0
  0
SPLINE
  5
2C7
330
1F
100
AcDbEntity
  8
0
  6
Continuous
 62
     7
100
AcDbSpline
210
0.0
220
0.0
230
1.0
 70
     8
 71
     3
 72
    18
 73
    14
 74
     0
 42
0.00000001
 43
0.00000001
 40
0.0
 40
0.0
 40
0.0
 40
0.0
 40
0.1748292755920602
 40
0.2442938256685532
 40
0.2549154084170633
 40
0.2671846046314555
 40
0.4408159835527557
 40
0.5311842394696296
 40
0.5768195465761685
 40
0.5857424865338052
 40
0.5993683907803559
 40
0.6511235704080736
 40
0.9999999999999999
 40
0.9999999999999999
 40
0.9999999999999999
 40
0.9999999999999999
 10
-29.6979546546936
 20
69.35080443968243
 30
0.0
 10
-29.88826266833029
 20
69.16090263447123
 30
0.0
 10
-30.15418536662694
 20
68.89554754254335
 30
0.0
 10
-30.51859501112557
 20
68.53589567915287
 30
0.0
 10
-30.45471550277938
 20
68.38263818169703
 30
0.0
 10
-30.12422424495499
 20
68.28420747814764
 30
0.0
 10
-29.66003124484658
 20
68.5331891313033
 30
0.0
 10
-29.22908384154934
 20
68.6169961088154
 30
0.0
 10
-28.9138180332161
 20
68.70049742646422
 30
0.0
 10
-28.87324016265353
 20
68.5831105616697
 30
0.0
 10
-28.9328019284141
 20
68.46809835519723
 30
0.0
 10
-29.39330372196937
 20
67.97164529454686
 30
0.0
 10
-29.93499066036093
 20
67.58179671094453
 30
0.0
 10
-30.40670033247276
 20
67.24231031297013
 30
0.0
  0
SPLINE
  5
2C8
330
1F
100
AcDbEntity
  8
0
  6
Continuous
 62
     7
100
AcDbSpline
210
0.0
220
0.0
230
1.0
 70
     8
 71
     3
 72
     9
 73
     5
 74
     0
 42
0.00000001
 43
0.00000001
 40
0.0
 40
0.0
 40
0.0
 40
0.0
 40
0.513405030220245
 40
1.0
 40
1.0
 40
1.0
 40
1.0
 10
-30.40669858455658
 20
67.24231031297013
 30
0.0
 10
-29.88882154602595
 20
67.37375775660978
 30
0.0
 10
-28.88011105811264
 20
67.62978844564154
 30
0.0
 10
-27.99955715781703
 20
68.1836241957623
 30
0.0
 10
-27.57108405931324
 20
68.45311788585526
 30
0.0
  0
SPLINE
  5
2C9
330
1F
100
AcDbEntity
  8
0
  6
Continuous
 62
     7
100
AcDbSpline
210
0.0
220
0.0
230
1.0
 70
     8
 71
     3
 72
    12
 73
     8
 74
     0
 42
0.00000001
 43
0.00000001
 40
0.0
 40
0.0
 40
0.0
 40
0.0
 40
0.15782419000629
 40
0.2915106937561195
 40
0.4838930150660675
 40
0.736914367598638
 40
1.0
 40
1.0
 40
1.0
 40
1.0
 10
-27.57108211517334
 20
68.45311788585526
 30
0.0
 10
-28.43186005685227
 20
67.80070059133575
 30
0.0
 10
-30.02176826381844
 20
66.59564692917982
 30
0.0
 10
-33.18697845595763
 20
65.57735609244345
 30
0.0
 10
-37.18363622181772
 20
65.25944770845142
 30
0.0
 10
-41.19432873678016
 20
62.34931868638577
 30
0.0
 10
-44.24003050420751
 20
60.64976369243563
 30
0.0
 10
-45.79257755158403
 20
59.78341521540136
 30
0.0
  0
SPLINE
  5
2CA
330
1F
100
AcDbEntity
  8
0
  6
Continuous
 62
     7
100
AcDbSpline
210
0.0
220
0.0
230
1.0
 70
     8
 71
     3
 72
    13
 73
     9
 74
     0
 42
0.00000001
 43
0.00000001
 40
0.0
 40
0.0
 40
0.0
 40
0.0
 40
0.3094495803784802
 40
0.3940779225234053
 40
0.400655710160333
 40
0.4087142159447321
 40
0.435497540558943
 40
0.9999999999999999
 40
0.9999999999999999
 40
0.9999999999999999
 40
0.9999999999999999
 10
-45.79254984855652
 20
59.78341521540137
 30
0.0
 10
-45.52237708157495
 20
59.6935744866519
 30
0.0
 10
-45.17831740437558
 20
59.57916409481916
 30
0.0
 10
-44.64114509872564
 20
59.61362849760675
 30
0.0
 10
-44.61607018291742
 20
59.50935514089452
 30
0.0
 10
-44.64034782524517
 20
59.47164368507668
 30
0.0
 10
-45.16842232515994
 20
59.16057407086065
 30
0.0
 10
-45.78679849670925
 20
59.12831325543069
 30
0.0
 10
-46.37716423712201
 20
59.09751375010706
 30
0.0
  0
SPLINE
  5
2CB
330
1F
100
AcDbEntity
  8
0
  6
Continuous
 62
     7
100
AcDbSpline
210
0.0
220
0.0
230
1.0
 70
     8
 71
     3
 72
    11
 73
     7
 74
     0
 42
0.00000001
 43
0.00000001
 40
0.0
 40
0.0
 40
0.0
 40
0.0
 40
0.3159637057904819
 40
0.5614118147530275
 40
0.765764918885464
 40
1.0
 40
1.0
 40
1.0
 40
1.0
 10
-46.37715220451355
 20
59.09751375010706
 30
0.0
 10
-45.53189664706858
 20
58.90118640350902
 30
0.0
 10
-44.03002650268584
 20
58.55234731243839
 30
0.0
 10
-42.23805478286376
 20
59.61953190377695
 30
0.0
 10
-40.28110030762829
 20
59.61567321512356
 30
0.0
 10
-39.48033947834328
 20
58.71651907262409
 30
0.0
 10
-39.05268026610231
 20
58.2363113274377
 30
0.0
  0
SPLINE
  5
2CC
330
1F
100
AcDbEntity
  8
0
  6
Continuous
 62
     7
100
AcDbSpline
210
0.0
220
0.0
230
1.0
 70
     8
 71
     3
 72
    17
 73
    13
 74
     0
 42
0.00000001
 43
0.00000001
 40
0.0
 40
0.0
 40
0.0
 40
0.0
 40
0.1354833479261056
 40
0.1744282267711057
 40
0.185264258817305
 40
0.189817581919297
 40
0.1904713503498374
 40
0.19133280402466
 40
0.204808206385462
 40
0.3683541681581302
 40
0.689195755106658
 40
0.9999999999999999
 40
0.9999999999999999
 40
0.9999999999999999
 40
0.9999999999999999
 10
-39.05266523361206
 20
58.2363113274377
 30
0.0
 10
-38.8984346945927
 20
58.18540485415986
 30
0.0
 10
-38.69987037029085
 20
58.11986524356604
 30
0.0
 10
-38.46840758280327
 20
58.14571141934453
 30
0.0
 10
-38.41135697880605
 20
58.14949673372685
 30
0.0
 10
-38.38613031659757
 20
58.15290415065747
 30
0.0
 10
-38.38387950510329
 20
58.14539096764918
 30
0.0
 10
-38.39266694153964
 20
58.12887038938944
 30
0.0
 10
-38.58631749724174
 20
58.02483485247478
 30
0.0
 10
-39.06841021486362
 20
57.71373810357237
 30
0.0
 10
-39.60104441132663
 20
56.6674597666813
 30
0.0
 10
-39.01664928455963
 20
56.08233666462488
 30
0.0
 10
-38.72909496703246
 20
55.79442414349895
 30
0.0
  0
SPLINE
  5
2CD
330
1F
100
AcDbEntity
  8
0
  6
Continuous
 62
     7
100
AcDbSpline
210
0.0
220
0.0
230
1.0
 70
     8
 71
     3
 72
    15
 73
    11
 74
     0
 42
0.00000001
 43
0.00000001
 40
0.0
 40
0.0
 40
0.0
 40
0.0
 40
0.1441610310669112
 40
0.2218325475255634
 40
0.2725350607731644
 40
0.4110816929580191
 40
0.4994095808180862
 40
0.6014246836501269
 40
0.7663752167015818
 40
1.0
 40
1.0
 40
1.0
 40
1.0
 10
-38.72907161712646
 20
55.79442414349896
 30
0.0
 10
-38.58752923069063
 20
55.80400272128273
 30
0.0
 10
-38.36972620907284
 20
55.81874207418357
 30
0.0
 10
-38.09846340537334
 20
55.90333138589904
 30
0.0
 10
-37.84292078299213
 20
55.75552002703326
 30
0.0
 10
-37.89969285288748
 20
55.42537210521819
 30
0.0
 10
-37.68970906858322
 20
55.15456680350336
 30
0.0
 10
-37.33448638889991
 20
55.02226069501933
 30
0.0
 10
-36.84516466691692
 20
55.28557069087489
 30
0.0
 10
-36.65798089780985
 20
55.63720998377012
 30
0.0
 10
-36.54826319653547
 20
55.84332323321618
 30
0.0
  0
SPLINE
  5
2CE
330
1F
100
AcDbEntity
  8
0
  6
Continuous
 62
     7
100
AcDbSpline
210
0.0
220
0.0
230
1.0
 70
     8
 71
     3
 72
    24
 73
    20
 74
     0
 42
0.00000001
 43
0.00000001
 40
0.0
 40
0.0
 40
0.0
 40
0.0
 40
0.0084382811772293
 40
0.0111511958863562
 40
0.0130840434637431
 40
0.0175253404386178
 40
0.0321308344651241
 40
0.1602498947362576
 40
0.2042777982901205
 40
0.2631760195614069
 40
0.4500752300943071
 40
0.618658426526675
 40
0.7135945726065208
 40
0.7712731708402175
 40
0.8154068991762745
 40
0.906803740471304
 40
0.9142247293795096
 40
0.9248936204587571
 40
1.0
 40
1.0
 40
1.0
 40
1.0
 10
-36.54825687408447
 20
55.84332323321615
 30
0.0
 10
-36.5399631860161
 20
55.86480497224323
 30
0.0
 10
-36.52900307004838
 20
55.89319310897861
 30
0.0
 10
-36.51202997268885
 20
55.92770017719502
 30
0.0
 10
-36.48424950697932
 20
55.93453713566254
 30
0.0
 10
-36.44428518800836
 20
55.87997646495086
 30
0.0
 10
-36.26443286974174
 20
55.54126537152107
 30
0.0
 10
-36.05092242694489
 20
54.96359644160665
 30
0.0
 10
-35.38135228539866
 20
54.79350570293707
 30
0.0
 10
-34.62889962274588
 20
55.18647029388161
 30
0.0
 10
-33.87298859877681
 20
55.99322717984086
 30
0.0
 10
-33.01491422114185
 20
57.1209650049901
 30
0.0
 10
-32.06007022601622
 20
56.9947875125815
 30
0.0
 10
-31.54142930929619
 20
56.80118520077936
 30
0.0
 10
-30.97334456310725
 20
57.03841681332003
 30
0.0
 10
-31.06999124952707
 20
57.60819967538394
 30
0.0
 10
-30.7610683067475
 20
57.73713834802505
 30
0.0
 10
-30.54680161273516
 20
57.54072082334913
 30
0.0
 10
-30.44312220450524
 20
57.33386955337232
 30
0.0
 10
-30.35233863799712
 20
57.15274683724348
 30
0.0
  0
SPLINE
  5
2CF
330
1F
100
AcDbEntity
  8
0
  6
Continuous
 62
     7
100
AcDbSpline
210
0.0
220
0.0
230
1.0
 70
     8
 71
     3
 72
    22
 73
    18
 74
     0
 42
0.00000001
 43
0.00000001
 40
0.0
 40
0.0
 40
0.0
 40
0.0
 40
0.1223670226892915
 40
0.1698821028151933
 40
0.3942542874428485
 40
0.5000822129144238
 40
0.5898350422342423
 40
0.6164992011027588
 40
0.6459479672781528
 40
0.8164304619601244
 40
0.9328466167245903
 40
0.9455548822590604
 40
0.948588997519801
 40
0.9515068421316726
 40
0.9596113965142032
 40
0.9701187057419892
 40
1.0
 40
1.0
 40
1.0
 40
1.0
 10
-30.35232424736023
 20
57.15274683724351
 30
0.0
 10
-30.78353075009279
 20
56.84067329653713
 30
0.0
 10
-31.38217461526056
 20
56.40742168868528
 30
0.0
 10
-31.4344878509533
 20
54.76576343740624
 30
0.0
 10
-30.70212698872563
 20
53.39037249250494
 30
0.0
 10
-30.34252171158038
 20
51.76811492856548
 30
0.0
 10
-30.12329543652177
 20
50.87097537314412
 30
0.0
 10
-29.58590409038722
 20
50.49473956967719
 30
0.0
 10
-28.7155793094827
 20
51.00705720983063
 30
0.0
 10
-28.15585201790854
 20
52.15733176411943
 30
0.0
 10
-27.58910445990154
 20
53.1917311190608
 30
0.0
 10
-27.20453612084623
 20
53.59153436781723
 30
0.0
 10
-27.12690174736802
 20
53.60205057326923
 30
0.0
 10
-27.07597168094701
 20
53.57087199544667
 30
0.0
 10
-27.04958411014126
 20
53.48240809237002
 30
0.0
 10
-27.0284555416554
 20
53.29246058191152
 30
0.0
 10
-27.03924435948687
 20
53.1300518043231
 30
0.0
 10
-27.04722640918639
 20
53.00989453087566
 30
0.0
  0
SPLINE
  5
2D0
330
1F
100
AcDbEntity
  8
0
  6
Continuous
 62
     7
100
AcDbSpline
210
0.0
220
0.0
230
1.0
 70
     8
 71
     3
 72
    11
 73
     7
 74
     0
 42
0.00000001
 43
0.00000001
 40
0.0
 40
0.0
 40
0.0
 40
0.0
 40
0.247659223000132
 40
0.444523465228234
 40
0.6439181719048014
 40
1.0
 40
1.0
 40
1.0
 40
1.0
 10
-27.04721689224244
 20
53.00989453087566
 30
0.0
 10
-26.66365848936747
 20
53.44303910709995
 30
0.0
 10
-25.97520962686215
 20
54.22049017730674
 30
0.0
 10
-24.85818683579587
 20
55.30347808694204
 30
0.0
 10
-23.06219288397165
 20
55.66232301665519
 30
0.0
 10
-22.0827841679405
 20
56.57054293205135
 30
0.0
 10
-21.45494550289222
 20
57.15274683724351
 30
0.0
  0
SPLINE
  5
2D1
330
1F
100
AcDbEntity
  8
0
  6
Continuous
 62
     7
100
AcDbSpline
210
0.0
220
0.0
230
1.0
 70
     8
 71
     3
 72
    12
 73
     8
 74
     0
 42
0.00000001
 43
0.00000001
 40
0.0
 40
0.0
 40
0.0
 40
0.0
 40
0.1080502008850091
 40
0.2103378570071193
 40
0.4340272509948802
 40
0.7172540753047533
 40
1.0
 40
1.0
 40
1.0
 40
1.0
 10
-21.45494520664215
 20
57.15274683724351
 30
0.0
 10
-21.52437812795239
 20
57.01772393350316
 30
0.0
 10
-21.65954096665621
 20
56.75487918183214
 30
0.0
 10
-21.48514231816287
 20
56.13611316181976
 30
0.0
 10
-22.19018638749637
 20
55.48702967801989
 30
0.0
 10
-23.06462011627039
 20
54.86969638426678
 30
0.0
 10
-23.26529010899971
 20
54.09312250939996
 30
0.0
 10
-23.36553985203518
 20
53.70516549427977
 30
0.0
  0
SPLINE
  5
2D2
330
1F
100
AcDbEntity
  8
0
  6
Continuous
 62
     7
100
AcDbSpline
210
0.0
220
0.0
230
1.0
 70
     8
 71
     3
 72
    15
 73
    11
 74
     0
 42
0.00000001
 43
0.00000001
 40
0.0
 40
0.0
 40
0.0
 40
0.0
 40
0.0670926481600231
 40
0.1030721013454531
 40
0.1912181271331513
 40
0.2930189527973248
 40
0.4785070188602647
 40
0.7468551020974592
 40
0.8650673757506552
 40
1.0
 40
1.0
 40
1.0
 40
1.0
 10
-23.36552739143372
 20
53.70516549427977
 30
0.0
 10
-23.13173149592178
 20
53.82387241902951
 30
0.0
 10
-22.77255899495148
 20
54.00623773793944
 30
0.0
 10
-21.9692638179592
 20
54.14500707714644
 30
0.0
 10
-21.4438324816518
 20
53.18843742057882
 30
0.0
 10
-20.83697528049388
 20
51.9263585295283
 30
0.0
 10
-19.6931825634654
 20
50.03532953521344
 30
0.0
 10
-17.86764949063339
 20
48.32278347782933
 30
0.0
 10
-15.75602929701334
 20
48.35534906275485
 30
0.0
 10
-14.77061962682914
 20
48.19481552324361
 30
0.0
 10
-14.24537138418107
 20
48.10924709209701
 30
0.0
  0
SPLINE
  5
2D3
330
1F
100
AcDbEntity
  8
0
  6
Continuous
 62
     7
100
AcDbSpline
210
0.0
220
0.0
230
1.0
 70
     8
 71
     3
 72
    29
 73
    25
 74
     0
 42
0.00000001
 43
0.00000001
 40
0.0
 40
0.0
 40
0.0
 40
0.0
 40
0.2023494084165524
 40
0.3312261016148713
 40
0.3468579273620224
 40
0.3518612810631898
 40
0.3557031241388335
 40
0.3618451097244478
 40
0.3986989337109907
 40
0.4178504176272037
 40
0.435206249562378
 40
0.4850412136186764
 40
0.5071267039125295
 40
0.5138902445526857
 40
0.5175473940243538
 40
0.5194827185223682
 40
0.5221463621745753
 40
0.5307080137339905
 40
0.5597731902249481
 40
0.6729900540197121
 40
0.7776516307237539
 40
0.814673820502047
 40
0.8585519825202161
 40
1.0
 40
1.0
 40
1.0
 40
1.0
 10
-14.24536854028702
 20
48.10924709209702
 30
0.0
 10
-13.88987907294416
 20
48.57233280624389
 30
0.0
 10
-13.30797774022206
 20
49.33035862411359
 30
0.0
 10
-13.23938650084879
 20
50.32325640134876
 30
0.0
 10
-13.16514956579571
 20
50.73722363362137
 30
0.0
 10
-13.13339093837257
 20
50.79968891850522
 30
0.0
 10
-13.09373562507769
 20
50.82257441864078
 30
0.0
 10
-12.96206512280143
 20
50.76501160688058
 30
0.0
 10
-12.87759537556387
 20
50.61068102806919
 30
0.0
 10
-12.74406002550025
 20
50.44231887539311
 30
0.0
 10
-12.48211056799163
 20
50.4081305708233
 30
0.0
 10
-12.29140497396313
 20
50.61260893108211
 30
0.0
 10
-12.12081511917903
 20
50.75123113958669
 30
0.0
 10
-12.04875151482513
 20
50.8020967752996
 30
0.0
 10
-12.00989583245518
 20
50.81258075917777
 30
0.0
 10
-11.99313159023403
 20
50.793186200588
 30
0.0
 10
-11.98974854852035
 20
50.755587343512
 30
0.0
 10
-12.01178139651451
 20
50.64425302617637
 30
0.0
 10
-12.15574506996507
 20
50.2451308489122
 30
0.0
 10
-12.46708018136773
 20
49.63346518151948
 30
0.0
 10
-12.46122193016814
 20
48.83589034215856
 30
0.0
 10
-12.07205386616762
 20
48.43664022598244
 30
0.0
 10
-12.22116032236702
 20
47.76156067656827
 30
0.0
 10
-12.60665902390004
 20
47.40366667709121
 30
0.0
 10
-12.90088635444012
 20
47.13050830933614
 30
0.0
  0
SPLINE
  5
2D4
330
1F
100
AcDbEntity
  8
0
  6
Continuous
 62
     7
100
AcDbSpline
210
0.0
220
0.0
230
1.0
 70
     8
 71
     3
 72
    18
 73
    14
 74
     0
 42
0.00000001
 43
0.00000001
 40
0.0
 40
0.0
 40
0.0
 40
0.0
 40
0.1261189662019235
 40
0.2348727351071366
 40
0.434678973873574
 40
0.5547028016684216
 40
0.5830877128899394
 40
0.6104244662608977
 40
0.8367327565012769
 40
0.9003258991663027
 40
0.9245520175283548
 40
0.9466907811981377
 40
1.0
 40
1.0
 40
1.0
 40
1.0
 10
-12.90088146924973
 20
47.13050830933615
 30
0.0
 10
-12.8632493673334
 20
46.72862602377329
 30
0.0
 10
-12.79316669086454
 20
45.98019623209449
 30
0.0
 10
-11.53121741795232
 20
45.35461639585667
 30
0.0
 10
-10.90570154428988
 20
44.23808491838196
 30
0.0
 10
-10.50674345389186
 20
43.19313522627154
 30
0.0
 10
-9.94517576955732
 20
43.01649376072492
 30
0.0
 10
-9.288400530802884
 20
43.65778783580712
 30
0.0
 10
-9.27470833336446
 20
44.68012762214352
 30
0.0
 10
-8.73161344758035
 20
45.44745987405751
 30
0.0
 10
-8.437410793258762
 20
45.64362123737716
 30
0.0
 10
-8.126544324659838
 20
45.52009392510791
 30
0.0
 10
-8.066001750224695
 20
45.28729914961723
 30
0.0
 10
-8.023224233296338
 20
45.122813536934
 30
0.0
  0
SPLINE
  5
2D5
330
1F
100
AcDbEntity
  8
0
  6
Continuous
 62
     7
100
AcDbSpline
210
0.0
220
0.0
230
1.0
 70
     8
 71
     3
 72
    11
 73
     7
 74
     0
 42
0.00000001
 43
0.00000001
 40
0.0
 40
0.0
 40
0.0
 40
0.0
 40
0.3565767766917557
 40
0.4126689440981727
 40
0.5579644035275815
 40
1.0
 40
1.0
 40
1.0
 40
1.0
 10
-8.0232173204422
 20
45.12281353693401
 30
0.0
 10
-7.423513517862535
 20
45.21655809220736
 30
0.0
 10
-6.729471866361084
 20
45.32504936019885
 30
0.0
 10
-6.27202939486562
 20
44.57873344565842
 30
0.0
 10
-6.883621021561183
 20
43.68641321811189
 30
0.0
 10
-7.325400590826942
 20
43.01470590735533
 30
0.0
 10
-7.657891599853988
 20
42.50916726985003
 30
0.0
  0
SPLINE
  5
2D6
330
1F
100
AcDbEntity
  8
0
  6
Continuous
 62
     7
100
AcDbSpline
210
0.0
220
0.0
230
1.0
 70
     8
 71
     3
 72
    14
 73
    10
 74
     0
 42
0.00000001
 43
0.00000001
 40
0.0
 40
0.0
 40
0.0
 40
0.0
 40
0.442280654700675
 40
0.6064873976468826
 40
0.7120799160014235
 40
0.7482957538623569
 40
0.7586915395085283
 40
0.7715905455439502
 40
1.0
 40
1.0
 40
1.0
 40
1.0
 10
-7.657889276742935
 20
42.50916726985003
 30
0.0
 10
-6.905843961715446
 20
42.97769866992859
 30
0.0
 10
-5.874584734851379
 20
43.62018299866736
 30
0.0
 10
-4.976878253071084
 20
44.8933139149222
 30
0.0
 10
-5.030021150748684
 20
45.47671200157516
 30
0.0
 10
-4.983128277496549
 20
45.84143182678571
 30
0.0
 10
-4.855949043671307
 20
45.87406738398633
 30
0.0
 10
-4.383083301442954
 20
45.63809445070756
 30
0.0
 10
-4.341056719118604
 20
45.077093830915
 30
0.0
 10
-4.301276643766888
 20
44.5460811790778
 30
0.0
  0
SPLINE
  5
2D7
330
1F
100
AcDbEntity
  8
0
  6
Continuous
 62
     7
100
AcDbSpline
210
0.0
220
0.0
230
1.0
 70
     8
 71
     3
 72
    14
 73
    10
 74
     0
 42
0.00000001
 43
0.00000001
 40
0.0
 40
0.0
 40
0.0
 40
0.0
 40
0.0611562488164075
 40
0.1155366795652332
 40
0.2431940951892513
 40
0.479377739921036
 40
0.6542482388451175
 40
0.7875380707858284
 40
1.0
 40
1.0
 40
1.0
 40
1.0
 10
-4.301276057958603
 20
44.54608117907781
 30
0.0
 10
-4.258882078166658
 20
44.39976260242339
 30
0.0
 10
-4.178791167531818
 20
44.12333684328122
 30
0.0
 10
-3.617182574354233
 20
43.83975728477466
 30
0.0
 10
-2.546739189954937
 20
44.15328450756059
 30
0.0
 10
-1.92710255103683
 20
45.39920386086694
 30
0.0
 10
-1.596769301498806
 20
46.63539220501681
 30
0.0
 10
-1.250987329439101
 20
47.83329144630097
 30
0.0
 10
-0.947158168278138
 20
48.60023902403078
 30
0.0
 10
-0.7604573702368946
 20
49.0715227028943
 30
0.0
  0
SPLINE
  5
2D8
330
1F
100
AcDbEntity
  8
0
  6
Continuous
 62
     7
100
AcDbSpline
210
0.0
220
0.0
230
1.0
 70
     8
 71
     3
 72
    18
 73
    14
 74
     0
 42
0.00000001
 43
0.00000001
 40
0.0
 40
0.0
 40
0.0
 40
0.0
 40
0.5579374144393728
 40
0.5784194590346202
 40
0.5842268812120462
 40
0.5892080137054292
 40
0.5995917968438146
 40
0.7581558188769884
 40
0.8537003353857046
 40
0.8902831561662099
 40
0.9033331506788228
 40
0.9150313695104692
 40
1.0
 40
1.0
 40
1.0
 40
1.0
 10
-0.7604570128023624
 20
49.07152270289429
 30
0.0
 10
-1.180117403723567
 20
47.6213259063877
 30
0.0
 10
-1.615183649529668
 20
46.11789196412028
 30
0.0
 10
-1.946856611804799
 20
44.56627959781974
 30
0.0
 10
-1.922009257660132
 20
44.47796063917649
 30
0.0
 10
-1.862125001716926
 20
44.45593940361936
 30
0.0
 10
-1.41589841876417
 20
44.66824908951897
 30
0.0
 10
-0.9607507192376705
 20
45.22349341544211
 30
0.0
 10
-0.4121602781937902
 20
45.80415924869458
 30
0.0
 10
-0.2124204687857348
 20
46.13123903775311
 30
0.0
 10
-0.1043764163499077
 20
46.27259569447838
 30
0.0
 10
0.2183123391348822
 20
46.27169186770792
 30
0.0
 10
0.3612549421365039
 20
46.00925055730627
 30
0.0
 10
0.4868992276485145
 20
45.77856879944101
 30
0.0
  0
SPLINE
  5
2D9
330
1F
100
AcDbEntity
  8
0
  6
Continuous
 62
     7
100
AcDbSpline
210
0.0
220
0.0
230
1.0
 70
     8
 71
     3
 72
     9
 73
     5
 74
     0
 42
0.00000001
 43
0.00000001
 40
0.0
 40
0.0
 40
0.0
 40
0.0
 40
0.6275269278315149
 40
0.9999999999999999
 40
0.9999999999999999
 40
0.9999999999999999
 40
0.9999999999999999
 10
0.4868991672992706
 20
45.77856879944102
 30
0.0
 10
0.533064478980806
 20
44.51984151984657
 30
0.0
 10
0.6066315398256122
 20
42.51398770900837
 30
0.0
 10
-0.5503710569368938
 20
40.91799845159925
 30
0.0
 10
-0.9813233686599391
 20
40.32353542974416
 30
0.0
  0
SPLINE
  5
2DA
330
1F
100
AcDbEntity
  8
0
  6
Continuous
 62
     7
100
AcDbSpline
210
0.0
220
0.0
230
1.0
 70
     8
 71
     3
 72
    16
 73
    12
 74
     0
 42
0.00000001
 43
0.00000001
 40
0.0
 40
0.0
 40
0.0
 40
0.0
 40
0.2083745924921333
 40
0.3588607960295825
 40
0.5219701525315961
 40
0.6703960866250679
 40
0.7443802355472734
 40
0.7723216541211261
 40
0.8110314625215301
 40
0.8599802229931546
 40
1.0
 40
1.0
 40
1.0
 40
1.0
 10
-0.9813224896788597
 20
40.32353542974416
 30
0.0
 10
-0.7113867968044799
 20
40.09804116566279
 30
0.0
 10
-0.246506043046779
 20
39.70969702955416
 30
0.0
 10
-0.5177541710635595
 20
38.8709842487125
 30
0.0
 10
-0.8595769955976341
 20
38.27194477415913
 30
0.0
 10
-1.102095615097725
 20
37.76924264501818
 30
0.0
 10
-1.273627701816617
 20
37.37490741698403
 30
0.0
 10
-1.127677049398993
 20
37.18466123856845
 30
0.0
 10
-0.935196654942381
 20
37.20103453025518
 30
0.0
 10
-0.6084779906669943
 20
37.28427418612072
 30
0.0
 10
-0.3474140965047319
 20
37.40949440357179
 30
0.0
 10
-0.1539739147003748
 20
37.50227866892202
 30
0.0
  0
SPLINE
  5
2DB
330
1F
100
AcDbEntity
  8
0
  6
Continuous
 62
     7
100
AcDbSpline
210
0.0
220
0.0
230
1.0
 70
     8
 71
     3
 72
    15
 73
    11
 74
     0
 42
0.00000001
 43
0.00000001
 40
0.0
 40
0.0
 40
0.0
 40
0.0
 40
0.4781484935917875
 40
0.6392700167039409
 40
0.7375949915523096
 40
0.7841877915667955
 40
0.8274446106103979
 40
0.8524457745876434
 40
0.8767118210934043
 40
1.0
 40
1.0
 40
1.0
 40
1.0
 10
-0.1539738150313497
 20
37.50227866892202
 30
0.0
 10
-0.3579123447575894
 20
37.13322490323658
 30
0.0
 10
-0.6305719663017983
 20
36.63981122502515
 30
0.0
 10
-1.003868654548702
 20
36.14329474682833
 30
0.0
 10
-1.084000878873923
 20
35.84222832044931
 30
0.0
 10
-0.9413211645756507
 20
35.72061577046696
 30
0.0
 10
-0.8406534662456797
 20
35.73014902996719
 30
0.0
 10
-0.7548115661753483
 20
35.72663180930271
 30
0.0
 10
-0.6599258512135057
 20
35.59204820862733
 30
0.0
 10
-0.7127855202421154
 20
35.4597723035351
 30
0.0
 10
-0.7569521465378402
 20
35.34924984708582
 30
0.0
  0
SPLINE
  5
2DC
330
1F
100
AcDbEntity
  8
0
  6
Continuous
 62
     7
100
AcDbSpline
210
0.0
220
0.0
230
1.0
 70
     8
 71
     3
 72
    11
 73
     7
 74
     0
 42
0.00000001
 43
0.00000001
 40
0.0
 40
0.0
 40
0.0
 40
0.0
 40
0.0647433757812359
 40
0.1466442046803192
 40
0.3663909192995138
 40
1.0
 40
1.0
 40
1.0
 40
1.0
 10
-0.7569519802927972
 20
35.34924984708582
 30
0.0
 10
-0.7878465038543403
 20
35.33170698406359
 30
0.0
 10
-0.8578228185273373
 20
35.29197227507339
 30
0.0
 10
-0.9847948883950878
 20
35.13448420299228
 30
0.0
 10
-1.271699603273172
 20
34.71610726717357
 30
0.0
 10
-1.489458604480272
 20
34.30426345786059
 30
0.0
 10
-1.651142724194253
 20
33.99847309604178
 30
0.0
  0
SPLINE
  5
2DD
330
1F
100
AcDbEntity
  8
0
  6
Continuous
 62
     7
100
AcDbSpline
210
0.0
220
0.0
230
1.0
 70
     8
 71
     3
 72
    17
 73
    13
 74
     0
 42
0.00000001
 43
0.00000001
 40
0.0
 40
0.0
 40
0.0
 40
0.0
 40
0.2242274866503048
 40
0.3505571899641146
 40
0.4194596218806678
 40
0.4555685309582709
 40
0.4804659426663518
 40
0.5144745858599239
 40
0.587382360697463
 40
0.6995715254126005
 40
0.8382547235032043
 40
1.0
 40
1.0
 40
1.0
 40
1.0
 10
28.9979875087738
 20
33.99847309604178
 30
0.0
 10
28.46099093279107
 20
34.39649192858371
 30
0.0
 10
27.62145063597437
 20
35.0187544601452
 30
0.0
 10
26.66744586424891
 20
35.7501418365619
 30
0.0
 10
26.05539316941814
 20
36.17634842404667
 30
0.0
 10
25.65572218972514
 20
36.04856007599049
 30
0.0
 10
25.39953499501172
 20
36.19666460356346
 30
0.0
 10
25.12252202331518
 20
36.4662577459217
 30
0.0
 10
24.66569670486546
 20
36.92939634582042
 30
0.0
 10
24.00959083966553
 20
37.61790112673734
 30
0.0
 10
23.01618324139238
 20
38.39010757610412
 30
0.0
 10
22.749567967327
 20
39.26272706906408
 30
0.0
 10
22.60602710862111
 20
39.73252967801833
 30
0.0
  0
SPLINE
  5
2DE
330
1F
100
AcDbEntity
  8
0
  6
Continuous
 62
     7
100
AcDbSpline
210
0.0
220
0.0
230
1.0
 70
     8
 71
     3
 72
    16
 73
    12
 74
     0
 42
0.00000001
 43
0.00000001
 40
0.0
 40
0.0
 40
0.0
 40
0.0
 40
0.0301612859398641
 40
0.0433242970072206
 40
0.0584054582071279
 40
0.1026239081296711
 40
0.2501751434124831
 40
0.4172703481781266
 40
0.5745702493537967
 40
0.8615679970459107
 40
1.0
 40
1.0
 40
1.0
 40
1.0
 10
22.6060152053833
 20
39.73252967801832
 30
0.0
 10
22.82194248387458
 20
39.81470288284744
 30
0.0
 10
23.13210490745191
 20
39.93273817945749
 30
0.0
 10
23.27842548613031
 20
40.37578976760755
 30
0.0
 10
22.98418607585476
 20
40.84737712655591
 30
0.0
 10
21.84096083318548
 20
41.7902583853102
 30
0.0
 10
21.11879218762009
 20
44.52679099990767
 30
0.0
 10
21.47389132824533
 20
47.87467992989809
 30
0.0
 10
21.87305023022709
 20
52.22946732121619
 30
0.0
 10
22.36406044547546
 20
56.6060128066873
 30
0.0
 10
24.32862232022904
 20
59.00334070809361
 30
0.0
 10
24.96787764930815
 20
59.78341521540137
 30
0.0
  0
SPLINE
  5
2DF
330
1F
100
AcDbEntity
  8
0
  6
Continuous
 62
     7
100
AcDbSpline
210
0.0
220
0.0
230
1.0
 70
     8
 71
     3
 72
    16
 73
    12
 74
     0
 42
0.00000001
 43
0.00000001
 40
0.0
 40
0.0
 40
0.0
 40
0.0
 40
0.2045951554231869
 40
0.3462971559989387
 40
0.4529111527592042
 40
0.5993789392973345
 40
0.7447897579280759
 40
0.7995828146318844
 40
0.86861196312154
 40
0.9150464008603503
 40
1.0
 40
1.0
 40
1.0
 40
1.0
 10
24.96786415576935
 20
59.78341521540137
 30
0.0
 10
25.08751168416613
 20
60.86322012661211
 30
0.0
 10
25.29002673746935
 20
62.6908947311868
 30
0.0
 10
26.24580461926547
 20
64.91446935337655
 30
0.0
 10
27.36117075708065
 20
66.66788400871592
 30
0.0
 10
27.46865088828367
 20
69.04140862412112
 30
0.0
 10
26.05011495889449
 20
70.31009559940728
 30
0.0
 10
25.31186211286657
 20
71.60170716368003
 30
0.0
 10
25.63139574053681
 20
72.54958898329883
 30
0.0
 10
25.0858918436894
 20
73.51926697576727
 30
0.0
 10
24.56530163325397
 20
73.976325846327
 30
0.0
 10
24.22869555324785
 20
74.27185348335738
 30
0.0
  0
SPLINE
  5
2E0
330
1F
100
AcDbEntity
  8
0
  6
Continuous
 62
     7
100
AcDbSpline
210
0.0
220
0.0
230
1.0
 70
     8
 71
     3
 72
     9
 73
     5
 74
     0
 42
0.00000001
 43
0.00000001
 40
0.0
 40
0.0
 40
0.0
 40
0.0
 40
0.5501928095934058
 40
1.0
 40
1.0
 40
1.0
 40
1.0
 10
24.38610792160034
 20
81.8109774521202
 30
0.0
 10
24.43040537370888
 20
82.4060745852636
 30
0.0
 10
24.51091797099504
 20
83.48769019849412
 30
0.0
 10
24.02274325366767
 20
84.45037655567265
 30
0.0
 10
23.8031587556391
 20
84.8833998012379
 30
0.0
  0
SPLINE
  5
2E1
330
1F
100
AcDbEntity
  8
0
  6
Continuous
 62
     7
100
AcDbSpline
210
0.0
220
0.0
230
1.0
 70
     8
 71
     3
 72
     9
 73
     5
 74
     0
 42
0.00000001
 43
0.00000001
 40
0.0
 40
0.0
 40
0.0
 40
0.0
 40
0.5592054811782886
 40
1.0
 40
1.0
 40
1.0
 40
1.0
 10
23.80314469337463
 20
87.59832482108895
 30
0.0
 10
23.81119476744125
 20
88.10979875980925
 30
0.0
 10
23.8255903238826
 20
89.02444276087046
 30
0.0
 10
23.53754913944023
 20
89.8905315731223
 30
0.0
 10
23.41058216414313
 20
90.27229877437571
 30
0.0
  0
SPLINE
  5
2E2
330
1F
100
AcDbEntity
  8
0
  6
Continuous
 62
     7
100
AcDbSpline
210
0.0
220
0.0
230
1.0
 70
     8
 71
     3
 72
     9
 73
     5
 74
     0
 42
0.00000001
 43
0.00000001
 40
0.0
 40
0.0
 40
0.0
 40
0.0
 40
0.6413754500735798
 40
1.0
 40
1.0
 40
1.0
 40
1.0
 10
23.7591415643692
 20
90.40697144450351
 30
0.0
 10
23.60446998792396
 20
91.58740702811846
 30
0.0
 10
23.36331392804125
 20
93.42788218737118
 30
0.0
 10
22.42911808523045
 20
95.01580627183723
 30
0.0
 10
22.09409252155929
 20
95.5852748319462
 30
0.0
  0
SPLINE
  5
2E3
330
1F
100
AcDbEntity
  8
0
  6
Continuous
 62
     7
100
AcDbSpline
210
0.0
220
0.0
230
1.0
 70
     8
 71
     3
 72
    12
 73
     8
 74
     0
 42
0.00000001
 43
0.00000001
 40
0.0
 40
0.0
 40
0.0
 40
0.0
 40
0.5282339056584114
 40
0.7987620801857355
 40
0.8997057780362423
 40
0.9394303278475525
 40
1.0
 40
1.0
 40
1.0
 40
1.0
 10
22.09408581256866
 20
95.5852748319462
 30
0.0
 10
21.80051630542015
 20
97.03470023160394
 30
0.0
 10
21.35659896558796
 20
99.22643013554033
 30
0.0
 10
19.811854958296
 20
100.9955245309346
 30
0.0
 10
19.10344891909801
 20
102.0192001195066
 30
0.0
 10
19.34526845353964
 20
102.5656234014833
 30
0.0
 10
19.16475849982583
 20
102.8006314086888
 30
0.0
 10
19.0557449544528
 20
102.942557410715
 30
0.0
  0
SPLINE
  5
2E4
330
1F
100
AcDbEntity
  8
0
  6
Continuous
 62
     7
100
AcDbSpline
210
0.0
220
0.0
230
1.0
 70
     8
 71
     3
 72
     9
 73
     5
 74
     0
 42
0.00000001
 43
0.00000001
 40
0.0
 40
0.0
 40
0.0
 40
0.0
 40
0.4551718497937451
 40
1.0
 40
1.0
 40
1.0
 40
1.0
 10
23.5021710395813
 20
102.5750397433873
 30
0.0
 10
24.07656346072154
 20
102.3424198346753
 30
0.0
 10
25.33848776777285
 20
101.8313603110746
 30
0.0
 10
26.04469536253189
 20
100.657796529246
 30
0.0
 10
26.42945714004606
 20
100.0184059448433
 30
0.0
  0
SPLINE
  5
2E5
330
1F
100
AcDbEntity
  8
0
  6
Continuous
 62
     7
100
AcDbSpline
210
0.0
220
0.0
230
1.0
 70
     8
 71
     3
 72
    10
 73
     6
 74
     0
 42
0.00000001
 43
0.00000001
 40
0.0
 40
0.0
 40
0.0
 40
0.0
 40
0.5846701689867649
 40
0.7403565698271081
 40
1.0
 40
1.0
 40
1.0
 40
1.0
 10
19.05573904514313
 20
102.942557410715
 30
0.0
 10
19.13153314618272
 20
103.983049332058
 30
0.0
 10
19.22750975596264
 20
105.3006042043262
 30
0.0
 10
20.04849798618415
 20
106.8697549143807
 30
0.0
 10
20.13984336213526
 20
107.5994679457569
 30
0.0
 10
20.19694792090128
 20
108.0556480232779
 30
0.0
  0
SPLINE
  5
2E6
330
1F
100
AcDbEntity
  8
0
  6
Continuous
 62
     7
100
AcDbSpline
210
0.0
220
0.0
230
1.0
 70
     8
 71
     3
 72
    12
 73
     8
 74
     0
 42
0.00000001
 43
0.00000001
 40
0.0
 40
0.0
 40
0.0
 40
0.0
 40
0.4432328191008919
 40
0.6068482717845972
 40
0.666436200779433
 40
0.7223316562992461
 40
0.9999999999999999
 40
0.9999999999999999
 40
0.9999999999999999
 40
0.9999999999999999
 10
20.19694447517395
 20
108.0556480232779
 30
0.0
 10
20.35665677767891
 20
107.8576074311704
 30
0.0
 10
20.57532545603736
 20
107.586461916027
 30
0.0
 10
20.80690512644842
 20
107.276464413037
 30
0.0
 10
20.95461625694628
 20
107.1958525523754
 30
0.0
 10
21.19137280497399
 20
107.2424329920296
 30
0.0
 10
21.2702848623631
 20
107.4423073090084
 30
0.0
 10
21.33597358615283
 20
107.6086885850146
 30
0.0
  0
SPLINE
  5
2E7
330
1F
100
AcDbEntity
  8
0
  6
Continuous
 62
     7
100
AcDbSpline
210
0.0
220
0.0
230
1.0
 70
     8
 71
     3
 72
    17
 73
    13
 74
     0
 42
0.00000001
 43
0.00000001
 40
0.0
 40
0.0
 40
0.0
 40
0.0
 40
0.1693610022870726
 40
0.2268737417543084
 40
0.2522776501526889
 40
0.2764762987360407
 40
0.3252081130382771
 40
0.4281964648855208
 40
0.4380330335877821
 40
0.4455627828402017
 40
0.470072941673734
 40
1.0
 40
1.0
 40
1.0
 40
1.0
 10
22.40289747714996
 20
106.7147697084881
 30
0.0
 10
22.41147433978213
 20
106.3913605262817
 30
0.0
 10
22.42296379066866
 20
105.9581258955578
 30
0.0
 10
22.57839603028841
 20
105.4595023061753
 30
0.0
 10
22.77791261108863
 20
105.3566346746925
 30
0.0
 10
22.9702482052808
 20
105.40012688035
 30
0.0
 10
23.27980743540625
 20
105.5402935343609
 30
0.0
 10
23.52373156927559
 20
105.7454558945537
 30
0.0
 10
23.75796936021126
 20
105.805122104371
 30
0.0
 10
23.83683386955101
 20
105.762578099617
 30
0.0
 10
23.63802884601558
 20
104.5021426655826
 30
0.0
 10
23.56856804022197
 20
103.5168118081236
 30
0.0
 10
23.50217790740992
 20
102.5750397433872
 30
0.0
  0
SPLINE
  5
2E8
330
1F
100
AcDbEntity
  8
0
  6
Continuous
 62
     7
100
AcDbSpline
210
0.0
220
0.0
230
1.0
 70
     8
 71
     3
 72
    11
 73
     7
 74
     0
 42
0.00000001
 43
0.00000001
 40
0.0
 40
0.0
 40
0.0
 40
0.0
 40
0.5684058479854607
 40
0.6590431292932778
 40
0.7570430248909045
 40
1.0
 40
1.0
 40
1.0
 40
1.0
 10
26.4294445514679
 20
100.0184059448433
 30
0.0
 10
26.75462048670528
 20
100.7068023322842
 30
0.0
 10
27.13164856741425
 20
101.504969541473
 30
0.0
 10
28.08597085495908
 20
102.0629794579433
 30
0.0
 10
28.61179852810202
 20
101.6950965159945
 30
0.0
 10
29.07308090041109
 20
101.8113229321269
 30
0.0
 10
29.40177869029596
 20
101.8941428454865
 30
0.0
  0
SPLINE
  5
2E9
330
1F
100
AcDbEntity
  8
0
  6
Continuous
 62
     7
100
AcDbSpline
210
0.0
220
0.0
230
1.0
 70
     8
 71
     3
 72
    19
 73
    15
 74
     0
 42
0.00000001
 43
0.00000001
 40
0.0
 40
0.0
 40
0.0
 40
0.0
 40
0.1299220102538678
 40
0.1638008441279541
 40
0.1800833231768477
 40
0.1906307817822663
 40
0.2043981502301997
 40
0.3355042815692021
 40
0.4730222830818388
 40
0.612884661213672
 40
0.6675452629397052
 40
0.7225388997375656
 40
0.844679797764285
 40
1.0
 40
1.0
 40
1.0
 40
1.0
 10
29.40176427364349
 20
101.8941428454865
 30
0.0
 10
29.41942746891598
 20
101.4371937097566
 30
0.0
 10
29.44169656935537
 20
100.8610892143764
 30
0.0
 10
29.54382394870208
 20
100.2543690658614
 30
0.0
 10
29.63524198749984
 20
100.0427424990799
 30
0.0
 10
29.78631242363942
 20
100.0053968152299
 30
0.0
 10
30.29355168894941
 20
100.2290503522017
 30
0.0
 10
31.10438312832377
 20
100.776614552629
 30
0.0
 10
32.3550356649915
 20
101.4527129999483
 30
0.0
 10
33.44931471294156
 20
101.9095747778164
 30
0.0
 10
34.35482377231641
 20
101.8273905375229
 30
0.0
 10
34.98478788940669
 20
101.2480779747296
 30
0.0
 10
35.23178132290634
 20
100.0596206197942
 30
0.0
 10
35.24291838333407
 20
99.09915664119215
 30
0.0
 10
35.2491528085429
 20
98.56149763509907
 30
0.0
  0
SPLINE
  5
2EA
330
1F
100
AcDbEntity
  8
0
  6
Continuous
 62
     7
100
AcDbSpline
210
0.0
220
0.0
230
1.0
 70
     8
 71
     3
 72
    14
 73
    10
 74
     0
 42
0.00000001
 43
0.00000001
 40
0.0
 40
0.0
 40
0.0
 40
0.0
 40
0.2319476795485599
 40
0.4724447033627874
 40
0.6952237912811997
 40
0.8198046142088143
 40
0.9177154148251235
 40
0.975907123090042
 40
1.0
 40
1.0
 40
1.0
 40
1.0
 10
35.24914383888245
 20
98.5614976350991
 30
0.0
 10
35.35526308120608
 20
93.62641712193881
 30
0.0
 10
35.57141300802685
 20
83.57435428755568
 30
0.0
 10
35.83158298786722
 20
68.78016935832954
 30
0.0
 10
36.12495400512145
 20
56.27531403635615
 30
0.0
 10
36.41107144540727
 20
46.79826944705622
 30
0.0
 10
36.7678471487934
 20
40.84457497271226
 30
0.0
 10
36.97570082593104
 20
36.99784796614031
 30
0.0
 10
37.38759803710492
 20
35.2937430903322
 30
0.0
 10
37.50820129210433
 20
34.79478221051192
 30
0.0
  0
SPLINE
  5
2EB
330
1F
100
AcDbEntity
  8
0
  6
Continuous
 62
     7
100
AcDbSpline
210
0.0
220
0.0
230
1.0
 70
     8
 71
     3
 72
    24
 73
    20
 74
     0
 42
0.00000001
 43
0.00000001
 40
0.0
 40
0.0
 40
0.0
 40
0.0
 40
0.0134366644618588
 40
0.0308709886077361
 40
0.0756155911226719
 40
0.1908073629077714
 40
0.319954298413843
 40
0.4609893407833199
 40
0.5868094026375811
 40
0.7033019870599885
 40
0.8015891187997958
 40
0.8727908593680068
 40
0.9034769003099969
 40
0.9166191421528426
 40
0.9286238853371146
 40
0.937172660379352
 40
0.9489759285352345
 40
0.9685640488548555
 40
1.0
 40
1.0
 40
1.0
 40
1.0
 10
37.50818967819214
 20
34.7947822105119
 30
0.0
 10
37.62183242983385
 20
35.09683879027498
 30
0.0
 10
37.88292878311721
 20
35.79081944739622
 30
0.0
 10
38.14852817351774
 20
37.591251488531
 30
0.0
 10
38.63017069576721
 20
41.80728190868248
 30
0.0
 10
39.01969948410252
 20
48.7305044379402
 30
0.0
 10
39.41089164300359
 20
57.95215967209652
 30
0.0
 10
39.68776874650068
 20
67.43646654533697
 30
0.0
 10
39.89809242959333
 20
76.61830399246819
 30
0.0
 10
40.04217906314165
 20
84.7762870143055
 30
0.0
 10
40.14856179832935
 20
91.62936358637602
 30
0.0
 10
40.18907314870726
 20
96.41970930136661
 30
0.0
 10
40.23894430150246
 20
99.1827523649133
 30
0.0
 10
40.22163676639715
 20
100.5108174641956
 30
0.0
 10
40.37694497318465
 20
101.3394005157199
 30
0.0
 10
40.99340816509847
 20
101.8953298873365
 30
0.0
 10
42.00649656084458
 20
101.9190559816006
 30
0.0
 10
43.42974510110169
 20
101.4062306915078
 30
0.0
 10
44.47634986621718
 20
100.7678003573789
 30
0.0
 10
45.12116348692492
 20
100.3744631693202
 30
0.0
  0
SPLINE
  5
2EC
330
1F
100
AcDbEntity
  8
0
  6
Continuous
 62
     7
100
AcDbSpline
210
0.0
220
0.0
230
1.0
 70
     8
 71
     3
 72
    18
 73
    14
 74
     0
 42
0.00000001
 43
0.00000001
 40
0.0
 40
0.0
 40
0.0
 40
0.0
 40
0.0600749344791338
 40
0.0677676167902263
 40
0.2243907704109977
 40
0.3201617631150534
 40
0.3741013614638298
 40
0.3992078176928722
 40
0.4267331835762291
 40
0.472383542599758
 40
0.5387718050544079
 40
0.6553963195352038
 40
0.9999999999999999
 40
0.9999999999999999
 40
0.9999999999999999
 40
0.9999999999999999
 10
45.12116312980652
 20
100.3744631693202
 30
0.0
 10
45.33730128116176
 20
100.1966364192193
 30
0.0
 10
45.58111623563128
 20
99.99603869638567
 30
0.0
 10
46.23218948033988
 20
100.5448884278139
 30
0.0
 10
45.8733546556662
 20
101.746794295912
 30
0.0
 10
45.97620487576808
 20
102.7330178525522
 30
0.0
 10
45.8451704197136
 20
103.5065635909302
 30
0.0
 10
45.4121600573876
 20
103.5601065054366
 30
0.0
 10
45.08036984389771
 20
103.4238238789145
 30
0.0
 10
44.66402630591771
 20
103.050886557112
 30
0.0
 10
43.79667186509971
 20
103.4380629404054
 30
0.0
 10
42.05644673084781
 20
104.0687735174855
 30
0.0
 10
40.36334725633341
 20
104.3456575772372
 30
0.0
 10
39.09835886944718
 20
104.5525297223014
 30
0.0
  0
SPLINE
  5
2ED
330
1F
100
AcDbEntity
  8
0
  6
Continuous
 62
     7
100
AcDbSpline
210
0.0
220
0.0
230
1.0
 70
     8
 71
     3
 72
     9
 73
     5
 74
     0
 42
0.00000001
 43
0.00000001
 40
0.0
 40
0.0
 40
0.0
 40
0.0
 40
0.5414648669347325
 40
1.0
 40
1.0
 40
1.0
 40
1.0
 10
39.0983521938324
 20
106.3845116454972
 30
0.0
 10
39.53710364104693
 20
106.6619453246695
 30
0.0
 10
40.34740819450457
 20
107.1743214659748
 30
0.0
 10
40.76723104954006
 20
108.031854779611
 30
0.0
 10
40.95973457823762
 20
108.4250639316871
 30
0.0
  0
SPLINE
  5
2EE
330
1F
100
AcDbEntity
  8
0
  6
Continuous
 62
     7
100
AcDbSpline
210
0.0
220
0.0
230
1.0
 70
     8
 71
     3
 72
     9
 73
     5
 74
     0
 42
0.00000001
 43
0.00000001
 40
0.0
 40
0.0
 40
0.0
 40
0.0
 40
0.5583518262223459
 40
1.0
 40
1.0
 40
1.0
 40
1.0
 10
40.95971584320068
 20
110.2511172213208
 30
0.0
 10
41.04389698543579
 20
110.3985507475595
 30
0.0
 10
41.194664186834
 20
110.6626020487545
 30
0.0
 10
41.03170514254737
 20
110.9117218915076
 30
0.0
 10
40.95973457823762
 20
111.0217452151112
 30
0.0
  0
SPLINE
  5
2EF
330
1F
100
AcDbEntity
  8
0
  6
Continuous
 62
     7
100
AcDbSpline
210
0.0
220
0.0
230
1.0
 70
     8
 71
     3
 72
    11
 73
     7
 74
     0
 42
0.00000001
 43
0.00000001
 40
0.0
 40
0.0
 40
0.0
 40
0.0
 40
0.1551763514199459
 40
0.2222230650403031
 40
0.5751887726611111
 40
1.0
 40
1.0
 40
1.0
 40
1.0
 10
40.95971584320068
 20
112.1776872057968
 30
0.0
 10
40.91293119741525
 20
112.2799460703329
 30
0.0
 10
40.84593240998322
 20
112.4263877033319
 30
0.0
 10
40.52150602581307
 20
112.7086914104485
 30
0.0
 10
40.93717094785392
 20
113.521915417178
 30
0.0
 10
40.25833014948562
 20
113.6926832473716
 30
0.0
 10
39.88755649992054
 20
113.7859543232724
 30
0.0
  0
SPLINE
  5
2F0
330
1F
100
AcDbEntity
  8
0
  6
Continuous
 62
     7
100
AcDbSpline
210
0.0
220
0.0
230
1.0
 70
     8
 71
     3
 72
     9
 73
     5
 74
     0
 42
0.00000001
 43
0.00000001
 40
0.0
 40
0.0
 40
0.0
 40
0.0
 40
0.4362430269505446
 40
0.9999999999999999
 40
0.9999999999999999
 40
0.9999999999999999
 40
0.9999999999999999
 10
39.88754749298096
 20
113.7859543232725
 30
0.0
 10
39.73519627651002
 20
113.7797532444764
 30
0.0
 10
39.3859615448149
 20
113.7655385099983
 30
0.0
 10
39.03786879305195
 20
113.7986062087913
 30
0.0
 10
38.8416290769776
 20
113.8172483545685
 30
0.0
  0
SPLINE
  5
2F1
330
1F
100
AcDbEntity
  8
0
  6
Continuous
 62
     7
100
AcDbSpline
210
0.0
220
0.0
230
1.0
 70
     8
 71
     3
 72
    10
 73
     6
 74
     0
 42
0.00000001
 43
0.00000001
 40
0.0
 40
0.0
 40
0.0
 40
0.0
 40
0.5371819860832954
 40
0.7252776635419674
 40
1.0
 40
1.0
 40
1.0
 40
1.0
 10
38.8416051864624
 20
122.6057961699073
 30
0.0
 10
38.94090828232265
 20
122.6831636899638
 30
0.0
 10
39.07498261693154
 20
122.7876216495275
 30
0.0
 10
38.99774608417921
 20
122.9972620685818
 30
0.0
 10
38.91177190047637
 20
123.0394109999729
 30
0.0
 10
38.86073882070913
 20
123.064430019464
 30
0.0
  0
SPLINE
  5
2F2
330
1F
100
AcDbEntity
  8
0
  6
Continuous
 62
     7
100
AcDbSpline
210
0.0
220
0.0
230
1.0
 70
     8
 71
     3
 72
    19
 73
    15
 74
     0
 42
0.00000001
 43
0.00000001
 40
0.0
 40
0.0
 40
0.0
 40
0.0
 40
0.1898719005924862
 40
0.2033092551271764
 40
0.2167357099564232
 40
0.2593764998439571
 40
0.3572843152776212
 40
0.493162570945434
 40
0.5324336212784101
 40
0.6069912833650295
 40
0.7631166769983763
 40
0.7941346484907663
 40
0.8395229996068712
 40
1.0
 40
1.0
 40
1.0
 40
1.0
 10
38.8607382774353
 20
123.0644300194639
 30
0.0
 10
39.24163081841846
 20
123.6680226206458
 30
0.0
 10
39.64947936551332
 20
124.3143318520993
 30
0.0
 10
39.97021656547967
 20
125.1136074051819
 30
0.0
 10
39.85946190645139
 20
125.3731009994711
 30
0.0
 10
39.37836324269313
 20
125.7380331568207
 30
0.0
 10
38.72530357064858
 20
126.4356748629645
 30
0.0
 10
38.13869733305738
 20
127.8708335282994
 30
0.0
 10
37.2119746496765
 20
127.3165342345299
 30
0.0
 10
36.7465032402507
 20
126.4158281972694
 30
0.0
 10
35.62575715580237
 20
125.9279450967875
 30
0.0
 10
35.57625983277978
 20
124.9796052781731
 30
0.0
 10
36.20310018001521
 20
124.2660953525121
 30
0.0
 10
36.34756589493648
 20
123.4780599016019
 30
0.0
 10
36.46018039961273
 20
122.8637672853924
 30
0.0
  0
SPLINE
  5
2F3
330
1F
100
AcDbEntity
  8
0
  6
Continuous
 62
     7
100
AcDbSpline
210
0.0
220
0.0
230
1.0
 70
     8
 71
     3
 72
     9
 73
     5
 74
     0
 42
0.00000001
 43
0.00000001
 40
0.0
 40
0.0
 40
0.0
 40
0.0
 40
0.6029131608749422
 40
1.0
 40
1.0
 40
1.0
 40
1.0
 10
36.46016120910645
 20
122.8637672853924
 30
0.0
 10
36.44049131756403
 20
122.7548865798012
 30
0.0
 10
36.40786656690529
 20
122.5742955549955
 30
0.0
 10
36.56938710936032
 20
122.5105286874502
 30
0.0
 10
36.63352479101755
 20
122.4852077035757
 30
0.0
  0
SPLINE
  5
2F4
330
1F
100
AcDbEntity
  8
0
  6
Continuous
 62
     7
100
AcDbSpline
210
0.0
220
0.0
230
1.0
 70
     8
 71
     3
 72
     9
 73
     5
 74
     0
 42
0.00000001
 43
0.00000001
 40
0.0
 40
0.0
 40
0.0
 40
0.0
 40
0.5743716792361426
 40
1.0
 40
1.0
 40
1.0
 40
1.0
 10
36.46016120910645
 20
114.4876366693053
 30
0.0
 10
35.91068847594491
 20
114.1944743548487
 30
0.0
 10
34.95403836065324
 20
113.6840691154287
 30
0.0
 10
34.87545996666143
 20
112.627424906211
 30
0.0
 10
34.84201477677839
 20
112.1776872057968
 30
0.0
  0
SPLINE
  5
2F5
330
1F
100
AcDbEntity
  8
0
  6
Continuous
 62
     7
100
AcDbSpline
210
0.0
220
0.0
230
1.0
 70
     8
 71
     3
 72
     9
 73
     5
 74
     0
 42
0.00000001
 43
0.00000001
 40
0.0
 40
0.0
 40
0.0
 40
0.0
 40
0.4944963137333714
 40
1.0
 40
1.0
 40
1.0
 40
1.0
 10
34.84201431274415
 20
112.1776872057968
 30
0.0
 10
34.37408306784518
 20
111.9375293116841
 30
0.0
 10
33.42780453774623
 20
111.4518676647862
 30
0.0
 10
32.37605449947304
 20
111.2919852800275
 30
0.0
 10
31.84439097809486
 20
111.2111641451629
 30
0.0
  0
SPLINE
  5
2F6
330
1F
100
AcDbEntity
  8
0
  6
Continuous
 62
     7
100
AcDbSpline
210
0.0
220
0.0
230
1.0
 70
     8
 71
     3
 72
    10
 73
     6
 74
     0
 42
0.00000001
 43
0.00000001
 40
0.0
 40
0.0
 40
0.0
 40
0.0
 40
0.1505385043845677
 40
0.3346695445912956
 40
0.9999999999999999
 40
0.9999999999999999
 40
0.9999999999999999
 40
0.9999999999999999
 10
31.8443775177002
 20
111.2111641451629
 30
0.0
 10
31.82463587301706
 20
111.3290237977031
 30
0.0
 10
31.78074725287567
 20
111.5910433813477
 30
0.0
 10
31.01037520692976
 20
111.8977170992434
 30
0.0
 10
30.38346766185812
 20
111.833276417736
 30
0.0
 10
29.89244989988237
 20
111.7828040323537
 30
0.0
  0
SPLINE
  5
2F7
330
1F
100
AcDbEntity
  8
0
  6
Continuous
 62
     7
100
AcDbSpline
210
0.0
220
0.0
230
1.0
 70
     8
 71
     3
 72
     9
 73
     5
 74
     0
 42
0.00000001
 43
0.00000001
 40
0.0
 40
0.0
 40
0.0
 40
0.0
 40
0.5162703792853777
 40
1.0
 40
1.0
 40
1.0
 40
1.0
 10
29.8924446105957
 20
111.7828040323537
 30
0.0
 10
29.74717393219006
 20
112.3862863726408
 30
0.0
 10
29.46578905280431
 20
113.5552132847802
 30
0.0
 10
29.49023598095693
 20
114.7568553981972
 30
0.0
 10
29.50206168423983
 20
115.3381252819551
 30
0.0
  0
SPLINE
  5
2F8
330
1F
100
AcDbEntity
  8
0
  6
Continuous
 62
     7
100
AcDbSpline
210
0.0
220
0.0
230
1.0
 70
     8
 71
     3
 72
     9
 73
     5
 74
     0
 42
0.00000001
 43
0.00000001
 40
0.0
 40
0.0
 40
0.0
 40
0.0
 40
0.6152605437616497
 40
1.0
 40
1.0
 40
1.0
 40
1.0
 10
29.50204908847809
 20
115.3381252819551
 30
0.0
 10
28.99788847128282
 20
114.8474771103539
 30
0.0
 10
28.17846225858784
 20
114.0500130496792
 30
0.0
 10
27.98526334244197
 20
112.9398618313524
 30
0.0
 10
27.91093209649816
 20
112.5127428552709
 30
0.0
  0
SPLINE
  5
2F9
330
1F
100
AcDbEntity
  8
0
  6
Continuous
 62
     7
100
AcDbSpline
210
0.0
220
0.0
230
1.0
 70
     8
 71
     3
 72
    10
 73
     6
 74
     0
 42
0.00000001
 43
0.00000001
 40
0.0
 40
0.0
 40
0.0
 40
0.0
 40
0.2676451921291911
 40
0.5160990519443159
 40
1.0
 40
1.0
 40
1.0
 40
1.0
 10
24.93399381637573
 20
116.2691674428366
 30
0.0
 10
24.87410861519973
 20
117.2002316188519
 30
0.0
 10
24.75863224401382
 20
118.9955985922622
 30
0.0
 10
22.77289880821783
 20
121.9448249052393
 30
0.0
 10
20.65442943460872
 20
123.3272023435844
 30
0.0
 10
19.25465800237525
 20
124.2406035335496
 30
0.0
  0
SPLINE
  5
2FA
330
1F
100
AcDbEntity
  8
0
  6
Continuous
 62
     7
100
AcDbSpline
210
0.0
220
0.0
230
1.0
 70
     8
 71
     3
 72
     9
 73
     5
 74
     0
 42
0.00000001
 43
0.00000001
 40
0.0
 40
0.0
 40
0.0
 40
0.0
 40
0.5371165565417185
 40
1.0
 40
1.0
 40
1.0
 40
1.0
 10
19.2546546459198
 20
124.2406035335496
 30
0.0
 10
19.10756830771968
 20
124.7183110784567
 30
0.0
 10
18.83372395045923
 20
125.6077037793313
 30
0.0
 10
18.1713548601495
 20
126.2574118405676
 30
0.0
 10
17.8647551747866
 20
126.5581509451953
 30
0.0
  0
SPLINE
  5
2FB
330
1F
100
AcDbEntity
  8
0
  6
Continuous
 62
     7
100
AcDbSpline
210
0.0
220
0.0
230
1.0
 70
     8
 71
     3
 72
     9
 73
     5
 74
     0
 42
0.00000001
 43
0.00000001
 40
0.0
 40
0.0
 40
0.0
 40
0.0
 40
0.5038612050840325
 40
1.0
 40
1.0
 40
1.0
 40
1.0
 10
16.22429490089417
 20
125.1914544235664
 30
0.0
 10
16.10559254839927
 20
125.361212298903
 30
0.0
 10
15.87000713063508
 20
125.6981262617635
 30
0.0
 10
15.5337588684869
 20
125.9345507442212
 30
0.0
 10
15.36693306091212
 20
126.0518501020363
 30
0.0
  0
SPLINE
  5
2FC
330
1F
100
AcDbEntity
  8
0
  6
Continuous
 62
     7
100
AcDbSpline
210
0.0
220
0.0
230
1.0
 70
     8
 71
     3
 72
     9
 73
     5
 74
     0
 42
0.00000001
 43
0.00000001
 40
0.0
 40
0.0
 40
0.0
 40
0.0
 40
0.6327275206452426
 40
0.9999999999999999
 40
0.9999999999999999
 40
0.9999999999999999
 40
0.9999999999999999
 10
6.080016493797302
 20
34.32558590944282
 30
0.0
 10
5.904309049892619
 20
34.56174800774108
 30
0.0
 10
5.626610612300552
 20
34.9349925570811
 30
0.0
 10
5.527677837963345
 20
35.38585769628776
 30
0.0
 10
5.491342552643074
 20
35.55144805381882
 30
0.0
  0
SPLINE
  5
2FD
330
1F
100
AcDbEntity
  8
0
  6
Continuous
 62
     7
100
AcDbSpline
210
0.0
220
0.0
230
1.0
 70
     8
 71
     3
 72
    10
 73
     6
 74
     0
 42
0.00000001
 43
0.00000001
 40
0.0
 40
0.0
 40
0.0
 40
0.0
 40
0.2114698873178916
 40
0.3875553401441696
 40
1.0
 40
1.0
 40
1.0
 40
1.0
 10
5.491342395544052
 20
35.55144805381882
 30
0.0
 10
5.599265679033689
 20
35.59719755782481
 30
0.0
 10
5.797053862366984
 20
35.68104147911
 30
0.0
 10
5.887123898391635
 20
36.25231328600745
 30
0.0
 10
5.562008439015712
 20
36.55569243153612
 30
0.0
 10
5.309494015369814
 20
36.79132444431832
 30
0.0
  0
LWPOLYLINE
  5
2FE
330
1F
100
AcDbEntity
  8
0
  6
Continuous
 62
     7
100
AcDbPolyline
 90
        3
 70
   128
 43
0.0
 10
5.3094923496
 20
36.7913244443
 10
5.3465249902
 20
36.9209328563
 10
5.3756207562
 20
37.0227680372
  0
SPLINE
  5
2FF
330
1F
100
AcDbEntity
  8
0
  6
Continuous
 62
     7
100
AcDbSpline
210
0.0
220
0.0
230
1.0
 70
     8
 71
     3
 72
    15
 73
    11
 74
     0
 42
0.00000001
 43
0.00000001
 40
0.0
 40
0.0
 40
0.0
 40
0.0
 40
0.0799810766483878
 40
0.1156837717785833
 40
0.1460020352293478
 40
0.1788767968838804
 40
0.3188845229280489
 40
0.4738590149726018
 40
0.7441931763870349
 40
1.0
 40
1.0
 40
1.0
 40
1.0
 10
5.375619977712631
 20
37.02276803721155
 30
0.0
 10
5.461232080646929
 20
36.94388505976701
 30
0.0
 10
5.585060508474621
 20
36.82978956690403
 30
0.0
 10
5.802599071578262
 20
36.76981517458911
 30
0.0
 10
5.937663663028766
 20
36.85056705237614
 30
0.0
 10
6.04811022351661
 20
37.13409659912014
 30
0.0
 10
5.93478752961225
 20
37.62610126974941
 30
0.0
 10
5.704147982614654
 20
38.36411262134197
 30
0.0
 10
5.194706902967983
 20
39.46781928760129
 30
0.0
 10
5.960280939384742
 20
39.8936596941297
 30
0.0
 10
6.332498782262216
 20
40.10070093375945
 30
0.0
  0
SPLINE
  5
300
330
1F
100
AcDbEntity
  8
0
  6
Continuous
 62
     7
100
AcDbSpline
210
0.0
220
0.0
230
1.0
 70
     8
 71
     3
 72
    11
 73
     7
 74
     0
 42
0.00000001
 43
0.00000001
 40
0.0
 40
0.0
 40
0.0
 40
0.0
 40
0.1377551076786954
 40
0.3348784375568793
 40
0.6196972220080071
 40
1.0
 40
1.0
 40
1.0
 40
1.0
 10
6.332498043775558
 20
40.10070093375945
 30
0.0
 10
5.933914439763988
 20
40.62696593620951
 30
0.0
 10
4.964969935299514
 20
41.90630000034017
 30
0.0
 10
5.2267088704679
 20
44.96380397470199
 30
0.0
 10
5.88495398765974
 20
48.85667814555899
 30
0.0
 10
6.665022048014869
 20
51.87321106828054
 30
0.0
 10
7.111048860446242
 20
53.5980023172688
 30
0.0
  0
SPLINE
  5
301
330
1F
100
AcDbEntity
  8
0
  6
Continuous
 62
     7
100
AcDbSpline
210
0.0
220
0.0
230
1.0
 70
     8
 71
     3
 72
    14
 73
    10
 74
     0
 42
0.00000001
 43
0.00000001
 40
0.0
 40
0.0
 40
0.0
 40
0.0
 40
0.0838265431184201
 40
0.194275987008105
 40
0.4848786936946931
 40
0.5018704792144747
 40
0.5181858321082027
 40
0.6424202111154242
 40
1.0
 40
1.0
 40
1.0
 40
1.0
 10
7.111046463251114
 20
53.59800231726879
 30
0.0
 10
7.214407814420936
 20
53.53343261219102
 30
0.0
 10
7.453957577180941
 20
53.3837861789952
 30
0.0
 10
7.480443751490887
 20
52.6305431987653
 30
0.0
 10
7.179043370000176
 20
52.15562440844634
 30
0.0
 10
7.17368117134823
 20
51.67473287833547
 30
0.0
 10
7.375831685059357
 20
51.54207890150492
 30
0.0
 10
8.041342888844614
 20
52.0948496822058
 30
0.0
 10
8.46919849923742
 20
52.53081244919352
 30
0.0
 10
8.786732787419037
 20
52.8543634872693
 30
0.0
  0
SPLINE
  5
302
330
1F
100
AcDbEntity
  8
0
  6
Continuous
 62
     7
100
AcDbSpline
210
0.0
220
0.0
230
1.0
 70
     8
 71
     3
 72
    21
 73
    17
 74
     0
 42
0.00000001
 43
0.00000001
 40
0.0
 40
0.0
 40
0.0
 40
0.0
 40
0.1113745863800502
 40
0.2309170604226683
 40
0.293344434940138
 40
0.3135668594288467
 40
0.3345268377428421
 40
0.4474706335434501
 40
0.5029735469817768
 40
0.5447399062459922
 40
0.5873331797805553
 40
0.624274220841238
 40
0.7259384128432337
 40
0.7795655466914926
 40
0.8180567768879083
 40
1.0
 40
1.0
 40
1.0
 40
1.0
 10
8.786730468273163
 20
52.8543634872693
 30
0.0
 10
9.066391514269933
 20
52.84682230214227
 30
0.0
 10
9.646223132552553
 20
52.83118688334311
 30
0.0
 10
10.06773712405576
 20
53.46623845023224
 30
0.0
 10
10.36174716426054
 20
53.83548110642477
 30
0.0
 10
10.60250645959516
 20
53.94090685517862
 30
0.0
 10
10.95010726433051
 20
53.76159297587716
 30
0.0
 10
11.12746505858544
 20
53.33919375010256
 30
0.0
 10
11.45543998471948
 20
52.93638107865461
 30
0.0
 10
11.81268803889322
 20
52.88835274486264
 30
0.0
 10
12.06521592301957
 20
53.02657094383891
 30
0.0
 10
12.53333236554736
 20
53.03739254230953
 30
0.0
 10
12.70645908279154
 20
52.51122128686126
 30
0.0
 10
12.9060981577586
 20
52.08318999166341
 30
0.0
 10
13.5939494849715
 20
51.90988353287172
 30
0.0
 10
13.95782425925965
 20
52.39193384350582
 30
0.0
 10
14.25816092736893
 20
52.78981079015627
 30
0.0
  0
SPLINE
  5
303
330
1F
100
AcDbEntity
  8
0
  6
Continuous
 62
     7
100
AcDbSpline
210
0.0
220
0.0
230
1.0
 70
     8
 71
     3
 72
    15
 73
    11
 74
     0
 42
0.00000001
 43
0.00000001
 40
0.0
 40
0.0
 40
0.0
 40
0.0
 40
0.2306354428073204
 40
0.4895648876419727
 40
0.6988222461314245
 40
0.7596431651453871
 40
0.7853968385463947
 40
0.8031349509662397
 40
0.8342112038813412
 40
1.0
 40
1.0
 40
1.0
 40
1.0
 10
14.25815373659134
 20
52.78981079015627
 30
0.0
 10
14.51869739395422
 20
51.66896910552118
 30
0.0
 10
15.07174780455069
 20
49.28978259921632
 30
0.0
 10
15.4707081487102
 20
45.8628610968622
 30
0.0
 10
16.17980203895576
 20
43.22750733762604
 30
0.0
 10
15.23285823761168
 20
41.74617473267444
 30
0.0
 10
15.58404213682181
 20
41.31615359751346
 30
0.0
 10
15.7557656469666
 20
40.9746735366529
 30
0.0
 10
15.38685799114986
 20
39.89030197020097
 30
0.0
 10
14.7741497411874
 20
39.13797466437607
 30
0.0
 10
14.25816092736893
 20
38.5044064462892
 30
0.0
  0
SPLINE
  5
304
330
1F
100
AcDbEntity
  8
0
  6
Continuous
 62
     7
100
AcDbSpline
210
0.0
220
0.0
230
1.0
 70
     8
 71
     3
 72
    11
 73
     7
 74
     0
 42
0.00000001
 43
0.00000001
 40
0.0
 40
0.0
 40
0.0
 40
0.0
 40
0.6348448739181144
 40
0.6642770077803972
 40
0.7151375699577398
 40
1.0
 40
1.0
 40
1.0
 40
1.0
 10
14.25815373659134
 20
38.50440644628921
 30
0.0
 10
14.14031375314075
 20
38.05346148699795
 30
0.0
 10
14.01701057338861
 20
37.5816102040493
 30
0.0
 10
14.28140376956367
 20
37.14555924018256
 30
0.0
 10
14.55239907402557
 20
37.12782089222617
 30
0.0
 10
14.7712226245239
 20
37.15139441019153
 30
0.0
 10
14.95689536601031
 20
37.17139664348471
 30
0.0
  0
SPLINE
  5
305
330
1F
100
AcDbEntity
  8
0
  6
Continuous
 62
     7
100
AcDbSpline
210
0.0
220
0.0
230
1.0
 70
     8
 71
     3
 72
    11
 73
     7
 74
     0
 42
0.00000001
 43
0.00000001
 40
0.0
 40
0.0
 40
0.0
 40
0.0
 40
0.6095921097925527
 40
0.832839635375876
 40
0.9153502650777777
 40
1.0
 40
1.0
 40
1.0
 40
1.0
 10
14.95689153671265
 20
37.17139664348471
 30
0.0
 10
14.88577374082701
 20
36.57424625456294
 30
0.0
 10
14.78861087037207
 20
35.75840480224589
 30
0.0
 10
15.01595945849599
 20
34.91195727882791
 30
0.0
 10
15.21191186961804
 20
34.55688630616362
 30
0.0
 10
15.13341722164469
 20
34.40334100070045
 30
0.0
 10
15.09366766044519
 20
34.32558590944282
 30
0.0
  0
SPLINE
  5
306
330
1F
100
AcDbEntity
  8
0
  6
Continuous
 62
     7
100
AcDbSpline
210
0.0
220
0.0
230
1.0
 70
     8
 71
     3
 72
     9
 73
     5
 74
     0
 42
0.00000001
 43
0.00000001
 40
0.0
 40
0.0
 40
0.0
 40
0.0
 40
0.5236534354181284
 40
1.0
 40
1.0
 40
1.0
 40
1.0
 10
36.3466739654541
 20
104.5525297223014
 30
0.0
 10
35.66644386140914
 20
104.4611182764598
 30
0.0
 10
34.36743566622405
 20
104.2865534981944
 30
0.0
 10
33.14053602579288
 20
103.8269350516959
 30
0.0
 10
32.55610659698675
 20
103.6079973836878
 30
0.0
  0
MTEXT
  5
308
330
1F
100
AcDbEntity
  8
0
  6
Continuous
 62
     7
100
AcDbMText
 10
-58.5579488851
 20
6.5270135806
 30
0.0
 40
4.83362
 41
0.0
 71
     1
 72
     1
  1
Producto SOLIDWORKS Educational.
  7
SLDTEXTSTYLE0
 73
     1
 44
1.0
  0
MTEXT
  5
309
330
1F
100
AcDbEntity
  8
0
  6
Continuous
 62
     7
100
AcDbMText
 10
-58.5579488851
 20
-0.7234164194
 30
0.0
 40
4.83362
 41
0.0
 71
     1
 72
     1
  1
Solo para uso en la enseñanza.
  7
SLDTEXTSTYLE0
 73
     1
 44
1.0
  0
ENDSEC
  0
SECTION
  2
OBJECTS
  0
DICTIONARY
  5
C
330
0
100
AcDbDictionary
281
     1
  3
ACAD_GROUP
350
D
  3
ACAD_LAYOUT
350
1A
  3
ACAD_MLINESTYLE
350
17
  3
ACAD_PLOTSETTINGS
350
19
  3
ACAD_PLOTSTYLENAME
350
E
  3
ACAD_SCALELIST
350
47
  3
DWGPROPS
350
30A
  0
DICTIONARY
  5
D
102
{ACAD_REACTORS
330
C
102
}
330
C
100
AcDbDictionary
281
     1
  0
DICTIONARY
  5
1A
102
{ACAD_REACTORS
330
C
102
}
330
C
100
AcDbDictionary
281
     1
  3
Layout1
350
1E
  3
Layout2
350
26
  3
Model
350
22
  0
DICTIONARY
  5
17
102
{ACAD_REACTORS
330
C
102
}
330
C
100
AcDbDictionary
281
     1
  3
Standard
350
18
  0
DICTIONARY
  5
19
102
{ACAD_REACTORS
330
C
102
}
330
C
100
AcDbDictionary
281
     1
  0
ACDBDICTIONARYWDFLT
  5
E
102
{ACAD_REACTORS
330
C
102
}
330
C
100
AcDbDictionary
281
     1
  3
Normal
350
F
100
AcDbDictionaryWithDefault
340
F
  0
DICTIONARY
  5
47
102
{ACAD_REACTORS
330
C
102
}
330
C
100
AcDbDictionary
281
     1
  3
A0
350
48
  3
A1
350
49
  3
A2
350
4A
  3
A3
350
4B
  3
A4
350
4C
  3
A5
350
4D
  3
A6
350
4E
  3
A7
350
4F
  3
A8
350
50
  3
A9
350
51
  3
B0
350
52
  3
B1
350
53
  3
B2
350
54
  3
B3
350
55
  3
B4
350
56
  3
B5
350
57
  3
B6
350
58
  0
XRECORD
  5
30A
102
{ACAD_REACTORS
330
C
102
}
330
C
100
AcDbXrecord
280
     1
  1
DWGPROPS COOKIE
  2

  3

  4

  6

  7

  8
SamRa
  9

300
=
301
=
302
=
303
=
304
=
305
=
306
=
307
=
308
=
309
=
 40
0.0
 41
2461007.937228947
 42
2461007.937277836
  1

 90
        0
  0
LAYOUT
  5
1E
102
{ACAD_REACTORS
330
1A
102
}
330
1A
100
AcDbPlotSettings
  1

  2
none_device
  4

  6

 40
0.0
 41
0.0
 42
0.0
 43
0.0
 44
0.0
 45
0.0
 46
0.0
 47
0.0
 48
0.0
 49
0.0
140
0.0
141
0.0
142
1.0
143
1.0
 70
   688
 72
     1
 73
     0
 74
     5
  7

 75
    16
147
1.0
148
0.0
149
0.0
100
AcDbLayout
  1
Layout1
 70
     1
 71
     1
 10
0.0
 20
0.0
 11
420.0
 21
297.0
 12
0.0
 22
0.0
 32
0.0
 14
1.0000000000E+20
 24
1.0000000000E+20
 34
1.0000000000E+20
 15
-1.0000000000E+20
 25
-1.0000000000E+20
 35
-1.0000000000E+20
146
0.0
 13
0.0
 23
0.0
 33
0.0
 16
1.0
 26
0.0
 36
0.0
 17
0.0
 27
1.0
 37
0.0
 76
     0
330
1B
  0
LAYOUT
  5
26
102
{ACAD_REACTORS
330
1A
102
}
330
1A
100
AcDbPlotSettings
  1

  2
none_device
  4

  6

 40
0.0
 41
0.0
 42
0.0
 43
0.0
 44
0.0
 45
0.0
 46
0.0
 47
0.0
 48
0.0
 49
0.0
140
0.0
141
0.0
142
1.0
143
1.0
 70
   688
 72
     1
 73
     0
 74
     5
  7

 75
    16
147
1.0
148
0.0
149
0.0
100
AcDbLayout
  1
Layout2
 70
     1
 71
     2
 10
0.0
 20
0.0
 11
0.0
 21
0.0
 12
0.0
 22
0.0
 32
0.0
 14
0.0
 24
0.0
 34
0.0
 15
0.0
 25
0.0
 35
0.0
146
0.0
 13
0.0
 23
0.0
 33
0.0
 16
1.0
 26
0.0
 36
0.0
 17
0.0
 27
1.0
 37
0.0
 76
     0
330
23
  0
LAYOUT
  5
22
102
{ACAD_REACTORS
330
1A
102
}
330
1A
100
AcDbPlotSettings
  1

  2
none_device
  4
ANSI_A_(11.00_x_8.50_Inches)
  6

 40
6.35
 41
19.05
 42
6.35000508
 43
19.05000254
 44
279.4
 45
215.9
 46
143.6699152502
 47
-30.428489481
 48
0.0
 49
0.0
140
0.0
141
0.0
142
0.0649926163
143
1.0
 70
  1696
 72
     0
 73
     0
 74
     0
  7

 75
     0
147
0.0179189148
148
-1300.4909072572
149
0.0
100
AcDbLayout
  1
Model
 70
     1
 71
     0
 10
0.0
 20
0.0
 11
420.0
 21
297.0
 12
0.0
 22
0.0
 32
0.0
 14
-58.5579488851
 24
7.5465799723
 34
0.0
 15
46.0551139825
 25
137.0228262592
 35
0.0
146
0.0
 13
0.0
 23
0.0
 33
0.0
 16
1.0
 26
0.0
 36
0.0
 17
0.0
 27
1.0
 37
0.0
 76
     0
330
1F
331
29
  0
MLINESTYLE
  5
18
102
{ACAD_REACTORS
330
17
102
}
330
17
100
AcDbMlineStyle
  2
Standard
 70
     0
  3

 62
   256
 51
90.0
 52
90.0
 71
     2
 49
0.5
 62
   256
  6
BYLAYER
 49
-0.5
 62
   256
  6
BYLAYER
  0
ACDBPLACEHOLDER
  5
F
102
{ACAD_REACTORS
330
E
102
}
330
E
  0
SCALE
  5
48
102
{ACAD_REACTORS
330
47
102
}
330
47
100
AcDbScale
 70
     0
300
1:1
140
1.0
141
1.0
290
     1
  0
SCALE
  5
49
102
{ACAD_REACTORS
330
47
102
}
330
47
100
AcDbScale
 70
     0
300
1:2
140
1.0
141
2.0
290
     0
  0
SCALE
  5
4A
102
{ACAD_REACTORS
330
47
102
}
330
47
100
AcDbScale
 70
     0
300
1:4
140
1.0
141
4.0
290
     0
  0
SCALE
  5
4B
102
{ACAD_REACTORS
330
47
102
}
330
47
100
AcDbScale
 70
     0
300
1:5
140
1.0
141
5.0
290
     0
  0
SCALE
  5
4C
102
{ACAD_REACTORS
330
47
102
}
330
47
100
AcDbScale
 70
     0
300
1:8
140
1.0
141
8.0
290
     0
  0
SCALE
  5
4D
102
{ACAD_REACTORS
330
47
102
}
330
47
100
AcDbScale
 70
     0
300
1:10
140
1.0
141
10.0
290
     0
  0
SCALE
  5
4E
102
{ACAD_REACTORS
330
47
102
}
330
47
100
AcDbScale
 70
     0
300
1:16
140
1.0
141
16.0
290
     0
  0
SCALE
  5
4F
102
{ACAD_REACTORS
330
47
102
}
330
47
100
AcDbScale
 70
     0
300
1:20
140
1.0
141
20.0
290
     0
  0
SCALE
  5
50
102
{ACAD_REACTORS
330
47
102
}
330
47
100
AcDbScale
 70
     0
300
1:30
140
1.0
141
30.0
290
     0
  0
SCALE
  5
51
102
{ACAD_REACTORS
330
47
102
}
330
47
100
AcDbScale
 70
     0
300
1:40
140
1.0
141
40.0
290
     0
  0
SCALE
  5
52
102
{ACAD_REACTORS
330
47
102
}
330
47
100
AcDbScale
 70
     0
300
1:50
140
1.0
141
50.0
290
     0
  0
SCALE
  5
53
102
{ACAD_REACTORS
330
47
102
}
330
47
100
AcDbScale
 70
     0
300
1:100
140
1.0
141
100.0
290
     0
  0
SCALE
  5
54
102
{ACAD_REACTORS
330
47
102
}
330
47
100
AcDbScale
 70
     0
300
2:1
140
2.0
141
1.0
290
     0
  0
SCALE
  5
55
102
{ACAD_REACTORS
330
47
102
}
330
47
100
AcDbScale
 70
     0
300
4:1
140
4.0
141
1.0
290
     0
  0
SCALE
  5
56
102
{ACAD_REACTORS
330
47
102
}
330
47
100
AcDbScale
 70
     0
300
8:1
140
8.0
141
1.0
290
     0
  0
SCALE
  5
57
102
{ACAD_REACTORS
330
47
102
}
330
47
100
AcDbScale
 70
     0
300
10:1
140
10.0
141
1.0
290
     0
  0
SCALE
  5
58
102
{ACAD_REACTORS
330
47
102
}
330
47
100
AcDbScale
 70
     0
300
100:1
140
100.0
141
1.0
290
     0
  0
ENDSEC
  0
EOF
