  0
SECTION
  2
HEADER
  9
$ACADVER
  1
AC1015
  9
$ACADMAINTVER
 70
     6
  9
$DWGCODEPAGE
  3
ANSI_1252
  9
$INSBASE
 10
0.0
 20
0.0
 30
0.0
  9
$EXTMIN
 10
-0.3724117102
 20
7.6750693736
 30
0.0
  9
$EXTMAX
 10
627.4599606109
 20
442.0144546615
 30
0.0
  9
$LIMMIN
 10
0.0
 20
0.0
  9
$LIMMAX
 10
420.0
 20
297.0
  9
$ORTHOMODE
 70
     0
  9
$REGENMODE
 70
     1
  9
$FILLMODE
 70
     1
  9
$QTEXTMODE
 70
     0
  9
$MIRRTEXT
 70
     1
  9
$LTSCALE
 40
1.0
  9
$ATTMODE
 70
     1
  9
$TEXTSIZE
 40
3.5
  9
$TRACEWID
 40
1.0
  9
$TEXTSTYLE
  7
Standard
  9
$CLAYER
  8
0
  9
$CELTYPE
  6
ByLayer
  9
$CECOLOR
 62
   256
  9
$CELTSCALE
 40
1.0
  9
$DISPSILH
 70
     0
  9
$DIMSCALE
 40
1.0
  9
$DIMASZ
 40
3.302
  9
$DIMEXO
 40
0.0
  9
$DIMDLI
 40
3.75
  9
$DIMRND
 40
0.0
  9
$DIMDLE
 40
0.0
  9
$DIMEXE
 40
1.0
  9
$DIMTP
 40
0.0
  9
$DIMTM
 40
0.0
  9
$DIMTXT
 40
3.5
  9
$DIMCEN
 40
2.5
  9
$DIMTSZ
 40
0.0
  9
$DIMTOL
 70
     0
  9
$DIMLIM
 70
     0
  9
$DIMTIH
 70
     1
  9
$DIMTOH
 70
     1
  9
$DIMSE1
 70
     0
  9
$DIMSE2
 70
     0
  9
$DIMTAD
 70
     1
  9
$DIMZIN
 70
     1
  9
$DIMBLK
  1

  9
$DIMASO
 70
     1
  9
$DIMSHO
 70
     1
  9
$DIMPOST
  1

  9
$DIMAPOST
  1

  9
$DIMALT
 70
     0
  9
$DIMALTD
 70
     3
  9
$DIMALTF
 40
0.0393700787
  9
$DIMLFAC
 40
1.0
  9
$DIMTOFL
 70
     1
  9
$DIMTVP
 40
0.0
  9
$DIMTIX
 70
     0
  9
$DIMSOXD
 70
     0
  9
$DIMSAH
 70
     0
  9
$DIMBLK1
  1

  9
$DIMBLK2
  1

  9
$DIMSTYLE
  2
ISO-25
  9
$DIMCLRD
 70
     0
  9
$DIMCLRE
 70
     0
  9
$DIMCLRT
 70
     0
  9
$DIMTFAC
 40
1.0
  9
$DIMGAP
 40
1.524
  9
$DIMJUST
 70
     0
  9
$DIMSD1
 70
     0
  9
$DIMSD2
 70
     0
  9
$DIMTOLJ
 70
     0
  9
$DIMTZIN
 70
     1
  9
$DIMALTZ
 70
     0
  9
$DIMALTTZ
 70
     0
  9
$DIMUPT
 70
     0
  9
$DIMDEC
 70
     2
  9
$DIMTDEC
 70
     2
  9
$DIMALTU
 70
     2
  9
$DIMALTTD
 70
     3
  9
$DIMTXSTY
  7
Standard
  9
$DIMAUNIT
 70
     0
  9
$DIMADEC
 70
     2
  9
$DIMALTRND
 40
0.0
  9
$DIMAZIN
 70
     0
  9
$DIMDSEP
 70
    44
  9
$DIMATFIT
 70
     3
  9
$DIMFRAC
 70
     0
  9
$DIMLDRBLK
  1

  9
$DIMLUNIT
 70
     2
  9
$DIMLWD
 70
    -2
  9
$DIMLWE
 70
    -2
  9
$DIMTMOVE
 70
     0
  9
$LUNITS
 70
     2
  9
$LUPREC
 70
     2
  9
$SKETCHINC
 40
1.0
  9
$FILLETRAD
 40
0.0
  9
$AUNITS
 70
     0
  9
$AUPREC
 70
     2
  9
$MENU
  1
.
  9
$ELEVATION
 40
0.0
  9
$PELEVATION
 40
0.0
  9
$THICKNESS
 40
0.0
  9
$LIMCHECK
 70
     0
  9
$CHAMFERA
 40
0.0
  9
$CHAMFERB
 40
0.0
  9
$CHAMFERC
 40
0.0
  9
$CHAMFERD
 40
0.0
  9
$SKPOLY
 70
     0
  9
$TDCREATE
 40
2460951.47309507
  9
$TDUCREATE
 40
2460951.72309507
  9
$TDUPDATE
 40
2460951.473363611
  9
$TDUUPDATE
 40
2460951.723363611
  9
$TDINDWG
 40
0.0000000116
  9
$TDUSRTIMER
 40
0.0000000116
  9
$USRTIMER
 70
     1
  9
$ANGBASE
 50
0.0
  9
$ANGDIR
 70
     0
  9
$PDMODE
 70
     0
  9
$PDSIZE
 40
-1.0
  9
$PLINEWID
 40
0.0
  9
$SPLFRAME
 70
     0
  9
$SPLINETYPE
 70
     6
  9
$SPLINESEGS
 70
     8
  9
$HANDSEED
  5
479
  9
$SURFTAB1
 70
     6
  9
$SURFTAB2
 70
     6
  9
$SURFTYPE
 70
     6
  9
$SURFU
 70
     6
  9
$SURFV
 70
     6
  9
$UCSBASE
  2

  9
$UCSNAME
  2

  9
$UCSORG
 10
0.0
 20
0.0
 30
0.0
  9
$UCSXDIR
 10
1.0
 20
0.0
 30
0.0
  9
$UCSYDIR
 10
0.0
 20
1.0
 30
0.0
  9
$UCSORTHOREF
  2

  9
$UCSORTHOVIEW
 70
     0
  9
$UCSORGTOP
 10
0.0
 20
0.0
 30
0.0
  9
$UCSORGBOTTOM
 10
0.0
 20
0.0
 30
0.0
  9
$UCSORGLEFT
 10
0.0
 20
0.0
 30
0.0
  9
$UCSORGRIGHT
 10
0.0
 20
0.0
 30
0.0
  9
$UCSORGFRONT
 10
0.0
 20
0.0
 30
0.0
  9
$UCSORGBACK
 10
0.0
 20
0.0
 30
0.0
  9
$PUCSBASE
  2

  9
$PUCSNAME
  2

  9
$PUCSORG
 10
0.0
 20
0.0
 30
0.0
  9
$PUCSXDIR
 10
1.0
 20
0.0
 30
0.0
  9
$PUCSYDIR
 10
0.0
 20
1.0
 30
0.0
  9
$PUCSORTHOREF
  2

  9
$PUCSORTHOVIEW
 70
     0
  9
$PUCSORGTOP
 10
0.0
 20
0.0
 30
0.0
  9
$PUCSORGBOTTOM
 10
0.0
 20
0.0
 30
0.0
  9
$PUCSORGLEFT
 10
0.0
 20
0.0
 30
0.0
  9
$PUCSORGRIGHT
 10
0.0
 20
0.0
 30
0.0
  9
$PUCSORGFRONT
 10
0.0
 20
0.0
 30
0.0
  9
$PUCSORGBACK
 10
0.0
 20
0.0
 30
0.0
  9
$USERI1
 70
     0
  9
$USERI2
 70
     0
  9
$USERI3
 70
     0
  9
$USERI4
 70
     0
  9
$USERI5
 70
     0
  9
$USERR1
 40
0.0
  9
$USERR2
 40
0.0
  9
$USERR3
 40
0.0
  9
$USERR4
 40
0.0
  9
$USERR5
 40
0.0
  9
$WORLDVIEW
 70
     1
  9
$SHADEDGE
 70
     3
  9
$SHADEDIF
 70
    70
  9
$TILEMODE
 70
     1
  9
$MAXACTVP
 70
    64
  9
$PINSBASE
 10
0.0
 20
0.0
 30
0.0
  9
$PLIMCHECK
 70
     0
  9
$PEXTMIN
 10
1.0000000000E+20
 20
1.0000000000E+20
 30
1.0000000000E+20
  9
$PEXTMAX
 10
-1.0000000000E+20
 20
-1.0000000000E+20
 30
-1.0000000000E+20
  9
$PLIMMIN
 10
0.0
 20
0.0
  9
$PLIMMAX
 10
420.0
 20
297.0
  9
$UNITMODE
 70
     0
  9
$VISRETAIN
 70
     1
  9
$PLINEGEN
 70
     0
  9
$PSLTSCALE
 70
     1
  9
$TREEDEPTH
 70
  3020
  9
$CMLSTYLE
  2
Standard
  9
$CMLJUST
 70
     0
  9
$CMLSCALE
 40
20.0
  9
$PROXYGRAPHICS
 70
     1
  9
$MEASUREMENT
 70
     1
  9
$CELWEIGHT
370
    -1
  9
$ENDCAPS
280
     0
  9
$JOINSTYLE
280
     0
  9
$LWDISPLAY
290
     1
  9
$INSUNITS
 70
     4
  9
$HYPERLINKBASE
  1

  9
$STYLESHEET
  1

  9
$XEDIT
290
     1
  9
$CEPSNTYPE
380
     0
  9
$PSTYLEMODE
290
     1
  9
$FINGERPRINTGUID
  2
{2d55680c-7dc1-4bef-80a8-be8891555af8}
  9
$VERSIONGUID
  2
{FAEB1C32-E019-11D5-929B-00C0DF256EC4}
  9
$EXTNAMES
290
     1
  9
$PSVPSCALE
 40
0.0
  9
$OLESTARTUP
290
     0
  0
ENDSEC
  0
SECTION
  2
CLASSES
  0
CLASS
  1
ACDBDICTIONARYWDFLT
  2
AcDbDictionaryWithDefault
  3
ObjectDBX Classes
 90
        0
280
     0
281
     0
  0
CLASS
  1
VISUALSTYLE
  2
AcDbVisualStyle
  3
ObjectDBX Classes
 90
     4095
280
     0
281
     0
  0
CLASS
  1
MATERIAL
  2
AcDbMaterial
  3
ObjectDBX Classes
 90
     1153
280
     0
281
     0
  0
CLASS
  1
SCALE
  2
AcDbScale
  3
ObjectDBX Classes
 90
     1153
280
     0
281
     0
  0
CLASS
  1
TABLESTYLE
  2
AcDbTableStyle
  3
ObjectDBX Classes
 90
     4095
280
     0
281
     0
  0
CLASS
  1
MLEADERSTYLE
  2
AcDbMLeaderStyle
  3
ACDB_MLEADERSTYLE_CLASS
 90
     4095
280
     0
281
     0
  0
CLASS
  1
SUN
  2
AcDbSun
  3
SCENEOE
 90
     1153
280
     0
281
     0
  0
CLASS
  1
ACDBPLACEHOLDER
  2
AcDbPlaceHolder
  3
ObjectDBX Classes
 90
        0
280
     0
281
     0
  0
CLASS
  1
LAYOUT
  2
AcDbLayout
  3
ObjectDBX Classes
 90
        0
280
     0
281
     0
  0
ENDSEC
  0
SECTION
  2
TABLES
  0
TABLE
  2
VPORT
  5
8
330
0
100
AcDbSymbolTable
 70
     1
  0
VPORT
  5
29
330
8
100
AcDbSymbolTableRecord
100
AcDbViewportTableRecord
  2
*Active
 70
     0
 10
0.0
 20
0.0
 11
1.0
 21
1.0
 12
313.5437744503
 22
224.8447620176
 13
0.0
 23
0.0
 14
10.0
 24
10.0
 15
10.0
 25
10.0
 16
0.0
 26
0.0
 36
1.0
 17
0.0
 27
0.0
 37
0.0
 40
443.0261729937
 41
1.4454880068
 42
50.0
 43
0.0
 44
0.0
 50
0.0
 51
0.0
 71
     0
 72
   100
 73
     1
 74
     3
 75
     0
 76
     0
 77
     0
 78
     0
281
     0
 65
     1
110
0.0
120
0.0
130
0.0
111
1.0
121
0.0
131
0.0
112
0.0
122
1.0
132
0.0
 79
     0
146
0.0
  0
ENDTAB
  0
TABLE
  2
LTYPE
  5
5
330
0
100
AcDbSymbolTable
 70
     6
  0
LTYPE
  5
14
330
5
100
AcDbSymbolTableRecord
100
AcDbLinetypeTableRecord
  2
ByBlock
 70
     0
  3

 72
    65
 73
     0
 40
0.0
  0
LTYPE
  5
15
330
5
100
AcDbSymbolTableRecord
100
AcDbLinetypeTableRecord
  2
ByLayer
 70
     0
  3

 72
    65
 73
     0
 40
0.0
  0
LTYPE
  5
16
330
5
100
AcDbSymbolTableRecord
100
AcDbLinetypeTableRecord
  2
Continuous
 70
     0
  3
Solid line
 72
    65
 73
     0
 40
0.0
  0
LTYPE
  5
5E
330
5
100
AcDbSymbolTableRecord
100
AcDbLinetypeTableRecord
  2
HIDDEN
 70
     0
  3
Hidden __ __ __ __ __ __ __ __ __ __ __ __ __ __
 72
    65
 73
     2
 40
1.905
 49
1.27
 74
     0
 49
-0.635
 74
     0
  0
LTYPE
  5
5F
330
5
100
AcDbSymbolTableRecord
100
AcDbLinetypeTableRecord
  2
PHANTOM
 70
     0
  3
Phantom ______  __  __  ______  __  __  ______
 72
    65
 73
     6
 40
12.7
 49
6.35
 74
     0
 49
-1.27
 74
     0
 49
1.27
 74
     0
 49
-1.27
 74
     0
 49
1.27
 74
     0
 49
-1.27
 74
     0
  0
LTYPE
  5
60
330
5
100
AcDbSymbolTableRecord
100
AcDbLinetypeTableRecord
  2
CENTER
 70
     0
  3
Center ____ _ ____ _ ____ _ ____ _ ____ _ ____
 72
    65
 73
     4
 40
10.16
 49
6.35
 74
     0
 49
-1.27
 74
     0
 49
1.27
 74
     0
 49
-1.27
 74
     0
  0
LTYPE
  5
61
330
5
100
AcDbSymbolTableRecord
100
AcDbLinetypeTableRecord
  2
CENTERX2
 70
     0
  3
Center (2x) ________  __  ________  __  _____
 72
    65
 73
     4
 40
20.32
 49
12.7
 74
     0
 49
-2.54
 74
     0
 49
2.54
 74
     0
 49
-2.54
 74
     0
  0
LTYPE
  5
62
330
5
100
AcDbSymbolTableRecord
100
AcDbLinetypeTableRecord
  2
DOT2
 70
     0
  3
Dot (.5x) ........................................
 72
    65
 73
     2
 40
0.635
 49
0.0
 74
     0
 49
-0.635
 74
     0
  0
ENDTAB
  0
TABLE
  2
LAYER
  5
2
330
0
100
AcDbSymbolTable
 70
     1
  0
LAYER
  5
10
330
2
100
AcDbSymbolTableRecord
100
AcDbLayerTableRecord
  2
0
 70
     0
 62
     7
  6
Continuous
370
    -3
390
F
  0
ENDTAB
  0
TABLE
  2
STYLE
  5
3
330
0
100
AcDbSymbolTable
 70
     2
  0
STYLE
  5
11
330
3
100
AcDbSymbolTableRecord
100
AcDbTextStyleTableRecord
  2
Standard
 70
     0
 40
0.0
 41
1.0
 50
0.0
 71
     0
 42
3.5
  3
txt
  4

  0
STYLE
  5
475
330
3
100
AcDbSymbolTableRecord
100
AcDbTextStyleTableRecord
  2
SLDTEXTSTYLE0
 70
     0
 40
0.0
 41
0.7
 50
0.0
 71
     0
 42
3.5
  3
TXT
  4

  0
ENDTAB
  0
TABLE
  2
VIEW
  5
6
330
0
100
AcDbSymbolTable
 70
     0
  0
ENDTAB
  0
TABLE
  2
UCS
  5
7
330
0
100
AcDbSymbolTable
 70
     0
  0
ENDTAB
  0
TABLE
  2
APPID
  5
9
330
0
100
AcDbSymbolTable
 70
     1
  0
APPID
  5
12
330
9
100
AcDbSymbolTableRecord
100
AcDbRegAppTableRecord
  2
ACAD
 70
     0
  0
ENDTAB
  0
TABLE
  2
DIMSTYLE
  5
A
330
0
100
AcDbSymbolTable
 70
     1
100
AcDbDimStyleTable
  0
DIMSTYLE
105
27
330
A
100
AcDbSymbolTableRecord
100
AcDbDimStyleTableRecord
  2
ISO-25
 70
     0
 41
2.5
 42
0.625
 43
3.75
 44
1.25
 73
     0
 74
     0
 77
     1
 78
     8
140
2.5
141
2.5
143
0.0393700787
147
0.625
171
     3
172
     1
178
     0
271
     2
272
     2
274
     3
278
    44
283
     0
284
     8
340
11
  0
ENDTAB
  0
TABLE
  2
BLOCK_RECORD
  5
1
330
0
100
AcDbSymbolTable
 70
     1
  0
BLOCK_RECORD
  5
1F
330
1
100
AcDbSymbolTableRecord
100
AcDbBlockTableRecord
  2
*Model_Space
340
22
  0
BLOCK_RECORD
  5
1B
330
1
100
AcDbSymbolTableRecord
100
AcDbBlockTableRecord
  2
*Paper_Space
340
1E
  0
BLOCK_RECORD
  5
23
330
1
100
AcDbSymbolTableRecord
100
AcDbBlockTableRecord
  2
*Paper_Space0
340
26
  0
ENDTAB
  0
ENDSEC
  0
SECTION
  2
BLOCKS
  0
BLOCK
  5
20
330
1F
100
AcDbEntity
  8
0
100
AcDbBlockBegin
  2
*Model_Space
 70
     0
 10
0.0
 20
0.0
 30
0.0
  3
*Model_Space
  1

  0
ENDBLK
  5
21
330
1F
100
AcDbEntity
  8
0
100
AcDbBlockEnd
  0
BLOCK
  5
1C
330
1B
100
AcDbEntity
 67
     1
  8
0
100
AcDbBlockBegin
  2
*Paper_Space
 70
     0
 10
0.0
 20
0.0
 30
0.0
  3
*Paper_Space
  1

  0
ENDBLK
  5
1D
330
1B
100
AcDbEntity
 67
     1
  8
0
100
AcDbBlockEnd
  0
BLOCK
  5
24
330
23
100
AcDbEntity
  8
0
100
AcDbBlockBegin
  2
*Paper_Space0
 70
     0
 10
0.0
 20
0.0
 30
0.0
  3
*Paper_Space0
  1

  0
ENDBLK
  5
25
330
23
100
AcDbEntity
  8
0
100
AcDbBlockEnd
  0
ENDSEC
  0
SECTION
  2
ENTITIES
  0
ARC
  5
63
330
1F
100
AcDbEntity
  8
0
  6
Continuous
 62
     7
100
AcDbCircle
 10
10.5018666508
 20
250.3643142189
 30
0.0
 40
9.012499999999953
100
AcDbArc
 50
60.1517428092
 51
299.8482571908
  0
CIRCLE
  5
64
330
1F
100
AcDbEntity
  8
0
  6
Continuous
 62
     7
100
AcDbCircle
 10
10.5018666508
 20
250.3643142189
 30
0.0
 40
2.249999999999997
  0
CIRCLE
  5
65
330
1F
100
AcDbEntity
  8
0
  6
Continuous
 62
     7
100
AcDbCircle
 10
10.5018666508
 20
50.3643142189
 30
0.0
 40
2.250000000000001
  0
ARC
  5
66
330
1F
100
AcDbEntity
  8
0
  6
Continuous
 62
     7
100
AcDbCircle
 10
10.5018666508
 20
50.3643142189
 30
0.0
 40
9.01250000000002
100
AcDbArc
 50
60.1517428092
 51
299.8482571908
  0
ARC
  5
67
330
1F
100
AcDbEntity
  8
0
  6
Continuous
 62
     7
100
AcDbCircle
 10
50.1528608268
 20
174.872765136
 30
0.0
 40
28.43384956373513
100
AcDbArc
 50
98.7276063888
 51
146.5597211944
  0
ARC
  5
68
330
1F
100
AcDbEntity
  8
0
  6
Continuous
 62
     7
100
AcDbCircle
 10
34.4718879546
 20
128.9861041049
 30
0.0
 40
8.046904297230734
100
AcDbArc
 50
180.8794934854
 51
270.8794934864
  0
ARC
  5
69
330
1F
100
AcDbEntity
  8
0
  6
Continuous
 62
     7
100
AcDbCircle
 10
85.7983225019
 20
191.4867207876
 30
0.0
 40
4.951896025694674
100
AcDbArc
 50
99.6087433594
 51
191.0014020188
  0
ARC
  5
6A
330
1F
100
AcDbEntity
  8
0
  6
Continuous
 62
     7
100
AcDbCircle
 10
109.7233392348
 20
152.9824880946
 30
0.0
 40
4.0
100
AcDbArc
 50
303.1093324492
 51
0.0
  0
ARC
  5
6B
330
1F
100
AcDbEntity
  8
0
  6
Continuous
 62
     7
100
AcDbCircle
 10
83.9374298756
 20
134.945958382
 30
0.0
 40
2.999999999999999
100
AcDbArc
 50
180.0
 51
310.1590662224
  0
ARC
  5
6C
330
1F
100
AcDbEntity
  8
0
  6
Continuous
 62
     7
100
AcDbCircle
 10
66.8629067847
 20
196.7614229583
 30
0.0
 40
1.0
100
AcDbArc
 50
90.0
 51
180.0
  0
ARC
  5
6D
330
1F
100
AcDbEntity
  8
0
  6
Continuous
 62
     7
100
AcDbCircle
 10
69.5124298756
 20
196.7614229583
 30
0.0
 40
1.000000000000028
100
AcDbArc
 50
0.0
 51
90.0
  0
ARC
  5
6E
330
1F
100
AcDbEntity
  8
0
  6
Continuous
 62
     7
100
AcDbCircle
 10
66.8629067847
 20
179.3384564832
 30
0.0
 40
1.0
100
AcDbArc
 50
180.0
 51
270.0
  0
ARC
  5
6F
330
1F
100
AcDbEntity
  8
0
  6
Continuous
 62
     7
100
AcDbCircle
 10
69.5124298756
 20
179.3384564832
 30
0.0
 40
1.0
100
AcDbArc
 50
270.0
 51
0.0
  0
ARC
  5
70
330
1F
100
AcDbEntity
  8
0
  6
Continuous
 62
     7
100
AcDbCircle
 10
83.9374298756
 20
300.0147057465
 30
0.0
 40
3.000000000000114
100
AcDbArc
 50
90.0
 51
180.0
  0
ARC
  5
71
330
1F
100
AcDbEntity
  8
0
  6
Continuous
 62
     7
100
AcDbCircle
 10
110.7233392348
 20
300.0147057465
 30
0.0
 40
3.000000000000057
100
AcDbArc
 50
0.0
 51
90.0
  0
ARC
  5
72
330
1F
100
AcDbEntity
  8
0
  6
Continuous
 62
     7
100
AcDbCircle
 10
83.9374298756
 20
213.5330685748
 30
0.0
 40
3.0
100
AcDbArc
 50
180.0
 51
270.0
  0
ARC
  5
73
330
1F
100
AcDbEntity
  8
0
  6
Continuous
 62
     7
100
AcDbCircle
 10
110.7233392348
 20
213.5330685748
 30
0.0
 40
3.0
100
AcDbArc
 50
270.0
 51
0.0
  0
ARC
  5
74
330
1F
100
AcDbEntity
  8
0
  6
Continuous
 62
     7
100
AcDbCircle
 10
49.3124437707
 20
271.100744587
 30
0.0
 40
2.999999999999908
100
AcDbArc
 50
0.0
 51
56.4181840812
  0
ARC
  5
75
330
1F
100
AcDbEntity
  8
0
  6
Continuous
 62
     7
100
AcDbCircle
 10
62.3431413733
 20
274.0596921823
 30
0.0
 40
3.000000000000079
100
AcDbArc
 50
0.0
 51
54.3795410836
  0
ARC
  5
76
330
1F
100
AcDbEntity
  8
0
  6
Continuous
 62
     7
100
AcDbCircle
 10
62.3431413733
 20
232.3735962172
 30
0.0
 40
3.000000000000053
100
AcDbArc
 50
308.7345380913
 51
0.0
  0
ARC
  5
77
330
1F
100
AcDbEntity
  8
0
  6
Continuous
 62
     7
100
AcDbCircle
 10
49.3124437707
 20
232.4353198149
 30
0.0
 40
2.999999999999915
100
AcDbArc
 50
306.8335232647
 51
0.0
  0
ARC
  5
78
330
1F
100
AcDbEntity
  8
0
  6
Continuous
 62
     7
100
AcDbCircle
 10
48.9872126409
 20
69.1813802357
 30
0.0
 40
3.000000000000071
100
AcDbArc
 50
0.0
 51
56.256124094
  0
ARC
  5
79
330
1F
100
AcDbEntity
  8
0
  6
Continuous
 62
     7
100
AcDbCircle
 10
55.7365686286
 20
82.9576372887
 30
0.0
 40
2.999999999998387
100
AcDbArc
 50
0.0
 51
57.6001465017
  0
ARC
  5
7A
330
1F
100
AcDbEntity
  8
0
  6
Continuous
 62
     7
100
AcDbCircle
 10
48.9872126409
 20
32.0188062748
 30
0.0
 40
2.999999999999929
100
AcDbArc
 50
294.3937236017
 51
0.0
  0
ARC
  5
7B
330
1F
100
AcDbEntity
  8
0
  6
Continuous
 62
     7
100
AcDbCircle
 10
55.7365686286
 20
26.1236040832
 30
0.0
 40
2.999999999998494
100
AcDbArc
 50
293.9333420047
 51
0.0000000001
  0
ARC
  5
7C
330
1F
100
AcDbEntity
  8
0
  6
Continuous
 62
     7
100
AcDbCircle
 10
53.8711274749
 20
302.7863524333
 30
0.0
 40
1.883914834038656
100
AcDbArc
 50
180.0
 51
270.0
  0
ARC
  5
7D
330
1F
100
AcDbEntity
  8
0
  6
Continuous
 62
     7
100
AcDbCircle
 10
67.7358788561
 20
302.7677319571
 30
0.0
 40
2.191032844855263
100
AcDbArc
 50
301.6432585543
 51
6.4721504658
  0
ARC
  5
7E
330
1F
100
AcDbEntity
  8
0
  6
Continuous
 62
     7
100
AcDbCircle
 10
52.9872126409
 20
307.4951852637
 30
0.0
 40
1.0
100
AcDbArc
 50
90.0
 51
180.0
  0
ARC
  5
7F
330
1F
100
AcDbEntity
  8
0
  6
Continuous
 62
     7
100
AcDbCircle
 10
68.9129477284
 20
307.4951852637
 30
0.0
 40
1.000000000000114
100
AcDbArc
 50
0.0
 51
90.0
  0
ARC
  5
80
330
1F
100
AcDbEntity
  8
0
  6
Continuous
 62
     7
100
AcDbCircle
 10
218.5035919678
 20
302.1776456705
 30
0.0
 40
3.0
100
AcDbArc
 50
90.0
 51
180.0
  0
ARC
  5
81
330
1F
100
AcDbEntity
  8
0
  6
Continuous
 62
     7
100
AcDbCircle
 10
218.5035919678
 20
215.6960084988
 30
0.0
 40
3.0
100
AcDbArc
 50
180.0
 51
270.0
  0
ARC
  5
82
330
1F
100
AcDbEntity
  8
0
  6
Continuous
 62
     7
100
AcDbCircle
 10
218.4959518838
 20
195.4473142252
 30
0.0
 40
3.006446655435828
100
AcDbArc
 50
84.4513690497
 51
174.4513690496
  0
ARC
  5
83
330
1F
100
AcDbEntity
  8
0
  6
Continuous
 62
     7
100
AcDbCircle
 10
275.8844840639
 20
28.2865440073
 30
0.0
 40
2.999999999998269
100
AcDbArc
 50
180.0
 51
246.0666579954
  0
ARC
  5
84
330
1F
100
AcDbEntity
  8
0
  6
Continuous
 62
     7
100
AcDbCircle
 10
282.6338400516
 20
34.1817461988
 30
0.0
 40
2.999999999999912
100
AcDbArc
 50
180.0
 51
245.6062763983
  0
ARC
  5
85
330
1F
100
AcDbEntity
  8
0
  6
Continuous
 62
     7
100
AcDbCircle
 10
275.8844840639
 20
85.1205772126
 30
0.0
 40
2.99999999999477
100
AcDbArc
 50
122.3998534987
 51
180.0
  0
ARC
  5
86
330
1F
100
AcDbEntity
  8
0
  6
Continuous
 62
     7
100
AcDbCircle
 10
282.6338400516
 20
71.3443201597
 30
0.0
 40
2.999999999999976
100
AcDbArc
 50
123.743875906
 51
180.0
  0
ARC
  5
87
330
1F
100
AcDbEntity
  8
0
  6
Continuous
 62
     7
100
AcDbCircle
 10
282.3086089218
 20
234.5982597389
 30
0.0
 40
3.000000000000027
100
AcDbArc
 50
180.0
 51
233.1664767353
  0
ARC
  5
88
330
1F
100
AcDbEntity
  8
0
  6
Continuous
 62
     7
100
AcDbCircle
 10
282.3086089218
 20
273.263684511
 30
0.0
 40
3.000000000000045
100
AcDbArc
 50
123.5818159188
 51
180.0
  0
ARC
  5
89
330
1F
100
AcDbEntity
  8
0
  6
Continuous
 62
     7
100
AcDbCircle
 10
297.1491647379
 20
131.1490440289
 30
0.0
 40
8.046904297234343
100
AcDbArc
 50
269.1205065136
 51
359.1205065137
  0
ARC
  5
8A
330
1F
100
AcDbEntity
  8
0
  6
Continuous
 62
     7
100
AcDbCircle
 10
281.4681918656
 20
177.0357050601
 30
0.0
 40
28.4338495637338
100
AcDbArc
 50
33.4402788052
 51
81.272393611
  0
ARC
  5
8B
330
1F
100
AcDbEntity
  8
0
  6
Continuous
 62
     7
100
AcDbCircle
 10
262.7081049641
 20
309.6581251877
 30
0.0
 40
1.000000000000114
100
AcDbArc
 50
90.0
 51
180.0
  0
ARC
  5
8C
330
1F
100
AcDbEntity
  8
0
  6
Continuous
 62
     7
100
AcDbCircle
 10
278.6338400516
 20
309.6581251877
 30
0.0
 40
1.0
100
AcDbArc
 50
0.0000000002
 51
90.0
  0
ARC
  5
8D
330
1F
100
AcDbEntity
  8
0
  6
Continuous
 62
     7
100
AcDbCircle
 10
263.8851738363
 20
304.9306718811
 30
0.0
 40
2.191032844855274
100
AcDbArc
 50
173.5278495341
 51
238.3567414457
  0
ARC
  5
8E
330
1F
100
AcDbEntity
  8
0
  6
Continuous
 62
     7
100
AcDbCircle
 10
277.7499252176
 20
304.9492923573
 30
0.0
 40
1.883914834038649
100
AcDbArc
 50
270.0
 51
0.0000000001
  0
ARC
  5
8F
330
1F
100
AcDbEntity
  8
0
  6
Continuous
 62
     7
100
AcDbCircle
 10
269.2779113191
 20
234.5365361412
 30
0.0
 40
2.999999999999917
100
AcDbArc
 50
180.0
 51
231.2654619088
  0
ARC
  5
90
330
1F
100
AcDbEntity
  8
0
  6
Continuous
 62
     7
100
AcDbCircle
 10
269.2779113191
 20
276.2226321063
 30
0.0
 40
2.999999999999983
100
AcDbArc
 50
125.6204589164
 51
180.0
  0
ARC
  5
91
330
1F
100
AcDbEntity
  8
0
  6
Continuous
 62
     7
100
AcDbCircle
 10
247.6836228168
 20
215.6960084988
 30
0.0
 40
3.000000000000028
100
AcDbArc
 50
270.0
 51
0.0
  0
ARC
  5
92
330
1F
100
AcDbEntity
  8
0
  6
Continuous
 62
     7
100
AcDbCircle
 10
247.6836228168
 20
302.1776456705
 30
0.0
 40
3.0
100
AcDbArc
 50
0.0
 51
90.0
  0
ARC
  5
93
330
1F
100
AcDbEntity
  8
0
  6
Continuous
 62
     7
100
AcDbCircle
 10
262.1086228168
 20
181.5013964072
 30
0.0
 40
1.0
100
AcDbArc
 50
180.0
 51
270.0
  0
ARC
  5
94
330
1F
100
AcDbEntity
  8
0
  6
Continuous
 62
     7
100
AcDbCircle
 10
264.7581459078
 20
181.5013964072
 30
0.0
 40
1.0
100
AcDbArc
 50
270.0
 51
0.0
  0
ARC
  5
95
330
1F
100
AcDbEntity
  8
0
  6
Continuous
 62
     7
100
AcDbCircle
 10
262.1086228168
 20
198.9243628823
 30
0.0
 40
0.9999999999999432
100
AcDbArc
 50
89.9999999998
 51
180.0
  0
ARC
  5
96
330
1F
100
AcDbEntity
  8
0
  6
Continuous
 62
     7
100
AcDbCircle
 10
264.7581459078
 20
198.9243628823
 30
0.0
 40
1.000000000000114
100
AcDbArc
 50
0.0
 51
89.9999999998
  0
ARC
  5
97
330
1F
100
AcDbEntity
  8
0
  6
Continuous
 62
     7
100
AcDbCircle
 10
245.806624868
 20
193.5626761924
 30
0.0
 40
4.951896025694664
100
AcDbArc
 50
350.02216941
 51
80.02216941
  0
ARC
  5
98
330
1F
100
AcDbEntity
  8
0
  6
Continuous
 62
     7
100
AcDbCircle
 10
321.1191860417
 20
52.3902276692
 30
0.0
 40
9.01249999999994
100
AcDbArc
 50
240.1517428092
 51
119.8482571908
  0
CIRCLE
  5
99
330
1F
100
AcDbEntity
  8
0
  6
Continuous
 62
     7
100
AcDbCircle
 10
321.1191860417
 20
52.3902276692
 30
0.0
 40
2.249999999999916
  0
CIRCLE
  5
9A
330
1F
100
AcDbEntity
  8
0
  6
Continuous
 62
     7
100
AcDbCircle
 10
321.1191860417
 20
252.3902276692
 30
0.0
 40
2.249999999999922
  0
ARC
  5
9B
330
1F
100
AcDbEntity
  8
0
  6
Continuous
 62
     7
100
AcDbCircle
 10
321.1191860417
 20
252.3902276692
 30
0.0
 40
9.01249999999998
100
AcDbArc
 50
240.1517428092
 51
119.8482571908
  0
ARC
  5
9C
330
1F
100
AcDbEntity
  8
0
  6
Continuous
 62
     7
100
AcDbCircle
 10
218.2578795597
 20
153.0544188791
 30
0.0
 40
2.78033234243347
100
AcDbArc
 50
172.1514581178
 51
255.2299811097
  0
ARC
  5
9D
330
1F
100
AcDbEntity
  8
0
  6
Continuous
 62
     7
100
AcDbCircle
 10
146.4298086699
 20
83.4615256167
 30
0.0
 40
4.816884324585538
100
AcDbArc
 50
96.0024459845
 51
186.0024459845
  0
ARC
  5
9E
330
1F
100
AcDbEntity
  8
0
  6
Continuous
 62
     7
100
AcDbCircle
 10
193.7115931518
 20
83.5876070698
 30
0.0
 40
4.706718966634817
100
AcDbArc
 50
352.3104147307
 51
82.3104147307
  0
ARC
  5
9F
330
1F
100
AcDbEntity
  8
0
  6
Continuous
 62
     7
100
AcDbCircle
 10
133.1535931421
 20
66.8995040811
 30
0.0
 40
6.558715759513108
100
AcDbArc
 50
22.0258578525
 51
157.9741421476
  0
ARC
  5
A0
330
1F
100
AcDbEntity
  8
0
  6
Continuous
 62
     7
100
AcDbCircle
 10
133.7339924129
 20
49.1820182042
 30
0.0
 40
8.637543447556277
100
AcDbArc
 50
219.5470683378
 51
309.5470683378
  0
ARC
  5
A1
330
1F
100
AcDbEntity
  8
0
  6
Continuous
 62
     7
100
AcDbCircle
 10
207.6773393208
 20
66.5952738448
 30
0.0
 40
6.521021479354771
100
AcDbArc
 50
25.0776769845
 51
154.9223230155
  0
ARC
  5
A2
330
1F
100
AcDbEntity
  8
0
  6
Continuous
 62
     7
100
AcDbCircle
 10
207.09694005
 20
49.0083031781
 30
0.0
 40
8.393017525899172
100
AcDbArc
 50
230.6123025739
 51
320.6123025739
  0
ARC
  5
A3
330
1F
100
AcDbEntity
  8
0
  6
Continuous
 62
     7
100
AcDbCircle
 10
220.2048278927
 20
133.1613709783
 30
0.0
 40
1.000000000000057
100
AcDbArc
 50
180.0
 51
270.0
  0
ARC
  5
A4
330
1F
100
AcDbEntity
  8
0
  6
Continuous
 62
     7
100
AcDbCircle
 10
225.309467297
 20
123.4913234046
 30
0.0
 40
1.653013065136353
100
AcDbArc
 50
86.0695354335
 51
122.4395942154
  0
ARC
  5
A5
330
1F
100
AcDbEntity
  8
0
  6
Continuous
 62
     7
100
AcDbCircle
 10
223.4227743284
 20
123.8545321066
 30
0.0
 40
1.000000000000014
100
AcDbArc
 50
270.0
 51
359.9999999999
  0
ARC
  5
A6
330
1F
100
AcDbEntity
  8
0
  6
Continuous
 62
     7
100
AcDbCircle
 10
222.1168223759
 20
123.8545321066
 30
0.0
 40
1.0
100
AcDbArc
 50
180.0
 51
270.0000000002
  0
ARC
  5
A7
330
1F
100
AcDbEntity
  8
0
  6
Continuous
 62
     7
100
AcDbCircle
 10
219.7048278927
 20
126.5536553592
 30
0.0
 40
0.4999999999999716
100
AcDbArc
 50
90.0
 51
180.0
  0
ARC
  5
A8
330
1F
100
AcDbEntity
  8
0
  6
Continuous
 62
     7
100
AcDbCircle
 10
220.6168223759
 20
126.5536553592
 30
0.0
 40
0.5
100
AcDbArc
 50
0.0
 51
90.0
  0
ARC
  5
A9
330
1F
100
AcDbEntity
  8
0
  6
Continuous
 62
     7
100
AcDbCircle
 10
225.6727743284
 20
129.9404485394
 30
0.0
 40
1.0
100
AcDbArc
 50
180.0
 51
270.0
  0
ARC
  5
AA
330
1F
100
AcDbEntity
  8
0
  6
Continuous
 62
     7
100
AcDbCircle
 10
223.6727743284
 20
131.1613709783
 30
0.0
 40
1.0
100
AcDbArc
 50
0.0
 51
90.0
  0
ARC
  5
AB
330
1F
100
AcDbEntity
  8
0
  6
Continuous
 62
     7
100
AcDbCircle
 10
218.2048278927
 20
126.7896856621
 30
0.0
 40
1.0
100
AcDbArc
 50
270.0
 51
0.0
  0
ARC
  5
AC
330
1F
100
AcDbEntity
  8
0
  6
Continuous
 62
     7
100
AcDbCircle
 10
206.6227743284
 20
134.9696856621
 30
0.0
 40
2.0
100
AcDbArc
 50
90.0
 51
180.0
  0
ARC
  5
AD
330
1F
100
AcDbEntity
  8
0
  6
Continuous
 62
     7
100
AcDbCircle
 10
217.2048278927
 20
134.9696856621
 30
0.0
 40
2.0
100
AcDbArc
 50
0.0
 51
90.0
  0
ARC
  5
AE
330
1F
100
AcDbEntity
  8
0
  6
Continuous
 62
     7
100
AcDbCircle
 10
207.5381195538
 20
128.7975593426
 30
0.0
 40
3.03851875505675
100
AcDbArc
 50
196.3698042321
 51
278.1442799855
  0
ARC
  5
AF
330
1F
100
AcDbEntity
  8
0
  6
Continuous
 62
     7
100
AcDbCircle
 10
131.5120056073
 20
130.0295190678
 30
0.0
 40
3.03851875505667
100
AcDbArc
 50
263.8659912422
 51
345.0034660948
  0
ARC
  5
B0
330
1F
100
AcDbEntity
  8
0
  6
Continuous
 62
     7
100
AcDbCircle
 10
121.9510743495
 20
136.9343443031
 30
0.0
 40
1.999999999999986
100
AcDbArc
 50
90.0
 51
180.0
  0
ARC
  5
B1
330
1F
100
AcDbEntity
  8
0
  6
Continuous
 62
     7
100
AcDbCircle
 10
132.4470369158
 20
136.9343443031
 30
0.0
 40
2.000000000000284
100
AcDbArc
 50
0.0
 51
90.0
  0
ARC
  5
B2
330
1F
100
AcDbEntity
  8
0
  6
Continuous
 62
     7
100
AcDbCircle
 10
120.9510743495
 20
128.0083967613
 30
0.0
 40
1.000000000000114
100
AcDbArc
 50
180.0
 51
270.0
  0
ARC
  5
B3
330
1F
100
AcDbEntity
  8
0
  6
Continuous
 62
     7
100
AcDbCircle
 10
115.4831279138
 20
133.1260296193
 30
0.0
 40
1.0
100
AcDbArc
 50
90.0
 51
180.0
  0
ARC
  5
B4
330
1F
100
AcDbEntity
  8
0
  6
Continuous
 62
     7
100
AcDbCircle
 10
113.4831279138
 20
131.9051071803
 30
0.0
 40
1.0
100
AcDbArc
 50
270.0
 51
0.0
  0
ARC
  5
B5
330
1F
100
AcDbEntity
  8
0
  6
Continuous
 62
     7
100
AcDbCircle
 10
118.5390798663
 20
127.7723664583
 30
0.0
 40
0.5000000000005542
100
AcDbArc
 50
90.0
 51
180.0
  0
ARC
  5
B6
330
1F
100
AcDbEntity
  8
0
  6
Continuous
 62
     7
100
AcDbCircle
 10
119.4510743495
 20
127.7723664583
 30
0.0
 40
0.50000000000027
100
AcDbArc
 50
360.0
 51
90.0
  0
ARC
  5
B7
330
1F
100
AcDbEntity
  8
0
  6
Continuous
 62
     7
100
AcDbCircle
 10
117.0390798663
 20
125.0732432058
 30
0.0
 40
0.9999999999994316
100
AcDbArc
 50
270.0
 51
0.0
  0
ARC
  5
B8
330
1F
100
AcDbEntity
  8
0
  6
Continuous
 62
     7
100
AcDbCircle
 10
115.7331279138
 20
125.0732432058
 30
0.0
 40
0.9999999999994316
100
AcDbArc
 50
180.0
 51
270.0
  0
ARC
  5
B9
330
1F
100
AcDbEntity
  8
0
  6
Continuous
 62
     7
100
AcDbCircle
 10
113.7331279138
 20
126.1051071803
 30
0.0
 40
1.000000000000242
100
AcDbArc
 50
0.0
 51
90.0
  0
ARC
  5
BA
330
1F
100
AcDbEntity
  8
0
  6
Continuous
 62
     7
100
AcDbCircle
 10
118.9510743495
 20
135.1260296193
 30
0.0
 40
1.0
100
AcDbArc
 50
270.0
 51
360.0
  0
ARC
  5
BB
330
1F
100
AcDbEntity
  8
0
  6
Continuous
 62
     7
100
AcDbCircle
 10
111.4280126634
 20
194.0738179959
 30
0.0
 40
2.345035847083671
100
AcDbArc
 50
348.1817880969
 51
78.1817880969
  0
ARC
  5
BC
330
1F
100
AcDbEntity
  8
0
  6
Continuous
 62
     7
100
AcDbCircle
 10
246.4516246013
 20
142.6475877454
 30
0.0
 40
4.559495685960061
100
AcDbArc
 50
260.6603931211
 51
338.1516999023
  0
CIRCLE
  5
BD
330
1F
100
AcDbEntity
  8
0
  6
Continuous
 62
     7
100
AcDbCircle
 10
107.2004062862
 20
352.3078209993
 30
0.0
 40
34.49999999999999
  0
CIRCLE
  5
BE
330
1F
100
AcDbEntity
  8
0
  6
Continuous
 62
     7
100
AcDbCircle
 10
107.2004062862
 20
352.3078209993
 30
0.0
 40
22.68350587667454
  0
CIRCLE
  5
BF
330
1F
100
AcDbEntity
  8
0
  6
Continuous
 62
     7
100
AcDbCircle
 10
107.2004062862
 20
352.3078209993
 30
0.0
 40
9.63205313777976
  0
CIRCLE
  5
C0
330
1F
100
AcDbEntity
  8
0
  6
Continuous
 62
     7
100
AcDbCircle
 10
34.1275882898
 20
353.2866563123
 30
0.0
 40
34.49999999999994
  0
CIRCLE
  5
C1
330
1F
100
AcDbEntity
  8
0
  6
Continuous
 62
     7
100
AcDbCircle
 10
34.1275882898
 20
353.2866563123
 30
0.0
 40
22.68350587667452
  0
CIRCLE
  5
C2
330
1F
100
AcDbEntity
  8
0
  6
Continuous
 62
     7
100
AcDbCircle
 10
34.1275882898
 20
353.2866563123
 30
0.0
 40
9.63205313777973
  0
CIRCLE
  5
C3
330
1F
100
AcDbEntity
  8
0
  6
Continuous
 62
     7
100
AcDbCircle
 10
166.5735506914
 20
307.7399041936
 30
0.0
 40
34.49999999999989
  0
CIRCLE
  5
C4
330
1F
100
AcDbEntity
  8
0
  6
Continuous
 62
     7
100
AcDbCircle
 10
166.5735506914
 20
307.7399041936
 30
0.0
 40
22.68350587667452
  0
CIRCLE
  5
C5
330
1F
100
AcDbEntity
  8
0
  6
Continuous
 62
     7
100
AcDbCircle
 10
166.5735506914
 20
307.7399041936
 30
0.0
 40
9.632053137779744
  0
CIRCLE
  5
C6
330
1F
100
AcDbEntity
  8
0
  6
Continuous
 62
     7
100
AcDbCircle
 10
165.7530912331
 20
231.3822892897
 30
0.0
 40
34.49999999999999
  0
CIRCLE
  5
C7
330
1F
100
AcDbEntity
  8
0
  6
Continuous
 62
     7
100
AcDbCircle
 10
165.7530912331
 20
231.3822892897
 30
0.0
 40
22.68350587667459
  0
CIRCLE
  5
C8
330
1F
100
AcDbEntity
  8
0
  6
Continuous
 62
     7
100
AcDbCircle
 10
165.7530912331
 20
231.3822892897
 30
0.0
 40
9.63205313777976
  0
CIRCLE
  5
C9
330
1F
100
AcDbEntity
  8
0
  6
Continuous
 62
     7
100
AcDbCircle
 10
166.9257867007
 20
157.7450620241
 30
0.0
 40
34.49999999999995
  0
CIRCLE
  5
CA
330
1F
100
AcDbEntity
  8
0
  6
Continuous
 62
     7
100
AcDbCircle
 10
166.9257867007
 20
157.7450620241
 30
0.0
 40
22.68350587667447
  0
CIRCLE
  5
CB
330
1F
100
AcDbEntity
  8
0
  6
Continuous
 62
     7
100
AcDbCircle
 10
166.9257867007
 20
157.7450620241
 30
0.0
 40
9.632053137779744
  0
CIRCLE
  5
CC
330
1F
100
AcDbEntity
  8
0
  6
Continuous
 62
     7
100
AcDbCircle
 10
211.5105196693
 20
364.4153384089
 30
0.0
 40
34.49999999999996
  0
CIRCLE
  5
CD
330
1F
100
AcDbEntity
  8
0
  6
Continuous
 62
     7
100
AcDbCircle
 10
211.5105196693
 20
364.4153384089
 30
0.0
 40
22.68350587667455
  0
CIRCLE
  5
CE
330
1F
100
AcDbEntity
  8
0
  6
Continuous
 62
     7
100
AcDbCircle
 10
211.5105196693
 20
364.4153384089
 30
0.0
 40
9.632053137779744
  0
CIRCLE
  5
CF
330
1F
100
AcDbEntity
  8
0
  6
Continuous
 62
     7
100
AcDbCircle
 10
281.5199789874
 20
354.4396339796
 30
0.0
 40
34.49999999999996
  0
CIRCLE
  5
D0
330
1F
100
AcDbEntity
  8
0
  6
Continuous
 62
     7
100
AcDbCircle
 10
281.5199789874
 20
354.4396339796
 30
0.0
 40
22.68350587667455
  0
CIRCLE
  5
D1
330
1F
100
AcDbEntity
  8
0
  6
Continuous
 62
     7
100
AcDbCircle
 10
281.5199789874
 20
354.4396339796
 30
0.0
 40
9.632053137779744
  0
CIRCLE
  5
D2
330
1F
100
AcDbEntity
  8
0
  6
Continuous
 62
     7
100
AcDbCircle
 10
55.7260059686
 20
124.7979403187
 30
0.0
 40
1.512500000000004
  0
ARC
  5
D3
330
1F
100
AcDbEntity
  8
0
  6
Continuous
 62
     7
100
AcDbCircle
 10
353.1108715285
 20
124.6202543551
 30
0.0
 40
7.000000000000057
100
AcDbArc
 50
90.0
 51
180.0
  0
ARC
  5
D4
330
1F
100
AcDbEntity
  8
0
  6
Continuous
 62
     7
100
AcDbCircle
 10
457.9806902533
 20
124.6202543551
 30
0.0
 40
7.0
100
AcDbArc
 50
0.0
 51
90.0
  0
ARC
  5
D5
330
1F
100
AcDbEntity
  8
0
  6
Continuous
 62
     7
100
AcDbCircle
 10
463.9806902533
 20
84.6772546719
 30
0.0
 40
1.0
100
AcDbArc
 50
270.0
 51
0.0
  0
ARC
  5
D6
330
1F
100
AcDbEntity
  8
0
  6
Continuous
 62
     7
100
AcDbCircle
 10
347.1108715285
 20
84.6772546719
 30
0.0
 40
1.0
100
AcDbArc
 50
180.0
 51
270.0
  0
CIRCLE
  5
D7
330
1F
100
AcDbEntity
  8
0
  6
Continuous
 62
     7
100
AcDbCircle
 10
448.8284293639
 20
54.7580825835
 30
0.0
 40
8.145988983173027
  0
ARC
  5
D8
330
1F
100
AcDbEntity
  8
0
  6
Continuous
 62
     7
100
AcDbCircle
 10
386.7753355509
 20
42.4106936053
 30
0.0
 40
3.735535977630093
100
AcDbArc
 50
180.0
 51
0.0
  0
ARC
  5
D9
330
1F
100
AcDbEntity
  8
0
  6
Continuous
 62
     7
100
AcDbCircle
 10
386.7753355509
 20
61.9086854899
 30
0.0
 40
3.735535977630093
100
AcDbArc
 50
0.0
 51
180.0
  0
ARC
  5
DA
330
1F
100
AcDbEntity
  8
0
  6
Continuous
 62
     7
100
AcDbCircle
 10
395.8114088093
 20
42.4356936053
 30
0.0
 40
3.735535977630036
100
AcDbArc
 50
180.0
 51
0.0
  0
ARC
  5
DB
330
1F
100
AcDbEntity
  8
0
  6
Continuous
 62
     7
100
AcDbCircle
 10
395.8114088093
 20
61.9336854899
 30
0.0
 40
3.735535977630036
100
AcDbArc
 50
0.0
 51
180.0
  0
ARC
  5
DC
330
1F
100
AcDbEntity
  8
0
  6
Continuous
 62
     7
100
AcDbCircle
 10
403.3240513521
 20
42.4106936053
 30
0.0
 40
3.735535977630036
100
AcDbArc
 50
180.0
 51
0.0
  0
ARC
  5
DD
330
1F
100
AcDbEntity
  8
0
  6
Continuous
 62
     7
100
AcDbCircle
 10
403.3240513521
 20
61.9086854899
 30
0.0
 40
3.735535977630036
100
AcDbArc
 50
0.0
 51
180.0
  0
ARC
  5
DE
330
1F
100
AcDbEntity
  8
0
  6
Continuous
 62
     7
100
AcDbCircle
 10
412.7758046028
 20
42.4106936053
 30
0.0
 40
3.735535977630036
100
AcDbArc
 50
180.0
 51
0.0
  0
ARC
  5
DF
330
1F
100
AcDbEntity
  8
0
  6
Continuous
 62
     7
100
AcDbCircle
 10
412.7758046028
 20
61.9086854899
 30
0.0
 40
3.735535977630036
100
AcDbArc
 50
0.0
 51
180.0
  0
ARC
  5
E0
330
1F
100
AcDbEntity
  8
0
  6
Continuous
 62
     7
100
AcDbCircle
 10
421.0404774349
 20
42.4106936053
 30
0.0
 40
3.735535977630093
100
AcDbArc
 50
180.0
 51
0.0
  0
ARC
  5
E1
330
1F
100
AcDbEntity
  8
0
  6
Continuous
 62
     7
100
AcDbCircle
 10
421.0404774349
 20
61.9086854899
 30
0.0
 40
3.735535977630093
100
AcDbArc
 50
0.0
 51
180.0
  0
ARC
  5
E2
330
1F
100
AcDbEntity
  8
0
  6
Continuous
 62
     7
100
AcDbCircle
 10
429.2121414173
 20
42.4106936053
 30
0.0
 40
3.735535977630036
100
AcDbArc
 50
180.0
 51
0.0
  0
ARC
  5
E3
330
1F
100
AcDbEntity
  8
0
  6
Continuous
 62
     7
100
AcDbCircle
 10
429.2121414173
 20
61.9086854899
 30
0.0
 40
3.735535977630036
100
AcDbArc
 50
0.0
 51
180.0
  0
ARC
  5
E4
330
1F
100
AcDbEntity
  8
0
  6
Continuous
 62
     7
100
AcDbCircle
 10
379.2864075061
 20
42.4106936053
 30
0.0
 40
3.735535977630093
100
AcDbArc
 50
180.0
 51
0.0
  0
ARC
  5
E5
330
1F
100
AcDbEntity
  8
0
  6
Continuous
 62
     7
100
AcDbCircle
 10
379.2864075061
 20
61.9086854899
 30
0.0
 40
3.735535977630036
100
AcDbArc
 50
0.0
 51
180.0
  0
CIRCLE
  5
E6
330
1F
100
AcDbEntity
  8
0
  6
Continuous
 62
     7
100
AcDbCircle
 10
359.4489145698
 20
54.7580825835
 30
0.0
 40
8.145988983173027
  0
ARC
  5
E7
330
1F
100
AcDbEntity
  8
0
  6
Continuous
 62
     7
100
AcDbCircle
 10
361.9996770487
 20
52.1596895476
 30
0.0
 40
13.80403957094764
100
AcDbArc
 50
90.0
 51
270.0
  0
ARC
  5
E8
330
1F
100
AcDbEntity
  8
0
  6
Continuous
 62
     7
100
AcDbCircle
 10
446.8360806429
 20
52.1596895476
 30
0.0
 40
13.80403957094764
100
AcDbArc
 50
270.0
 51
90.0
  0
ARC
  5
E9
330
1F
100
AcDbEntity
  8
0
  6
Continuous
 62
     7
100
AcDbCircle
 10
345.4462037633
 20
29.1111605273
 30
0.0
 40
1.692991127391683
100
AcDbArc
 50
73.5474558876
 51
163.5474558876
  0
ARC
  5
EA
330
1F
100
AcDbEntity
  8
0
  6
Continuous
 62
     7
100
AcDbCircle
 10
362.6144142983
 20
28.9314693731
 30
0.0
 40
1.920061437357026
100
AcDbArc
 50
20.0788458428
 51
110.0788458428
  0
ARC
  5
EB
330
1F
100
AcDbEntity
  8
0
  6
Continuous
 62
     7
100
AcDbCircle
 10
362.2965864635
 20
23.9568421497
 30
0.0
 40
2.148480770963346
100
AcDbArc
 50
260.858012231
 51
350.858012231
  0
ARC
  5
EC
330
1F
100
AcDbEntity
  8
0
  6
Continuous
 62
     7
100
AcDbCircle
 10
353.5554882211
 20
35.2660820941
 30
0.0
 40
13.68237610240558
100
AcDbArc
 50
224.6551550966
 51
258.9876646835
  0
ARC
  5
ED
330
1F
100
AcDbEntity
  8
0
  6
Continuous
 62
     7
100
AcDbCircle
 10
447.0385459812
 20
28.7500788352
 30
0.0
 40
2.155413041596397
100
AcDbArc
 50
67.046614763
 51
157.046614763
  0
ARC
  5
EE
330
1F
100
AcDbEntity
  8
0
  6
Continuous
 62
     7
100
AcDbCircle
 10
464.2827722829
 20
29.1033923307
 30
0.0
 40
1.702649463675385
100
AcDbArc
 50
16.62921217
 51
106.6292121699
  0
ARC
  5
EF
330
1F
100
AcDbEntity
  8
0
  6
Continuous
 62
     7
100
AcDbCircle
 10
458.5996133115
 20
30.6789613572
 30
0.0
 40
8.876821568424912
100
AcDbArc
 50
274.9802158325
 51
325.4883445563
  0
ARC
  5
F0
330
1F
100
AcDbEntity
  8
0
  6
Continuous
 62
     7
100
AcDbCircle
 10
447.5270508753
 20
24.3089097468
 30
0.0
 40
2.498190285607932
100
AcDbArc
 50
188.1016102336
 51
278.1016102336
  0
ARC
  5
F1
330
1F
100
AcDbEntity
  8
0
  6
Continuous
 62
     7
100
AcDbCircle
 10
347.735548426
 20
247.6496293492
 30
0.0
 40
4.280795223902721
100
AcDbArc
 50
84.8545117401
 51
174.85451174
  0
ARC
  5
F2
330
1F
100
AcDbEntity
  8
0
  6
Continuous
 62
     7
100
AcDbCircle
 10
462.2814521491
 20
246.8598169269
 30
0.0
 40
5.057465944662626
100
AcDbArc
 50
2.3098108559
 51
92.309810856
  0
ARC
  5
F3
330
1F
100
AcDbEntity
  8
0
  6
Continuous
 62
     7
100
AcDbCircle
 10
349.99635177
 20
187.5713311163
 30
0.0
 40
5.000000000000028
100
AcDbArc
 50
90.0
 51
180.0
  0
ARC
  5
F4
330
1F
100
AcDbEntity
  8
0
  6
Continuous
 62
     7
100
AcDbCircle
 10
461.4367392952
 20
187.5713311163
 30
0.0
 40
5.000000000000028
100
AcDbArc
 50
0.0
 51
90.0
  0
ARC
  5
F5
330
1F
100
AcDbEntity
  8
0
  6
Continuous
 62
     7
100
AcDbCircle
 10
461.4367392952
 20
161.5108036204
 30
0.0
 40
5.0
100
AcDbArc
 50
270.0
 51
0.0
  0
ARC
  5
F6
330
1F
100
AcDbEntity
  8
0
  6
Continuous
 62
     7
100
AcDbCircle
 10
349.99635177
 20
161.5108036204
 30
0.0
 40
5.0
100
AcDbArc
 50
180.0
 51
270.0
  0
ARC
  5
F7
330
1F
100
AcDbEntity
  8
0
  6
Continuous
 62
     7
100
AcDbCircle
 10
444.1000069423
 20
207.3080580562
 30
0.0
 40
4.763622246229772
100
AcDbArc
 50
180.0
 51
0.0
  0
ARC
  5
F8
330
1F
100
AcDbEntity
  8
0
  6
Continuous
 62
     7
100
AcDbCircle
 10
444.1000069423
 20
219.6696523741
 30
0.0
 40
4.763622246229772
100
AcDbArc
 50
0.0
 51
180.0
  0
ARC
  5
F9
330
1F
100
AcDbEntity
  8
0
  6
Continuous
 62
     7
100
AcDbCircle
 10
491.1200025023
 20
333.8452928312
 30
0.0
 40
2.500163044431249
100
AcDbArc
 50
90.9167426948
 51
269.9981064762
  0
ARC
  5
FA
330
1F
100
AcDbEntity
  8
0
  6
Continuous
 62
     7
100
AcDbCircle
 10
491.12000357
 20
343.8452929451
 30
0.0
 40
2.500163027909708
100
AcDbArc
 50
90.9167202996
 51
269.9913742741
  0
ARC
  5
FB
330
1F
100
AcDbEntity
  8
0
  6
Continuous
 62
     7
100
AcDbCircle
 10
526.3042705965
 20
373.8481884217
 30
0.0
 40
7.497215946124603
100
AcDbArc
 50
87.7824471697
 51
133.0234787547
  0
ARC
  5
FC
330
1F
100
AcDbEntity
  8
0
  6
Continuous
 62
     7
100
AcDbCircle
 10
587.435567672
 20
373.8481884217
 30
0.0
 40
7.497215946132413
100
AcDbArc
 50
46.9765212453
 51
92.21755283
  0
ARC
  5
FD
330
1F
100
AcDbEntity
  8
0
  6
Continuous
 62
     7
100
AcDbCircle
 10
622.6198336326
 20
343.8452929621
 30
0.0
 40
2.500163027889569
100
AcDbArc
 50
270.0086256802
 51
89.0832552703
  0
ARC
  5
FE
330
1F
100
AcDbEntity
  8
0
  6
Continuous
 62
     7
100
AcDbCircle
 10
622.6198357669
 20
333.8452928484
 30
0.0
 40
2.50016304442842
100
AcDbArc
 50
270.0086257108
 51
89.0832573191
  0
LINE
  5
FF
330
1F
100
AcDbEntity
  8
0
  6
Continuous
 62
     7
100
AcDbLine
 10
234.6876340124
 20
117.639228429
 30
0.0
 11
234.6876340124
 21
98.639228429
 31
0.0
  0
LINE
  5
100
330
1F
100
AcDbEntity
  8
0
  6
Continuous
 62
     7
100
AcDbLine
 10
99.2126340124
 20
10.839228429
 30
0.0
 11
99.2126340124
 21
39.739228429
 31
0.0
  0
LINE
  5
101
330
1F
100
AcDbEntity
  8
0
  6
Continuous
 62
     7
100
AcDbLine
 10
14.9874298756
 20
10.7250693736
 30
0.0
 11
14.9874298756
 21
42.547353249
 31
0.0
  0
LINE
  5
102
330
1F
100
AcDbEntity
  8
0
  6
Continuous
 62
     7
100
AcDbLine
 10
14.9874298756
 20
310.7250693736
 30
0.0
 11
41.8874298756
 21
310.7250693736
 31
0.0
  0
LINE
  5
103
330
1F
100
AcDbEntity
  8
0
  6
Continuous
 62
     7
100
AcDbLine
 10
119.9874298756
 20
145.6569062397
 30
0.0
 11
103.6478903693
 21
135.9605435855
 31
0.0
  0
LINE
  5
104
330
1F
100
AcDbEntity
  8
0
  6
Continuous
 62
     7
100
AcDbLine
 10
99.2126340124
 20
10.839228429
 30
0.0
 11
118.2126340124
 21
10.839228429
 31
0.0
  0
LINE
  5
105
330
1F
100
AcDbEntity
  8
0
  6
Continuous
 62
     7
100
AcDbLine
 10
100.9874298756
 20
310.7250693736
 30
0.0
 11
100.9874298756
 21
313.7750693736
 31
0.0
  0
LINE
  5
106
330
1F
100
AcDbEntity
  8
0
  6
Continuous
 62
     7
100
AcDbLine
 10
14.9874298756
 20
258.1812751889
 30
0.0
 11
14.9874298756
 21
310.7250693736
 31
0.0
  0
LINE
  5
107
330
1F
100
AcDbEntity
  8
0
  6
Continuous
 62
     7
100
AcDbLine
 10
119.9874298756
 20
310.7250693736
 30
0.0
 11
119.9874298756
 21
291.7250693736
 31
0.0
  0
LINE
  5
108
330
1F
100
AcDbEntity
  8
0
  6
Continuous
 62
     7
100
AcDbLine
 10
14.9874298756
 20
58.1812751889
 30
0.0
 11
14.9874298756
 21
242.547353249
 31
0.0
  0
LINE
  5
109
330
1F
100
AcDbEntity
  8
0
  6
Continuous
 62
     7
100
AcDbLine
 10
100.9874298756
 20
313.7750693736
 30
0.0
 11
80.9374298756
 21
313.7750693736
 31
0.0
  0
LINE
  5
10A
330
1F
100
AcDbEntity
  8
0
  6
Continuous
 62
     7
100
AcDbLine
 10
80.9374298756
 20
313.7750693736
 30
0.0
 11
80.9374298756
 21
310.7250693736
 31
0.0
  0
LINE
  5
10B
330
1F
100
AcDbEntity
  8
0
  6
Continuous
 62
     7
100
AcDbLine
 10
119.9874298756
 20
291.7250693736
 30
0.0
 11
123.0374298756
 21
291.7250693736
 31
0.0
  0
LINE
  5
10C
330
1F
100
AcDbEntity
  8
0
  6
Continuous
 62
     7
100
AcDbLine
 10
61.9374298756
 20
310.7250693736
 30
0.0
 11
61.9374298756
 21
313.7750693736
 31
0.0
  0
LINE
  5
10D
330
1F
100
AcDbEntity
  8
0
  6
Continuous
 62
     7
100
AcDbLine
 10
61.9374298756
 20
313.7750693736
 30
0.0
 11
41.8874298756
 21
313.7750693736
 31
0.0
  0
LINE
  5
10E
330
1F
100
AcDbEntity
  8
0
  6
Continuous
 62
     7
100
AcDbLine
 10
41.8874298756
 20
313.7750693736
 30
0.0
 11
41.8874298756
 21
310.7250693736
 31
0.0
  0
LINE
  5
10F
330
1F
100
AcDbEntity
  8
0
  6
Continuous
 62
     7
100
AcDbLine
 10
61.9374298756
 20
310.7250693736
 30
0.0
 11
80.9374298756
 21
310.7250693736
 31
0.0
  0
LINE
  5
110
330
1F
100
AcDbEntity
  8
0
  6
Continuous
 62
     7
100
AcDbLine
 10
100.9874298756
 20
310.7250693736
 30
0.0
 11
119.9874298756
 21
310.7250693736
 31
0.0
  0
LINE
  5
111
330
1F
100
AcDbEntity
  8
0
  6
Continuous
 62
     7
100
AcDbLine
 10
123.0374298756
 20
291.7250693736
 30
0.0
 11
123.0374298756
 21
271.6750693736
 31
0.0
  0
LINE
  5
112
330
1F
100
AcDbEntity
  8
0
  6
Continuous
 62
     7
100
AcDbLine
 10
123.0374298756
 20
271.6750693736
 30
0.0
 11
119.9874298756
 21
271.6750693736
 31
0.0
  0
LINE
  5
113
330
1F
100
AcDbEntity
  8
0
  6
Continuous
 62
     7
100
AcDbLine
 10
103.6478903693
 20
135.9605435855
 30
0.0
 11
105.2044117428
 21
133.3376175069
 31
0.0
  0
LINE
  5
114
330
1F
100
AcDbEntity
  8
0
  6
Continuous
 62
     7
100
AcDbLine
 10
119.9874298756
 20
252.6750693736
 30
0.0
 11
123.0374298756
 21
252.6750693736
 31
0.0
  0
LINE
  5
115
330
1F
100
AcDbEntity
  8
0
  6
Continuous
 62
     7
100
AcDbLine
 10
123.0374298756
 20
252.6750693736
 30
0.0
 11
123.0374298756
 21
232.6250693736
 31
0.0
  0
LINE
  5
116
330
1F
100
AcDbEntity
  8
0
  6
Continuous
 62
     7
100
AcDbLine
 10
123.0374298756
 20
232.6250693736
 30
0.0
 11
119.9874298756
 21
232.6250693736
 31
0.0
  0
LINE
  5
117
330
1F
100
AcDbEntity
  8
0
  6
Continuous
 62
     7
100
AcDbLine
 10
105.2044117428
 20
133.3376175069
 30
0.0
 11
87.9618976848
 21
123.1054032323
 31
0.0
  0
LINE
  5
118
330
1F
100
AcDbEntity
  8
0
  6
Continuous
 62
     7
100
AcDbLine
 10
119.9874298756
 20
213.6250693736
 30
0.0
 11
123.0374298756
 21
213.6250693736
 31
0.0
  0
LINE
  5
119
330
1F
100
AcDbEntity
  8
0
  6
Continuous
 62
     7
100
AcDbLine
 10
123.0374298756
 20
213.6250693736
 30
0.0
 11
123.0374298756
 21
193.5750693736
 31
0.0
  0
LINE
  5
11A
330
1F
100
AcDbEntity
  8
0
  6
Continuous
 62
     7
100
AcDbLine
 10
123.0374298756
 20
193.5750693736
 30
0.0
 11
119.9874298756
 21
193.5750693736
 31
0.0
  0
LINE
  5
11B
330
1F
100
AcDbEntity
  8
0
  6
Continuous
 62
     7
100
AcDbLine
 10
119.9874298756
 20
193.5750693736
 30
0.0
 11
119.9874298756
 21
145.6569062397
 31
0.0
  0
LINE
  5
11C
330
1F
100
AcDbEntity
  8
0
  6
Continuous
 62
     7
100
AcDbLine
 10
119.9874298756
 20
232.6250693736
 30
0.0
 11
119.9874298756
 21
213.6250693736
 31
0.0
  0
LINE
  5
11D
330
1F
100
AcDbEntity
  8
0
  6
Continuous
 62
     7
100
AcDbLine
 10
119.9874298756
 20
271.6750693736
 30
0.0
 11
119.9874298756
 21
252.6750693736
 31
0.0
  0
LINE
  5
11E
330
1F
100
AcDbEntity
  8
0
  6
Continuous
 62
     7
100
AcDbLine
 10
87.9618976848
 20
123.1054032323
 30
0.0
 11
86.4053763113
 21
125.728329311
 31
0.0
  0
LINE
  5
11F
330
1F
100
AcDbEntity
  8
0
  6
Continuous
 62
     7
100
AcDbLine
 10
86.4053763113
 20
125.728329311
 30
0.0
 11
67.4874298756
 21
114.5018642541
 31
0.0
  0
LINE
  5
120
330
1F
100
AcDbEntity
  8
0
  6
Continuous
 62
     7
100
AcDbLine
 10
67.4874298756
 20
114.5018642541
 30
0.0
 11
67.4874298756
 21
95.5018642541
 31
0.0
  0
LINE
  5
121
330
1F
100
AcDbEntity
  8
0
  6
Continuous
 62
     7
100
AcDbLine
 10
67.4874298756
 20
95.5018642541
 30
0.0
 11
70.5374298756
 21
95.5018642541
 31
0.0
  0
LINE
  5
122
330
1F
100
AcDbEntity
  8
0
  6
Continuous
 62
     7
100
AcDbLine
 10
70.5374298756
 20
95.5018642541
 30
0.0
 11
70.5374298756
 21
75.4518642541
 31
0.0
  0
LINE
  5
123
330
1F
100
AcDbEntity
  8
0
  6
Continuous
 62
     7
100
AcDbLine
 10
70.5374298756
 20
75.4518642541
 30
0.0
 11
67.4874298756
 21
75.4518642541
 31
0.0
  0
LINE
  5
124
330
1F
100
AcDbEntity
  8
0
  6
Continuous
 62
     7
100
AcDbLine
 10
67.4874298756
 20
10.7250693736
 30
0.0
 11
48.4874298756
 21
10.7250693736
 31
0.0
  0
LINE
  5
125
330
1F
100
AcDbEntity
  8
0
  6
Continuous
 62
     7
100
AcDbLine
 10
67.4874298756
 20
56.4518642541
 30
0.0
 11
70.5374298756
 21
56.4518642541
 31
0.0
  0
LINE
  5
126
330
1F
100
AcDbEntity
  8
0
  6
Continuous
 62
     7
100
AcDbLine
 10
70.5374298756
 20
56.4518642541
 30
0.0
 11
70.5374298756
 21
36.4018642541
 31
0.0
  0
LINE
  5
127
330
1F
100
AcDbEntity
  8
0
  6
Continuous
 62
     7
100
AcDbLine
 10
70.5374298756
 20
36.4018642541
 30
0.0
 11
67.4874298756
 21
36.4018642541
 31
0.0
  0
LINE
  5
128
330
1F
100
AcDbEntity
  8
0
  6
Continuous
 62
     7
100
AcDbLine
 10
67.4874298756
 20
36.4018642541
 30
0.0
 11
67.4874298756
 21
10.7250693736
 31
0.0
  0
LINE
  5
129
330
1F
100
AcDbEntity
  8
0
  6
Continuous
 62
     7
100
AcDbLine
 10
67.4874298756
 20
75.4518642541
 30
0.0
 11
67.4874298756
 21
56.4518642541
 31
0.0
  0
LINE
  5
12A
330
1F
100
AcDbEntity
  8
0
  6
Continuous
 62
     7
100
AcDbLine
 10
48.4874298756
 20
10.7250693736
 30
0.0
 11
48.4874298756
 21
7.6750693736
 31
0.0
  0
LINE
  5
12B
330
1F
100
AcDbEntity
  8
0
  6
Continuous
 62
     7
100
AcDbLine
 10
48.4874298756
 20
7.6750693736
 30
0.0
 11
28.4374298756
 21
7.6750693736
 31
0.0
  0
LINE
  5
12C
330
1F
100
AcDbEntity
  8
0
  6
Continuous
 62
     7
100
AcDbLine
 10
28.4374298756
 20
7.6750693736
 30
0.0
 11
28.4374298756
 21
10.7250693736
 31
0.0
  0
LINE
  5
12D
330
1F
100
AcDbEntity
  8
0
  6
Continuous
 62
     7
100
AcDbLine
 10
28.4374298756
 20
10.7250693736
 30
0.0
 11
14.9874298756
 21
10.7250693736
 31
0.0
  0
LINE
  5
12E
330
1F
100
AcDbEntity
  8
0
  6
Continuous
 62
     7
100
AcDbLine
 10
118.2126340124
 20
117.639228429
 30
0.0
 11
216.2938867197
 21
117.639228429
 31
0.0
  0
LINE
  5
12F
330
1F
100
AcDbEntity
  8
0
  6
Continuous
 62
     7
100
AcDbLine
 10
99.2126340124
 20
117.639228429
 30
0.0
 11
118.2126340124
 21
117.639228429
 31
0.0
  0
LINE
  5
130
330
1F
100
AcDbEntity
  8
0
  6
Continuous
 62
     7
100
AcDbLine
 10
221.6727743284
 20
132.1613709783
 30
0.0
 11
223.6727743284
 21
132.1613709783
 31
0.0
  0
LINE
  5
131
330
1F
100
AcDbEntity
  8
0
  6
Continuous
 62
     7
100
AcDbLine
 10
138.3938867197
 20
117.639228429
 30
0.0
 11
157.3938867197
 21
117.639228429
 31
0.0
  0
LINE
  5
132
330
1F
100
AcDbEntity
  8
0
  6
Continuous
 62
     7
100
AcDbLine
 10
177.3438867197
 20
117.639228429
 30
0.0
 11
196.3438867197
 21
117.639228429
 31
0.0
  0
LINE
  5
133
330
1F
100
AcDbEntity
  8
0
  6
Continuous
 62
     7
100
AcDbLine
 10
216.2938867197
 20
117.639228429
 30
0.0
 11
234.6876340124
 21
117.639228429
 31
0.0
  0
LINE
  5
134
330
1F
100
AcDbEntity
  8
0
  6
Continuous
 62
     7
100
AcDbLine
 10
99.2126340124
 20
98.639228429
 30
0.0
 11
102.2626340124
 21
98.639228429
 31
0.0
  0
LINE
  5
135
330
1F
100
AcDbEntity
  8
0
  6
Continuous
 62
     7
100
AcDbLine
 10
102.2626340124
 20
98.639228429
 30
0.0
 11
102.2626340124
 21
78.689228429
 31
0.0
  0
LINE
  5
136
330
1F
100
AcDbEntity
  8
0
  6
Continuous
 62
     7
100
AcDbLine
 10
102.2626340124
 20
78.689228429
 30
0.0
 11
99.2126340124
 21
78.689228429
 31
0.0
  0
LINE
  5
137
330
1F
100
AcDbEntity
  8
0
  6
Continuous
 62
     7
100
AcDbLine
 10
224.6727743284
 20
129.9404485394
 30
0.0
 11
224.6727743284
 21
131.1613709783
 31
0.0
  0
LINE
  5
138
330
1F
100
AcDbEntity
  8
0
  6
Continuous
 62
     7
100
AcDbLine
 10
99.2126340124
 20
59.689228429
 30
0.0
 11
102.2626340124
 21
59.689228429
 31
0.0
  0
LINE
  5
139
330
1F
100
AcDbEntity
  8
0
  6
Continuous
 62
     7
100
AcDbLine
 10
102.2626340124
 20
59.689228429
 30
0.0
 11
102.2626340124
 21
39.739228429
 31
0.0
  0
LINE
  5
13A
330
1F
100
AcDbEntity
  8
0
  6
Continuous
 62
     7
100
AcDbLine
 10
102.2626340124
 20
39.739228429
 30
0.0
 11
99.2126340124
 21
39.739228429
 31
0.0
  0
LINE
  5
13B
330
1F
100
AcDbEntity
  8
0
  6
Continuous
 62
     7
100
AcDbLine
 10
99.2126340124
 20
98.639228429
 30
0.0
 11
99.2126340124
 21
117.639228429
 31
0.0
  0
LINE
  5
13C
330
1F
100
AcDbEntity
  8
0
  6
Continuous
 62
     7
100
AcDbLine
 10
99.2126340124
 20
59.689228429
 30
0.0
 11
99.2126340124
 21
78.689228429
 31
0.0
  0
LINE
  5
13D
330
1F
100
AcDbEntity
  8
0
  6
Continuous
 62
     7
100
AcDbLine
 10
216.0626340124
 20
13.889228429
 30
0.0
 11
216.0626340124
 21
10.839228429
 31
0.0
  0
LINE
  5
13E
330
1F
100
AcDbEntity
  8
0
  6
Continuous
 62
     7
100
AcDbLine
 10
196.1126340124
 20
13.889228429
 30
0.0
 11
216.0626340124
 21
13.889228429
 31
0.0
  0
LINE
  5
13F
330
1F
100
AcDbEntity
  8
0
  6
Continuous
 62
     7
100
AcDbLine
 10
196.1126340124
 20
10.839228429
 30
0.0
 11
196.1126340124
 21
13.889228429
 31
0.0
  0
LINE
  5
140
330
1F
100
AcDbEntity
  8
0
  6
Continuous
 62
     7
100
AcDbLine
 10
177.1126340124
 20
13.889228429
 30
0.0
 11
177.1126340124
 21
10.839228429
 31
0.0
  0
LINE
  5
141
330
1F
100
AcDbEntity
  8
0
  6
Continuous
 62
     7
100
AcDbLine
 10
157.1626340124
 20
13.889228429
 30
0.0
 11
177.1126340124
 21
13.889228429
 31
0.0
  0
LINE
  5
142
330
1F
100
AcDbEntity
  8
0
  6
Continuous
 62
     7
100
AcDbLine
 10
157.1626340124
 20
10.839228429
 30
0.0
 11
157.1626340124
 21
13.889228429
 31
0.0
  0
LINE
  5
143
330
1F
100
AcDbEntity
  8
0
  6
Continuous
 62
     7
100
AcDbLine
 10
138.1626340124
 20
13.889228429
 30
0.0
 11
138.1626340124
 21
10.839228429
 31
0.0
  0
LINE
  5
144
330
1F
100
AcDbEntity
  8
0
  6
Continuous
 62
     7
100
AcDbLine
 10
118.2126340124
 20
13.889228429
 30
0.0
 11
138.1626340124
 21
13.889228429
 31
0.0
  0
LINE
  5
145
330
1F
100
AcDbEntity
  8
0
  6
Continuous
 62
     7
100
AcDbLine
 10
118.2126340124
 20
10.839228429
 30
0.0
 11
118.2126340124
 21
13.889228429
 31
0.0
  0
LINE
  5
146
330
1F
100
AcDbEntity
  8
0
  6
Continuous
 62
     7
100
AcDbLine
 10
138.1626340124
 20
10.839228429
 30
0.0
 11
157.1626340124
 21
10.839228429
 31
0.0
  0
LINE
  5
147
330
1F
100
AcDbEntity
  8
0
  6
Continuous
 62
     7
100
AcDbLine
 10
177.1126340124
 20
10.839228429
 30
0.0
 11
196.1126340124
 21
10.839228429
 31
0.0
  0
LINE
  5
148
330
1F
100
AcDbEntity
  8
0
  6
Continuous
 62
     7
100
AcDbLine
 10
216.0626340124
 20
10.839228429
 30
0.0
 11
234.6876340124
 21
10.839228429
 31
0.0
  0
LINE
  5
149
330
1F
100
AcDbEntity
  8
0
  6
Continuous
 62
     7
100
AcDbLine
 10
231.6626340124
 20
39.739228429
 30
0.0
 11
234.6876340124
 21
39.739228429
 31
0.0
  0
LINE
  5
14A
330
1F
100
AcDbEntity
  8
0
  6
Continuous
 62
     7
100
AcDbLine
 10
231.6626340124
 20
59.689228429
 30
0.0
 11
231.6626340124
 21
39.739228429
 31
0.0
  0
LINE
  5
14B
330
1F
100
AcDbEntity
  8
0
  6
Continuous
 62
     7
100
AcDbLine
 10
234.6876340124
 20
59.689228429
 30
0.0
 11
231.6626340124
 21
59.689228429
 31
0.0
  0
LINE
  5
14C
330
1F
100
AcDbEntity
  8
0
  6
Continuous
 62
     7
100
AcDbLine
 10
231.6626340124
 20
78.689228429
 30
0.0
 11
234.6876340124
 21
78.689228429
 31
0.0
  0
LINE
  5
14D
330
1F
100
AcDbEntity
  8
0
  6
Continuous
 62
     7
100
AcDbLine
 10
234.6876340124
 20
98.639228429
 30
0.0
 11
231.6626340124
 21
98.639228429
 31
0.0
  0
LINE
  5
14E
330
1F
100
AcDbEntity
  8
0
  6
Continuous
 62
     7
100
AcDbLine
 10
231.6626340124
 20
98.639228429
 30
0.0
 11
231.6626340124
 21
78.689228429
 31
0.0
  0
LINE
  5
14F
330
1F
100
AcDbEntity
  8
0
  6
Continuous
 62
     7
100
AcDbLine
 10
234.6876340124
 20
78.689228429
 30
0.0
 11
234.6876340124
 21
59.689228429
 31
0.0
  0
LINE
  5
150
330
1F
100
AcDbEntity
  8
0
  6
Continuous
 62
     7
100
AcDbLine
 10
234.6876340124
 20
39.739228429
 30
0.0
 11
234.6876340124
 21
10.839228429
 31
0.0
  0
LINE
  5
151
330
1F
100
AcDbEntity
  8
0
  6
Continuous
 62
     7
100
AcDbLine
 10
52.9872126409
 20
308.4951852637
 30
0.0
 11
68.9129477284
 21
308.4951852637
 31
0.0
  0
LINE
  5
152
330
1F
100
AcDbEntity
  8
0
  6
Continuous
 62
     7
100
AcDbLine
 10
69.9129477284
 20
307.4951852637
 30
0.0
 11
69.9129477284
 21
303.0147057465
 31
0.0
  0
LINE
  5
153
330
1F
100
AcDbEntity
  8
0
  6
Continuous
 62
     7
100
AcDbLine
 10
68.8853578189
 20
300.9024375992
 30
0.0
 11
53.8711274749
 21
300.9024375992
 31
0.0
  0
LINE
  5
154
330
1F
100
AcDbEntity
  8
0
  6
Continuous
 62
     7
100
AcDbLine
 10
51.9872126409
 20
302.7863524333
 30
0.0
 11
51.9872126409
 21
307.4951852637
 31
0.0
  0
LINE
  5
155
330
1F
100
AcDbEntity
  8
0
  6
Continuous
 62
     7
100
AcDbLine
 10
76.8513678418
 20
310.7250693736
 30
0.0
 11
76.8513678418
 21
202.9773760627
 31
0.0
  0
LINE
  5
156
330
1F
100
AcDbEntity
  8
0
  6
Continuous
 62
     7
100
AcDbLine
 10
76.8513678418
 20
202.9773760627
 30
0.0
 11
123.0374298756
 21
202.9773760627
 31
0.0
  0
LINE
  5
157
330
1F
100
AcDbEntity
  8
0
  6
Continuous
 62
     7
100
AcDbLine
 10
83.9374298756
 20
303.0147057465
 30
0.0
 11
110.7233392348
 21
303.0147057465
 31
0.0
  0
LINE
  5
158
330
1F
100
AcDbEntity
  8
0
  6
Continuous
 62
     7
100
AcDbLine
 10
113.7233392348
 20
300.0147057465
 30
0.0
 11
113.7233392348
 21
213.5330685748
 31
0.0
  0
LINE
  5
159
330
1F
100
AcDbEntity
  8
0
  6
Continuous
 62
     7
100
AcDbLine
 10
110.7233392348
 20
210.5330685748
 30
0.0
 11
83.9374298756
 21
210.5330685748
 31
0.0
  0
LINE
  5
15A
330
1F
100
AcDbEntity
  8
0
  6
Continuous
 62
     7
100
AcDbLine
 10
80.9374298756
 20
213.5330685748
 30
0.0
 11
80.9374298756
 21
300.0147057465
 31
0.0
  0
LINE
  5
15B
330
1F
100
AcDbEntity
  8
0
  6
Continuous
 62
     7
100
AcDbLine
 10
14.9874298756
 20
292.9879459811
 30
0.0
 11
34.5954035442
 21
284.473013563
 31
0.0
  0
LINE
  5
15C
330
1F
100
AcDbEntity
  8
0
  6
Continuous
 62
     7
100
AcDbLine
 10
34.5954035442
 20
284.473013563
 30
0.0
 11
34.5954035442
 21
310.7250693736
 31
0.0
  0
LINE
  5
15D
330
1F
100
AcDbEntity
  8
0
  6
Continuous
 62
     7
100
AcDbLine
 10
34.5954035442
 20
284.473013563
 30
0.0
 11
50.9718252969
 21
273.6000350764
 31
0.0
  0
LINE
  5
15E
330
1F
100
AcDbEntity
  8
0
  6
Continuous
 62
     7
100
AcDbLine
 10
52.3124437707
 20
271.100744587
 30
0.0
 11
52.3124437707
 21
232.4353198149
 31
0.0
  0
LINE
  5
15F
330
1F
100
AcDbEntity
  8
0
  6
Continuous
 62
     7
100
AcDbLine
 10
51.1109197615
 20
230.0341775637
 30
0.0
 11
14.9874298756
 21
202.9773760627
 31
0.0
  0
LINE
  5
160
330
1F
100
AcDbEntity
  8
0
  6
Continuous
 62
     7
100
AcDbLine
 10
14.9874298756
 20
190.5417355361
 30
0.0
 11
64.2202803398
 21
230.0334361157
 31
0.0
  0
LINE
  5
161
330
1F
100
AcDbEntity
  8
0
  6
Continuous
 62
     7
100
AcDbLine
 10
65.3431413733
 20
232.3735962172
 30
0.0
 11
65.3431413733
 21
274.0596921823
 31
0.0
  0
LINE
  5
162
330
1F
100
AcDbEntity
  8
0
  6
Continuous
 62
     7
100
AcDbLine
 10
64.0903811874
 20
276.4983707244
 30
0.0
 11
34.5954035442
 21
297.6306349251
 31
0.0
  0
LINE
  5
163
330
1F
100
AcDbEntity
  8
0
  6
Continuous
 62
     7
100
AcDbLine
 10
14.9874298756
 20
112.3707970276
 30
0.0
 11
57.3440425368
 21
85.4906251754
 31
0.0
  0
LINE
  5
164
330
1F
100
AcDbEntity
  8
0
  6
Continuous
 62
     7
100
AcDbLine
 10
58.7365686286
 20
82.9576372887
 30
0.0
 11
58.7365686286
 21
26.1236040832
 31
0.0
  0
LINE
  5
165
330
1F
100
AcDbEntity
  8
0
  6
Continuous
 62
     7
100
AcDbLine
 10
56.9535892723
 20
23.3815499713
 30
0.0
 11
28.4374298756
 21
10.7250693736
 31
0.0
  0
LINE
  5
166
330
1F
100
AcDbEntity
  8
0
  6
Continuous
 62
     7
100
AcDbLine
 10
14.9874298756
 20
95.5018642541
 30
0.0
 11
50.653656714
 21
71.6759672057
 31
0.0
  0
LINE
  5
167
330
1F
100
AcDbEntity
  8
0
  6
Continuous
 62
     7
100
AcDbLine
 10
51.9872126409
 20
69.1813802357
 30
0.0
 11
51.9872126409
 21
32.0188062748
 31
0.0
  0
LINE
  5
168
330
1F
100
AcDbEntity
  8
0
  6
Continuous
 62
     7
100
AcDbLine
 10
50.2262266436
 20
29.2866195497
 30
0.0
 11
14.9874298756
 21
13.3062466733
 31
0.0
  0
LINE
  5
169
330
1F
100
AcDbEntity
  8
0
  6
Continuous
 62
     7
100
AcDbLine
 10
76.8513678418
 20
202.9773760627
 30
0.0
 11
45.8383914882
 21
202.9773760627
 31
0.0
  0
LINE
  5
16A
330
1F
100
AcDbEntity
  8
0
  6
Continuous
 62
     7
100
AcDbLine
 10
26.4259316616
 20
190.5417355363
 30
0.0
 11
26.4259316616
 21
128.8625885153
 31
0.0
  0
LINE
  5
16B
330
1F
100
AcDbEntity
  8
0
  6
Continuous
 62
     7
100
AcDbLine
 10
34.5954035442
 20
120.9401478119
 30
0.0
 11
78.3367134986
 21
120.9401478119
 31
0.0
  0
LINE
  5
16C
330
1F
100
AcDbEntity
  8
0
  6
Continuous
 62
     7
100
AcDbLine
 10
85.8721654102
 20
132.6531874796
 30
0.0
 11
111.908292847
 21
149.6319690733
 31
0.0
  0
LINE
  5
16D
330
1F
100
AcDbEntity
  8
0
  6
Continuous
 62
     7
100
AcDbLine
 10
113.7233392348
 20
152.9824880946
 30
0.0
 11
113.7233392348
 21
193.5935378124
 31
0.0
  0
LINE
  5
16E
330
1F
100
AcDbEntity
  8
0
  6
Continuous
 62
     7
100
AcDbLine
 10
84.9717559383
 20
196.3691445673
 30
0.0
 11
111.908292847
 21
196.3691445673
 31
0.0
  0
LINE
  5
16F
330
1F
100
AcDbEntity
  8
0
  6
Continuous
 62
     7
100
AcDbLine
 10
80.9374298756
 20
190.5417355361
 30
0.0
 11
80.9374298756
 21
134.945958382
 31
0.0
  0
LINE
  5
170
330
1F
100
AcDbEntity
  8
0
  6
Continuous
 62
     7
100
AcDbLine
 10
247.6836228168
 20
305.1776456705
 30
0.0
 11
218.5035919678
 21
305.1776456705
 31
0.0
  0
LINE
  5
171
330
1F
100
AcDbEntity
  8
0
  6
Continuous
 62
     7
100
AcDbLine
 10
66.8629067847
 20
178.3384564832
 30
0.0
 11
69.5124298756
 21
178.3384564832
 31
0.0
  0
LINE
  5
172
330
1F
100
AcDbEntity
  8
0
  6
Continuous
 62
     7
100
AcDbLine
 10
65.8629067847
 20
179.3384564832
 30
0.0
 11
65.8629067847
 21
196.7614229583
 31
0.0
  0
LINE
  5
173
330
1F
100
AcDbEntity
  8
0
  6
Continuous
 62
     7
100
AcDbLine
 10
66.8629067847
 20
197.7614229583
 30
0.0
 11
69.5124298756
 21
197.7614229583
 31
0.0
  0
LINE
  5
174
330
1F
100
AcDbEntity
  8
0
  6
Continuous
 62
     7
100
AcDbLine
 10
70.5124298756
 20
179.3384564832
 30
0.0
 11
70.5124298756
 21
196.7614229583
 31
0.0
  0
LINE
  5
175
330
1F
100
AcDbEntity
  8
0
  6
Continuous
 62
     7
100
AcDbLine
 10
229.6727743284
 20
128.9404485394
 30
0.0
 11
225.6727743284
 21
128.9404485394
 31
0.0
  0
LINE
  5
176
330
1F
100
AcDbEntity
  8
0
  6
Continuous
 62
     7
100
AcDbLine
 10
229.6727743284
 20
125.1404485394
 30
0.0
 11
229.6727743284
 21
128.9404485394
 31
0.0
  0
LINE
  5
177
330
1F
100
AcDbEntity
  8
0
  6
Continuous
 62
     7
100
AcDbLine
 10
230.6336228168
 20
312.7509828239
 30
0.0
 11
211.6336228168
 21
312.7509828239
 31
0.0
  0
LINE
  5
178
330
1F
100
AcDbEntity
  8
0
  6
Continuous
 62
     7
100
AcDbLine
 10
211.6336228168
 20
312.7509828239
 30
0.0
 11
211.6336228168
 21
293.7509828239
 31
0.0
  0
LINE
  5
179
330
1F
100
AcDbEntity
  8
0
  6
Continuous
 62
     7
100
AcDbLine
 10
211.6336228168
 20
293.7509828239
 30
0.0
 11
208.6086228168
 21
293.7509828239
 31
0.0
  0
LINE
  5
17A
330
1F
100
AcDbEntity
  8
0
  6
Continuous
 62
     7
100
AcDbLine
 10
208.6086228168
 20
293.7509828239
 30
0.0
 11
208.6086228168
 21
273.7009828239
 31
0.0
  0
LINE
  5
17B
330
1F
100
AcDbEntity
  8
0
  6
Continuous
 62
     7
100
AcDbLine
 10
208.6086228168
 20
273.7009828239
 30
0.0
 11
211.6336228168
 21
273.7009828239
 31
0.0
  0
LINE
  5
17C
330
1F
100
AcDbEntity
  8
0
  6
Continuous
 62
     7
100
AcDbLine
 10
211.6336228168
 20
273.7009828239
 30
0.0
 11
211.6336228168
 21
254.7009828239
 31
0.0
  0
LINE
  5
17D
330
1F
100
AcDbEntity
  8
0
  6
Continuous
 62
     7
100
AcDbLine
 10
211.6336228168
 20
254.7009828239
 30
0.0
 11
208.6086228168
 21
254.7009828239
 31
0.0
  0
LINE
  5
17E
330
1F
100
AcDbEntity
  8
0
  6
Continuous
 62
     7
100
AcDbLine
 10
208.6086228168
 20
254.7009828239
 30
0.0
 11
208.6086228168
 21
234.6509828239
 31
0.0
  0
LINE
  5
17F
330
1F
100
AcDbEntity
  8
0
  6
Continuous
 62
     7
100
AcDbLine
 10
208.6086228168
 20
234.6509828239
 30
0.0
 11
211.6336228168
 21
234.6509828239
 31
0.0
  0
LINE
  5
180
330
1F
100
AcDbEntity
  8
0
  6
Continuous
 62
     7
100
AcDbLine
 10
211.6336228168
 20
234.6509828239
 30
0.0
 11
211.6336228168
 21
215.6509828239
 31
0.0
  0
LINE
  5
181
330
1F
100
AcDbEntity
  8
0
  6
Continuous
 62
     7
100
AcDbLine
 10
215.5035919678
 20
302.1776456705
 30
0.0
 11
215.5035919678
 21
215.6960084988
 31
0.0
  0
LINE
  5
182
330
1F
100
AcDbEntity
  8
0
  6
Continuous
 62
     7
100
AcDbLine
 10
211.6336228168
 20
215.6509828239
 30
0.0
 11
208.6086228168
 21
215.6509828239
 31
0.0
  0
LINE
  5
183
330
1F
100
AcDbEntity
  8
0
  6
Continuous
 62
     7
100
AcDbLine
 10
208.6086228168
 20
215.6509828239
 30
0.0
 11
208.6086228168
 21
195.6009828239
 31
0.0
  0
LINE
  5
184
330
1F
100
AcDbEntity
  8
0
  6
Continuous
 62
     7
100
AcDbLine
 10
208.6086228168
 20
195.6009828239
 30
0.0
 11
211.6336228168
 21
195.6009828239
 31
0.0
  0
LINE
  5
185
330
1F
100
AcDbEntity
  8
0
  6
Continuous
 62
     7
100
AcDbLine
 10
218.5035919678
 20
212.6960084988
 30
0.0
 11
247.6836228168
 21
212.6960084988
 31
0.0
  0
LINE
  5
186
330
1F
100
AcDbEntity
  8
0
  6
Continuous
 62
     7
100
AcDbLine
 10
254.7696848507
 20
205.1403159867
 30
0.0
 11
208.6086228168
 21
205.1403159867
 31
0.0
  0
LINE
  5
187
330
1F
100
AcDbEntity
  8
0
  6
Continuous
 62
     7
100
AcDbLine
 10
246.6646256002
 20
198.4396741412
 30
0.0
 11
218.7866469563
 21
198.4396741412
 31
0.0
  0
LINE
  5
188
330
1F
100
AcDbEntity
  8
0
  6
Continuous
 62
     7
100
AcDbLine
 10
211.6336228168
 20
195.6009828239
 30
0.0
 11
211.6336228168
 21
147.68281969
 31
0.0
  0
LINE
  5
189
330
1F
100
AcDbEntity
  8
0
  6
Continuous
 62
     7
100
AcDbLine
 10
215.5035919678
 20
153.4340868861
 30
0.0
 11
215.5035919678
 21
195.7380092977
 31
0.0
  0
LINE
  5
18A
330
1F
100
AcDbEntity
  8
0
  6
Continuous
 62
     7
100
AcDbLine
 10
245.7116824366
 20
138.148533789
 30
0.0
 11
217.5490621489
 21
150.3659572721
 31
0.0
  0
LINE
  5
18B
330
1F
100
AcDbEntity
  8
0
  6
Continuous
 62
     7
100
AcDbLine
 10
211.6336228168
 20
147.68281969
 30
0.0
 11
227.9731623231
 21
137.9864570358
 31
0.0
  0
LINE
  5
18C
330
1F
100
AcDbEntity
  8
0
  6
Continuous
 62
     7
100
AcDbLine
 10
225.4227743284
 20
125.1404485394
 30
0.0
 11
229.6727743284
 21
125.1404485394
 31
0.0
  0
LINE
  5
18D
330
1F
100
AcDbEntity
  8
0
  6
Continuous
 62
     7
100
AcDbLine
 10
224.4227743284
 20
123.8545321066
 30
0.0
 11
224.4227743284
 21
124.8863960812
 31
0.0
  0
LINE
  5
18E
330
1F
100
AcDbEntity
  8
0
  6
Continuous
 62
     7
100
AcDbLine
 10
297.0256491482
 20
123.103087736
 30
0.0
 11
253.2843391939
 21
123.103087736
 31
0.0
  0
LINE
  5
18F
330
1F
100
AcDbEntity
  8
0
  6
Continuous
 62
     7
100
AcDbLine
 10
305.1951210309
 20
192.7046754602
 30
0.0
 11
305.1951210309
 21
131.0255284393
 31
0.0
  0
LINE
  5
190
330
1F
100
AcDbEntity
  8
0
  6
Continuous
 62
     7
100
AcDbLine
 10
254.7696848507
 20
205.1403159867
 30
0.0
 11
285.7826612042
 21
205.1403159867
 31
0.0
  0
LINE
  5
191
330
1F
100
AcDbEntity
  8
0
  6
Continuous
 62
     7
100
AcDbLine
 10
281.3948260488
 20
31.4495594737
 30
0.0
 11
316.6336228168
 21
15.4691865973
 31
0.0
  0
LINE
  5
192
330
1F
100
AcDbEntity
  8
0
  6
Continuous
 62
     7
100
AcDbLine
 10
279.6338400516
 20
71.3443201597
 30
0.0
 11
279.6338400516
 21
34.1817461988
 31
0.0
  0
LINE
  5
193
330
1F
100
AcDbEntity
  8
0
  6
Continuous
 62
     7
100
AcDbLine
 10
316.6336228168
 20
97.6648041781
 30
0.0
 11
280.9673959784
 21
73.8389071298
 31
0.0
  0
LINE
  5
194
330
1F
100
AcDbEntity
  8
0
  6
Continuous
 62
     7
100
AcDbLine
 10
274.6674634202
 20
25.5444898954
 30
0.0
 11
303.1836228168
 21
12.7509828239
 31
0.0
  0
LINE
  5
195
330
1F
100
AcDbEntity
  8
0
  6
Continuous
 62
     7
100
AcDbLine
 10
272.8844840639
 20
85.1205772126
 30
0.0
 11
272.8844840639
 21
28.2865440073
 31
0.0
  0
LINE
  5
196
330
1F
100
AcDbEntity
  8
0
  6
Continuous
 62
     7
100
AcDbLine
 10
316.6336228168
 20
114.5337369517
 30
0.0
 11
274.2770101556
 21
87.6535650993
 31
0.0
  0
LINE
  5
197
330
1F
100
AcDbEntity
  8
0
  6
Continuous
 62
     7
100
AcDbLine
 10
280.510132931
 20
232.1971174878
 30
0.0
 11
316.6336228168
 21
205.1403159867
 31
0.0
  0
LINE
  5
198
330
1F
100
AcDbEntity
  8
0
  6
Continuous
 62
     7
100
AcDbLine
 10
279.3086089218
 20
273.263684511
 30
0.0
 11
279.3086089218
 21
234.5982597389
 31
0.0
  0
LINE
  5
199
330
1F
100
AcDbEntity
  8
0
  6
Continuous
 62
     7
100
AcDbLine
 10
297.0256491483
 20
286.6359534871
 30
0.0
 11
280.6492273955
 21
275.7629750004
 31
0.0
  0
LINE
  5
19A
330
1F
100
AcDbEntity
  8
0
  6
Continuous
 62
     7
100
AcDbLine
 10
297.0256491483
 20
286.6359534871
 30
0.0
 11
297.0256491483
 21
312.8880092977
 31
0.0
  0
LINE
  5
19B
330
1F
100
AcDbEntity
  8
0
  6
Continuous
 62
     7
100
AcDbLine
 10
316.6336228168
 20
295.1508859051
 30
0.0
 11
297.0256491483
 21
286.6359534871
 31
0.0
  0
LINE
  5
19C
330
1F
100
AcDbEntity
  8
0
  6
Continuous
 62
     7
100
AcDbLine
 10
254.7696848507
 20
312.8880092977
 30
0.0
 11
254.7696848507
 21
205.1403159867
 31
0.0
  0
LINE
  5
19D
330
1F
100
AcDbEntity
  8
0
  6
Continuous
 62
     7
100
AcDbLine
 10
261.1086228168
 20
181.5013964072
 30
0.0
 11
261.1086228168
 21
198.9243628823
 31
0.0
  0
LINE
  5
19E
330
1F
100
AcDbEntity
  8
0
  6
Continuous
 62
     7
100
AcDbLine
 10
264.7581459078
 20
199.9243628823
 30
0.0
 11
262.1086228168
 21
199.9243628823
 31
0.0
  0
LINE
  5
19F
330
1F
100
AcDbEntity
  8
0
  6
Continuous
 62
     7
100
AcDbLine
 10
265.7581459078
 20
181.5013964072
 30
0.0
 11
265.7581459078
 21
198.9243628823
 31
0.0
  0
LINE
  5
1A0
330
1F
100
AcDbEntity
  8
0
  6
Continuous
 62
     7
100
AcDbLine
 10
264.7581459078
 20
180.5013964072
 30
0.0
 11
262.1086228168
 21
180.5013964072
 31
0.0
  0
LINE
  5
1A1
330
1F
100
AcDbEntity
  8
0
  6
Continuous
 62
     7
100
AcDbLine
 10
250.6836228168
 20
192.7046754602
 30
0.0
 11
250.6836228168
 21
140.9507695424
 31
0.0
  0
LINE
  5
1A2
330
1F
100
AcDbEntity
  8
0
  6
Continuous
 62
     7
100
AcDbLine
 10
267.530671505
 20
278.6613106485
 30
0.0
 11
297.0256491483
 21
299.7935748492
 31
0.0
  0
LINE
  5
1A3
330
1F
100
AcDbEntity
  8
0
  6
Continuous
 62
     7
100
AcDbLine
 10
266.2779113191
 20
234.5365361412
 30
0.0
 11
266.2779113191
 21
276.2226321063
 31
0.0
  0
LINE
  5
1A4
330
1F
100
AcDbEntity
  8
0
  6
Continuous
 62
     7
100
AcDbLine
 10
316.6336228168
 20
192.7046754602
 30
0.0
 11
267.4007723526
 21
232.1963760397
 31
0.0
  0
LINE
  5
1A5
330
1F
100
AcDbEntity
  8
0
  6
Continuous
 62
     7
100
AcDbLine
 10
250.6836228168
 20
215.6960084988
 30
0.0
 11
250.6836228168
 21
302.1776456705
 31
0.0
  0
LINE
  5
1A6
330
1F
100
AcDbEntity
  8
0
  6
Continuous
 62
     7
100
AcDbLine
 10
279.6338400516
 20
304.9492923573
 30
0.0
 11
279.6338400516
 21
309.6581251877
 31
0.0
  0
LINE
  5
1A7
330
1F
100
AcDbEntity
  8
0
  6
Continuous
 62
     7
100
AcDbLine
 10
262.7356948735
 20
303.0653775233
 30
0.0
 11
277.7499252176
 21
303.0653775233
 31
0.0
  0
LINE
  5
1A8
330
1F
100
AcDbEntity
  8
0
  6
Continuous
 62
     7
100
AcDbLine
 10
261.7081049641
 20
309.6581251877
 30
0.0
 11
261.7081049641
 21
305.1776456705
 31
0.0
  0
LINE
  5
1A9
330
1F
100
AcDbEntity
  8
0
  6
Continuous
 62
     7
100
AcDbLine
 10
278.6338400516
 20
310.6581251877
 30
0.0
 11
262.7081049641
 21
310.6581251877
 31
0.0
  0
LINE
  5
1AA
330
1F
100
AcDbEntity
  8
0
  6
Continuous
 62
     7
100
AcDbLine
 10
303.1836228168
 20
12.7509828239
 30
0.0
 11
316.6336228168
 21
12.7509828239
 31
0.0
  0
LINE
  5
1AB
330
1F
100
AcDbEntity
  8
0
  6
Continuous
 62
     7
100
AcDbLine
 10
303.1836228168
 20
9.7259828239
 30
0.0
 11
303.1836228168
 21
12.7509828239
 31
0.0
  0
LINE
  5
1AC
330
1F
100
AcDbEntity
  8
0
  6
Continuous
 62
     7
100
AcDbLine
 10
283.1336228168
 20
9.7259828239
 30
0.0
 11
303.1836228168
 21
9.7259828239
 31
0.0
  0
LINE
  5
1AD
330
1F
100
AcDbEntity
  8
0
  6
Continuous
 62
     7
100
AcDbLine
 10
283.1336228168
 20
12.7509828239
 30
0.0
 11
283.1336228168
 21
9.7259828239
 31
0.0
  0
LINE
  5
1AE
330
1F
100
AcDbEntity
  8
0
  6
Continuous
 62
     7
100
AcDbLine
 10
264.1336228168
 20
77.4777777044
 30
0.0
 11
264.1336228168
 21
58.4777777044
 31
0.0
  0
LINE
  5
1AF
330
1F
100
AcDbEntity
  8
0
  6
Continuous
 62
     7
100
AcDbLine
 10
264.1336228168
 20
38.4277777044
 30
0.0
 11
264.1336228168
 21
12.7509828239
 31
0.0
  0
LINE
  5
1B0
330
1F
100
AcDbEntity
  8
0
  6
Continuous
 62
     7
100
AcDbLine
 10
261.1086228168
 20
38.4277777044
 30
0.0
 11
264.1336228168
 21
38.4277777044
 31
0.0
  0
LINE
  5
1B1
330
1F
100
AcDbEntity
  8
0
  6
Continuous
 62
     7
100
AcDbLine
 10
261.1086228168
 20
58.4777777044
 30
0.0
 11
261.1086228168
 21
38.4277777044
 31
0.0
  0
LINE
  5
1B2
330
1F
100
AcDbEntity
  8
0
  6
Continuous
 62
     7
100
AcDbLine
 10
264.1336228168
 20
58.4777777044
 30
0.0
 11
261.1086228168
 21
58.4777777044
 31
0.0
  0
LINE
  5
1B3
330
1F
100
AcDbEntity
  8
0
  6
Continuous
 62
     7
100
AcDbLine
 10
264.1336228168
 20
12.7509828239
 30
0.0
 11
283.1336228168
 21
12.7509828239
 31
0.0
  0
LINE
  5
1B4
330
1F
100
AcDbEntity
  8
0
  6
Continuous
 62
     7
100
AcDbLine
 10
261.1086228168
 20
77.4777777044
 30
0.0
 11
264.1336228168
 21
77.4777777044
 31
0.0
  0
LINE
  5
1B5
330
1F
100
AcDbEntity
  8
0
  6
Continuous
 62
     7
100
AcDbLine
 10
261.1086228168
 20
97.5277777044
 30
0.0
 11
261.1086228168
 21
77.4777777044
 31
0.0
  0
LINE
  5
1B6
330
1F
100
AcDbEntity
  8
0
  6
Continuous
 62
     7
100
AcDbLine
 10
264.1336228168
 20
97.5277777044
 30
0.0
 11
261.1086228168
 21
97.5277777044
 31
0.0
  0
LINE
  5
1B7
330
1F
100
AcDbEntity
  8
0
  6
Continuous
 62
     7
100
AcDbLine
 10
264.1336228168
 20
116.5277777044
 30
0.0
 11
264.1336228168
 21
97.5277777044
 31
0.0
  0
LINE
  5
1B8
330
1F
100
AcDbEntity
  8
0
  6
Continuous
 62
     7
100
AcDbLine
 10
245.2156763811
 20
127.7542427613
 30
0.0
 11
264.1336228168
 21
116.5277777044
 31
0.0
  0
LINE
  5
1B9
330
1F
100
AcDbEntity
  8
0
  6
Continuous
 62
     7
100
AcDbLine
 10
243.6719133796
 20
125.1528160767
 30
0.0
 11
245.2156763811
 21
127.7542427613
 31
0.0
  0
LINE
  5
1BA
330
1F
100
AcDbEntity
  8
0
  6
Continuous
 62
     7
100
AcDbLine
 10
226.4293993216
 20
135.3850303513
 30
0.0
 11
243.6719133796
 21
125.1528160767
 31
0.0
  0
LINE
  5
1BB
330
1F
100
AcDbEntity
  8
0
  6
Continuous
 62
     7
100
AcDbLine
 10
227.9731623231
 20
137.9864570358
 30
0.0
 11
226.4293993216
 21
135.3850303513
 31
0.0
  0
LINE
  5
1BC
330
1F
100
AcDbEntity
  8
0
  6
Continuous
 62
     7
100
AcDbLine
 10
269.6836228168
 20
312.7509828239
 30
0.0
 11
250.6836228168
 21
312.7509828239
 31
0.0
  0
LINE
  5
1BD
330
1F
100
AcDbEntity
  8
0
  6
Continuous
 62
     7
100
AcDbLine
 10
289.7336228168
 20
315.7759828239
 30
0.0
 11
289.7336228168
 21
312.7509828239
 31
0.0
  0
LINE
  5
1BE
330
1F
100
AcDbEntity
  8
0
  6
Continuous
 62
     7
100
AcDbLine
 10
269.6836228168
 20
315.7759828239
 30
0.0
 11
289.7336228168
 21
315.7759828239
 31
0.0
  0
LINE
  5
1BF
330
1F
100
AcDbEntity
  8
0
  6
Continuous
 62
     7
100
AcDbLine
 10
269.6836228168
 20
312.7509828239
 30
0.0
 11
269.6836228168
 21
315.7759828239
 31
0.0
  0
LINE
  5
1C0
330
1F
100
AcDbEntity
  8
0
  6
Continuous
 62
     7
100
AcDbLine
 10
250.6836228168
 20
315.7759828239
 30
0.0
 11
250.6836228168
 21
312.7509828239
 31
0.0
  0
LINE
  5
1C1
330
1F
100
AcDbEntity
  8
0
  6
Continuous
 62
     7
100
AcDbLine
 10
230.6336228168
 20
315.7759828239
 30
0.0
 11
250.6836228168
 21
315.7759828239
 31
0.0
  0
LINE
  5
1C2
330
1F
100
AcDbEntity
  8
0
  6
Continuous
 62
     7
100
AcDbLine
 10
316.6336228168
 20
60.2071886392
 30
0.0
 11
316.6336228168
 21
244.5732666993
 31
0.0
  0
LINE
  5
1C3
330
1F
100
AcDbEntity
  8
0
  6
Continuous
 62
     7
100
AcDbLine
 10
316.6336228168
 20
260.2071886392
 30
0.0
 11
316.6336228168
 21
312.7509828239
 31
0.0
  0
LINE
  5
1C4
330
1F
100
AcDbEntity
  8
0
  6
Continuous
 62
     7
100
AcDbLine
 10
230.6336228168
 20
312.7509828239
 30
0.0
 11
230.6336228168
 21
315.7759828239
 31
0.0
  0
LINE
  5
1C5
330
1F
100
AcDbEntity
  8
0
  6
Continuous
 62
     7
100
AcDbLine
 10
316.6336228168
 20
312.7509828239
 30
0.0
 11
289.7336228168
 21
312.7509828239
 31
0.0
  0
LINE
  5
1C6
330
1F
100
AcDbEntity
  8
0
  6
Continuous
 62
     7
100
AcDbLine
 10
316.6336228168
 20
12.7509828239
 30
0.0
 11
316.6336228168
 21
44.5732666993
 31
0.0
  0
LINE
  5
1C7
330
1F
100
AcDbEntity
  8
0
  6
Continuous
 62
     7
100
AcDbLine
 10
198.3759871279
 20
82.9578195924
 30
0.0
 11
192.3240773799
 21
10.839228429
 31
0.0
  0
LINE
  5
1C8
330
1F
100
AcDbEntity
  8
0
  6
Continuous
 62
     7
100
AcDbLine
 10
141.6393332407
 20
82.9578195924
 30
0.0
 11
147.6626340124
 21
10.839228429
 31
0.0
  0
LINE
  5
1C9
330
1F
100
AcDbEntity
  8
0
  6
Continuous
 62
     7
100
AcDbLine
 10
145.9261026455
 20
88.2520010459
 30
0.0
 11
194.3413806293
 21
88.2520010459
 31
0.0
  0
LINE
  5
1CA
330
1F
100
AcDbEntity
  8
0
  6
Continuous
 62
     7
100
AcDbLine
 10
139.2336190541
 20
69.3591864434
 30
0.0
 11
139.2336190541
 21
42.5215930214
 31
0.0
  0
LINE
  5
1CB
330
1F
100
AcDbEntity
  8
0
  6
Continuous
 62
     7
100
AcDbLine
 10
127.0735672301
 20
69.3591864434
 30
0.0
 11
127.0735672301
 21
43.682391563
 31
0.0
  0
LINE
  5
1CC
330
1F
100
AcDbEntity
  8
0
  6
Continuous
 62
     7
100
AcDbLine
 10
201.7710284348
 20
69.3591864434
 30
0.0
 11
201.7710284348
 21
42.5215930214
 31
0.0
  0
LINE
  5
1CD
330
1F
100
AcDbEntity
  8
0
  6
Continuous
 62
     7
100
AcDbLine
 10
213.5836502067
 20
69.3591864434
 30
0.0
 11
213.5836502067
 21
43.682391563
 31
0.0
  0
LINE
  5
1CE
330
1F
100
AcDbEntity
  8
0
  6
Continuous
 62
     7
100
AcDbLine
 10
129.5055775949
 20
66.8995040811
 30
0.0
 11
129.5055775949
 21
46.2635688626
 31
0.0
  0
LINE
  5
1CF
330
1F
100
AcDbEntity
  8
0
  6
Continuous
 62
     7
100
AcDbLine
 10
136.4541786372
 20
66.8995040811
 30
0.0
 11
136.4541786372
 21
46.2635688626
 31
0.0
  0
LINE
  5
1D0
330
1F
100
AcDbEntity
  8
0
  6
Continuous
 62
     7
100
AcDbLine
 10
133.1535931421
 20
66.8995040811
 30
0.0
 11
133.1535931421
 21
46.2635688626
 31
0.0
  0
LINE
  5
1D1
330
1F
100
AcDbEntity
  8
0
  6
Continuous
 62
     7
100
AcDbLine
 10
207.6773393208
 20
66.5952738448
 30
0.0
 11
207.6773393208
 21
46.2635688626
 31
0.0
  0
LINE
  5
1D2
330
1F
100
AcDbEntity
  8
0
  6
Continuous
 62
     7
100
AcDbLine
 10
204.7241838778
 20
66.5952738448
 30
0.0
 11
204.7241838778
 21
46.2635688626
 31
0.0
  0
LINE
  5
1D3
330
1F
100
AcDbEntity
  8
0
  6
Continuous
 62
     7
100
AcDbLine
 10
210.9779248159
 20
66.5952738448
 30
0.0
 11
210.9779248159
 21
46.2635688626
 31
0.0
  0
LINE
  5
1D4
330
1F
100
AcDbEntity
  8
0
  6
Continuous
 62
     7
100
AcDbLine
 10
152.1626340124
 20
108.4091864434
 30
0.0
 11
152.1626340124
 21
98.564228429
 31
0.0
  0
LINE
  5
1D5
330
1F
100
AcDbEntity
  8
0
  6
Continuous
 62
     7
100
AcDbLine
 10
192.3240773799
 20
96.7391904188
 30
0.0
 11
145.9261026455
 21
96.7391904188
 31
0.0
  0
LINE
  5
1D6
330
1F
100
AcDbEntity
  8
0
  6
Continuous
 62
     7
100
AcDbLine
 10
192.3240773799
 20
96.7391904188
 30
0.0
 11
192.3240773799
 21
109.9210481812
 31
0.0
  0
LINE
  5
1D7
330
1F
100
AcDbEntity
  8
0
  6
Continuous
 62
     7
100
AcDbLine
 10
192.3240773799
 20
109.9210481812
 30
0.0
 11
145.9261026455
 21
109.9210481812
 31
0.0
  0
LINE
  5
1D8
330
1F
100
AcDbEntity
  8
0
  6
Continuous
 62
     7
100
AcDbLine
 10
145.9261026455
 20
96.7391904188
 30
0.0
 11
145.9261026455
 21
109.9210481812
 31
0.0
  0
LINE
  5
1D9
330
1F
100
AcDbEntity
  8
0
  6
Continuous
 62
     7
100
AcDbLine
 10
157.1626340124
 20
108.4091864434
 30
0.0
 11
157.1626340124
 21
98.564228429
 31
0.0
  0
LINE
  5
1DA
330
1F
100
AcDbEntity
  8
0
  6
Continuous
 62
     7
100
AcDbLine
 10
162.1626340124
 20
108.4091864434
 30
0.0
 11
162.1626340124
 21
98.564228429
 31
0.0
  0
LINE
  5
1DB
330
1F
100
AcDbEntity
  8
0
  6
Continuous
 62
     7
100
AcDbLine
 10
167.1626340124
 20
108.4091864434
 30
0.0
 11
167.1626340124
 21
98.564228429
 31
0.0
  0
LINE
  5
1DC
330
1F
100
AcDbEntity
  8
0
  6
Continuous
 62
     7
100
AcDbLine
 10
172.1626340124
 20
108.4091864434
 30
0.0
 11
172.1626340124
 21
98.564228429
 31
0.0
  0
LINE
  5
1DD
330
1F
100
AcDbEntity
  8
0
  6
Continuous
 62
     7
100
AcDbLine
 10
177.1626340124
 20
108.4091864434
 30
0.0
 11
177.1626340124
 21
98.564228429
 31
0.0
  0
LINE
  5
1DE
330
1F
100
AcDbEntity
  8
0
  6
Continuous
 62
     7
100
AcDbLine
 10
182.1626340124
 20
108.4091864434
 30
0.0
 11
182.1626340124
 21
98.564228429
 31
0.0
  0
LINE
  5
1DF
330
1F
100
AcDbEntity
  8
0
  6
Continuous
 62
     7
100
AcDbLine
 10
187.1626340124
 20
108.4091864434
 30
0.0
 11
187.1626340124
 21
98.564228429
 31
0.0
  0
LINE
  5
1E0
330
1F
100
AcDbEntity
  8
0
  6
Continuous
 62
     7
100
AcDbLine
 10
149.1626340124
 20
108.4091864434
 30
0.0
 11
149.1626340124
 21
98.564228429
 31
0.0
  0
LINE
  5
1E1
330
1F
100
AcDbEntity
  8
0
  6
Continuous
 62
     7
100
AcDbLine
 10
190.1626340124
 20
108.4091864434
 30
0.0
 11
190.1626340124
 21
98.564228429
 31
0.0
  0
LINE
  5
1E2
330
1F
100
AcDbEntity
  8
0
  6
Continuous
 62
     7
100
AcDbLine
 10
222.1168223759
 20
122.8545321066
 30
0.0
 11
223.4227743284
 21
122.8545321066
 31
0.0
  0
LINE
  5
1E3
330
1F
100
AcDbEntity
  8
0
  6
Continuous
 62
     7
100
AcDbLine
 10
17.6874298756
 20
265.7250693736
 30
0.0
 11
20.6374298756
 21
265.7250693736
 31
0.0
  0
LINE
  5
1E4
330
1F
100
AcDbEntity
  8
0
  6
Continuous
 62
     7
100
AcDbLine
 10
17.6874298756
 20
265.7250693736
 30
0.0
 11
17.6874298756
 21
245.7750693736
 31
0.0
  0
LINE
  5
1E5
330
1F
100
AcDbEntity
  8
0
  6
Continuous
 62
     7
100
AcDbLine
 10
17.6874298756
 20
245.7750693736
 30
0.0
 11
20.6374298756
 21
245.7750693736
 31
0.0
  0
LINE
  5
1E6
330
1F
100
AcDbEntity
  8
0
  6
Continuous
 62
     7
100
AcDbLine
 10
20.6374298756
 20
265.7250693736
 30
0.0
 11
20.6374298756
 21
245.7750693736
 31
0.0
  0
LINE
  5
1E7
330
1F
100
AcDbEntity
  8
0
  6
Continuous
 62
     7
100
AcDbLine
 10
310.9836228168
 20
77.7009828239
 30
0.0
 11
313.9336228168
 21
77.7009828239
 31
0.0
  0
LINE
  5
1E8
330
1F
100
AcDbEntity
  8
0
  6
Continuous
 62
     7
100
AcDbLine
 10
310.9836228168
 20
267.7509828239
 30
0.0
 11
313.9336228168
 21
267.7509828239
 31
0.0
  0
LINE
  5
1E9
330
1F
100
AcDbEntity
  8
0
  6
Continuous
 62
     7
100
AcDbLine
 10
310.9836228168
 20
267.7509828239
 30
0.0
 11
310.9836228168
 21
247.8009828239
 31
0.0
  0
LINE
  5
1EA
330
1F
100
AcDbEntity
  8
0
  6
Continuous
 62
     7
100
AcDbLine
 10
310.9836228168
 20
247.8009828239
 30
0.0
 11
313.9336228168
 21
247.8009828239
 31
0.0
  0
LINE
  5
1EB
330
1F
100
AcDbEntity
  8
0
  6
Continuous
 62
     7
100
AcDbLine
 10
313.9336228168
 20
267.7509828239
 30
0.0
 11
313.9336228168
 21
247.8009828239
 31
0.0
  0
LINE
  5
1EC
330
1F
100
AcDbEntity
  8
0
  6
Continuous
 62
     7
100
AcDbLine
 10
310.9836228168
 20
77.7009828239
 30
0.0
 11
310.9836228168
 21
57.7509828239
 31
0.0
  0
LINE
  5
1ED
330
1F
100
AcDbEntity
  8
0
  6
Continuous
 62
     7
100
AcDbLine
 10
310.9836228168
 20
57.7509828239
 30
0.0
 11
313.9336228168
 21
57.7509828239
 31
0.0
  0
LINE
  5
1EE
330
1F
100
AcDbEntity
  8
0
  6
Continuous
 62
     7
100
AcDbLine
 10
313.9336228168
 20
77.7009828239
 30
0.0
 11
313.9336228168
 21
57.7509828239
 31
0.0
  0
LINE
  5
1EF
330
1F
100
AcDbEntity
  8
0
  6
Continuous
 62
     7
100
AcDbLine
 10
17.6874298756
 20
75.6750693736
 30
0.0
 11
20.6374298756
 21
75.6750693736
 31
0.0
  0
LINE
  5
1F0
330
1F
100
AcDbEntity
  8
0
  6
Continuous
 62
     7
100
AcDbLine
 10
17.6874298756
 20
75.6750693736
 30
0.0
 11
17.6874298756
 21
55.7250693736
 31
0.0
  0
LINE
  5
1F1
330
1F
100
AcDbEntity
  8
0
  6
Continuous
 62
     7
100
AcDbLine
 10
17.6874298756
 20
55.7250693736
 30
0.0
 11
20.6374298756
 21
55.7250693736
 31
0.0
  0
LINE
  5
1F2
330
1F
100
AcDbEntity
  8
0
  6
Continuous
 62
     7
100
AcDbLine
 10
20.6374298756
 20
75.6750693736
 30
0.0
 11
20.6374298756
 21
55.7250693736
 31
0.0
  0
LINE
  5
1F3
330
1F
100
AcDbEntity
  8
0
  6
Continuous
 62
     7
100
AcDbLine
 10
221.1168223759
 20
126.5536553592
 30
0.0
 11
221.1168223759
 21
123.8545321066
 31
0.0
  0
LINE
  5
1F4
330
1F
100
AcDbEntity
  8
0
  6
Continuous
 62
     7
100
AcDbLine
 10
219.7048278927
 20
127.0536553592
 30
0.0
 11
220.6168223759
 21
127.0536553592
 31
0.0
  0
LINE
  5
1F5
330
1F
100
AcDbEntity
  8
0
  6
Continuous
 62
     7
100
AcDbLine
 10
219.2048278927
 20
126.7896856621
 30
0.0
 11
219.2048278927
 21
126.5536553592
 31
0.0
  0
LINE
  5
1F6
330
1F
100
AcDbEntity
  8
0
  6
Continuous
 62
     7
100
AcDbLine
 10
207.9685752976
 20
125.7896856621
 30
0.0
 11
218.2048278927
 21
125.7896856621
 31
0.0
  0
LINE
  5
1F7
330
1F
100
AcDbEntity
  8
0
  6
Continuous
 62
     7
100
AcDbLine
 10
220.2048278927
 20
132.1613709783
 30
0.0
 11
221.6727743284
 21
132.1613709783
 31
0.0
  0
LINE
  5
1F8
330
1F
100
AcDbEntity
  8
0
  6
Continuous
 62
     7
100
AcDbLine
 10
219.2048278927
 20
134.9696856621
 30
0.0
 11
219.2048278927
 21
133.1613709783
 31
0.0
  0
LINE
  5
1F9
330
1F
100
AcDbEntity
  8
0
  6
Continuous
 62
     7
100
AcDbLine
 10
204.6227743284
 20
134.9696856621
 30
0.0
 11
204.6227743284
 21
127.941195844
 31
0.0
  0
LINE
  5
1FA
330
1F
100
AcDbEntity
  8
0
  6
Continuous
 62
     7
100
AcDbLine
 10
217.2048278927
 20
136.9696856621
 30
0.0
 11
206.6227743284
 21
136.9696856621
 31
0.0
  0
LINE
  5
1FB
330
1F
100
AcDbEntity
  8
0
  6
Continuous
 62
     7
100
AcDbLine
 10
121.9510743495
 20
138.9343443031
 30
0.0
 11
132.4470369158
 21
138.9343443031
 31
0.0
  0
LINE
  5
1FC
330
1F
100
AcDbEntity
  8
0
  6
Continuous
 62
     7
100
AcDbLine
 10
134.4470369158
 20
136.9343443031
 30
0.0
 11
134.4470369158
 21
129.2432700977
 31
0.0
  0
LINE
  5
1FD
330
1F
100
AcDbEntity
  8
0
  6
Continuous
 62
     7
100
AcDbLine
 10
119.9510743495
 20
136.9343443031
 30
0.0
 11
119.9510743495
 21
135.1260296193
 31
0.0
  0
LINE
  5
1FE
330
1F
100
AcDbEntity
  8
0
  6
Continuous
 62
     7
100
AcDbLine
 10
118.9510743495
 20
134.1260296193
 30
0.0
 11
117.4831279138
 21
134.1260296193
 31
0.0
  0
LINE
  5
1FF
330
1F
100
AcDbEntity
  8
0
  6
Continuous
 62
     7
100
AcDbLine
 10
131.1873269446
 20
127.0083967613
 30
0.0
 11
120.9510743495
 21
127.0083967613
 31
0.0
  0
LINE
  5
200
330
1F
100
AcDbEntity
  8
0
  6
Continuous
 62
     7
100
AcDbLine
 10
119.9510743495
 20
128.0083967613
 30
0.0
 11
119.9510743495
 21
127.7723664583
 31
0.0
  0
LINE
  5
201
330
1F
100
AcDbEntity
  8
0
  6
Continuous
 62
     7
100
AcDbLine
 10
119.4510743495
 20
128.2723664583
 30
0.0
 11
118.5390798663
 21
128.2723664583
 31
0.0
  0
LINE
  5
202
330
1F
100
AcDbEntity
  8
0
  6
Continuous
 62
     7
100
AcDbLine
 10
118.0390798663
 20
127.7723664583
 30
0.0
 11
118.0390798663
 21
125.0732432058
 31
0.0
  0
LINE
  5
203
330
1F
100
AcDbEntity
  8
0
  6
Continuous
 62
     7
100
AcDbLine
 10
117.0390798663
 20
124.0732432058
 30
0.0
 11
115.7331279138
 21
124.0732432058
 31
0.0
  0
LINE
  5
204
330
1F
100
AcDbEntity
  8
0
  6
Continuous
 62
     7
100
AcDbLine
 10
114.7331279138
 20
125.0732432058
 30
0.0
 11
114.7331279138
 21
126.1051071803
 31
0.0
  0
LINE
  5
205
330
1F
100
AcDbEntity
  8
0
  6
Continuous
 62
     7
100
AcDbLine
 10
113.7331279138
 20
127.1051071803
 30
0.0
 11
109.4831279138
 21
127.1051071803
 31
0.0
  0
LINE
  5
206
330
1F
100
AcDbEntity
  8
0
  6
Continuous
 62
     7
100
AcDbLine
 10
109.4831279138
 20
127.1051071803
 30
0.0
 11
109.4831279138
 21
130.9051071803
 31
0.0
  0
LINE
  5
207
330
1F
100
AcDbEntity
  8
0
  6
Continuous
 62
     7
100
AcDbLine
 10
109.4831279138
 20
130.9051071803
 30
0.0
 11
113.4831279138
 21
130.9051071803
 31
0.0
  0
LINE
  5
208
330
1F
100
AcDbEntity
  8
0
  6
Continuous
 62
     7
100
AcDbLine
 10
114.4831279138
 20
131.9051071803
 30
0.0
 11
114.4831279138
 21
133.1260296193
 31
0.0
  0
LINE
  5
209
330
1F
100
AcDbEntity
  8
0
  6
Continuous
 62
     7
100
AcDbLine
 10
117.4831279138
 20
134.1260296193
 30
0.0
 11
115.4831279138
 21
134.1260296193
 31
0.0
  0
LINE
  5
20A
330
1F
100
AcDbEntity
  8
0
  6
Continuous
 62
     7
100
AcDbLine
 10
252.3731728415
 20
126.9904485394
 30
0.0
 11
255.3231728415
 21
126.9904485394
 31
0.0
  0
LINE
  5
20B
330
1F
100
AcDbEntity
  8
0
  6
Continuous
 62
     7
100
AcDbLine
 10
252.3731728415
 20
126.9904485394
 30
0.0
 11
252.3731728415
 21
129.9404485394
 31
0.0
  0
LINE
  5
20C
330
1F
100
AcDbEntity
  8
0
  6
Continuous
 62
     7
100
AcDbLine
 10
252.3731728415
 20
129.9404485394
 30
0.0
 11
255.3231728415
 21
129.9404485394
 31
0.0
  0
LINE
  5
20D
330
1F
100
AcDbEntity
  8
0
  6
Continuous
 62
     7
100
AcDbLine
 10
255.3231728415
 20
126.9904485394
 30
0.0
 11
255.3231728415
 21
129.9404485394
 31
0.0
  0
LINE
  5
20E
330
1F
100
AcDbEntity
  8
0
  6
CENTERX2
 62
     7
100
AcDbLine
 10
252.3731728415
 20
126.9904485394
 30
0.0
 11
255.3231728415
 21
129.9404485394
 31
0.0
  0
LINE
  5
20F
330
1F
100
AcDbEntity
  8
0
  6
CENTERX2
 62
     7
100
AcDbLine
 10
252.3731728415
 20
129.9404485394
 30
0.0
 11
255.3231728415
 21
126.9904485394
 31
0.0
  0
LINE
  5
210
330
1F
100
AcDbEntity
  8
0
  6
Continuous
 62
     7
100
AcDbLine
 10
75.7359971215
 20
123.6015514416
 30
0.0
 11
78.6859971215
 21
123.6015514416
 31
0.0
  0
LINE
  5
211
330
1F
100
AcDbEntity
  8
0
  6
Continuous
 62
     7
100
AcDbLine
 10
75.7359971215
 20
123.6015514416
 30
0.0
 11
75.7359971215
 21
126.5515514416
 31
0.0
  0
LINE
  5
212
330
1F
100
AcDbEntity
  8
0
  6
Continuous
 62
     7
100
AcDbLine
 10
75.7359971215
 20
126.5515514416
 30
0.0
 11
78.6859971215
 21
126.5515514416
 31
0.0
  0
LINE
  5
213
330
1F
100
AcDbEntity
  8
0
  6
Continuous
 62
     7
100
AcDbLine
 10
78.6859971215
 20
123.6015514416
 30
0.0
 11
78.6859971215
 21
126.5515514416
 31
0.0
  0
LINE
  5
214
330
1F
100
AcDbEntity
  8
0
  6
CENTERX2
 62
     7
100
AcDbLine
 10
75.7359971215
 20
123.6015514416
 30
0.0
 11
78.6859971215
 21
126.5515514416
 31
0.0
  0
LINE
  5
215
330
1F
100
AcDbEntity
  8
0
  6
CENTERX2
 62
     7
100
AcDbLine
 10
75.7359971215
 20
126.5515514416
 30
0.0
 11
78.6859971215
 21
123.6015514416
 31
0.0
  0
LINE
  5
216
330
1F
100
AcDbEntity
  8
0
  6
Continuous
 62
     7
100
AcDbLine
 10
80.9374298756
 20
212.5330685748
 30
0.0
 11
80.9374298756
 21
209.5330685748
 31
0.0
  0
LINE
  5
217
330
1F
100
AcDbEntity
  8
0
  6
Continuous
 62
     7
100
AcDbLine
 10
82.9374298756
 20
210.5330685748
 30
0.0
 11
79.9374298756
 21
210.5330685748
 31
0.0
  0
LINE
  5
218
330
1F
100
AcDbEntity
  8
0
  6
Continuous
 62
     7
100
AcDbLine
 10
113.7233392348
 20
212.5330685748
 30
0.0
 11
113.7233392348
 21
209.5330685748
 31
0.0
  0
LINE
  5
219
330
1F
100
AcDbEntity
  8
0
  6
Continuous
 62
     7
100
AcDbLine
 10
111.7233392348
 20
210.5330685748
 30
0.0
 11
114.7233392348
 21
210.5330685748
 31
0.0
  0
LINE
  5
21A
330
1F
100
AcDbEntity
  8
0
  6
Continuous
 62
     7
100
AcDbLine
 10
129.9769679851
 20
268.0091105555
 30
0.0
 11
134.9769679851
 21
268.0091105555
 31
0.0
  0
LINE
  5
21B
330
1F
100
AcDbEntity
  8
0
  6
Continuous
 62
     7
100
AcDbLine
 10
333.58098968
 20
270.9244546615
 30
0.0
 11
352.58098968
 21
270.9244546615
 31
0.0
  0
LINE
  5
21C
330
1F
100
AcDbEntity
  8
0
  6
Continuous
 62
     7
100
AcDbLine
 10
352.58098968
 20
442.0144546615
 30
0.0
 11
352.58098968
 21
438.9644546615
 31
0.0
  0
LINE
  5
21D
330
1F
100
AcDbEntity
  8
0
  6
Continuous
 62
     7
100
AcDbLine
 10
333.58098968
 20
442.0144546615
 30
0.0
 11
352.58098968
 21
442.0144546615
 31
0.0
  0
LINE
  5
21E
330
1F
100
AcDbEntity
  8
0
  6
Continuous
 62
     7
100
AcDbLine
 10
333.58098968
 20
442.0144546615
 30
0.0
 11
333.58098968
 21
420.0144546615
 31
0.0
  0
LINE
  5
21F
330
1F
100
AcDbEntity
  8
0
  6
Continuous
 62
     7
100
AcDbLine
 10
469.08098968
 20
442.0144546615
 30
0.0
 11
469.08098968
 21
420.0144546615
 31
0.0
  0
LINE
  5
220
330
1F
100
AcDbEntity
  8
0
  6
Continuous
 62
     7
100
AcDbLine
 10
352.58098968
 20
438.9644546615
 30
0.0
 11
372.53098968
 21
438.9644546615
 31
0.0
  0
LINE
  5
221
330
1F
100
AcDbEntity
  8
0
  6
Continuous
 62
     7
100
AcDbLine
 10
372.53098968
 20
438.9644546615
 30
0.0
 11
372.53098968
 21
442.0144546615
 31
0.0
  0
LINE
  5
222
330
1F
100
AcDbEntity
  8
0
  6
Continuous
 62
     7
100
AcDbLine
 10
333.58098968
 20
420.0144546615
 30
0.0
 11
336.63098968
 21
420.0144546615
 31
0.0
  0
LINE
  5
223
330
1F
100
AcDbEntity
  8
0
  6
Continuous
 62
     7
100
AcDbLine
 10
391.53098968
 20
442.0144546615
 30
0.0
 11
391.53098968
 21
438.9644546615
 31
0.0
  0
LINE
  5
224
330
1F
100
AcDbEntity
  8
0
  6
Continuous
 62
     7
100
AcDbLine
 10
391.53098968
 20
438.9644546615
 30
0.0
 11
411.48098968
 21
438.9644546615
 31
0.0
  0
LINE
  5
225
330
1F
100
AcDbEntity
  8
0
  6
Continuous
 62
     7
100
AcDbLine
 10
411.48098968
 20
438.9644546615
 30
0.0
 11
411.48098968
 21
442.0144546615
 31
0.0
  0
LINE
  5
226
330
1F
100
AcDbEntity
  8
0
  6
Continuous
 62
     7
100
AcDbLine
 10
336.63098968
 20
420.0144546615
 30
0.0
 11
336.63098968
 21
400.0644546615
 31
0.0
  0
LINE
  5
227
330
1F
100
AcDbEntity
  8
0
  6
Continuous
 62
     7
100
AcDbLine
 10
430.48098968
 20
442.0144546615
 30
0.0
 11
430.48098968
 21
438.9644546615
 31
0.0
  0
LINE
  5
228
330
1F
100
AcDbEntity
  8
0
  6
Continuous
 62
     7
100
AcDbLine
 10
430.48098968
 20
438.9644546615
 30
0.0
 11
450.43098968
 21
438.9644546615
 31
0.0
  0
LINE
  5
229
330
1F
100
AcDbEntity
  8
0
  6
Continuous
 62
     7
100
AcDbLine
 10
450.43098968
 20
438.9644546615
 30
0.0
 11
450.43098968
 21
442.0144546615
 31
0.0
  0
LINE
  5
22A
330
1F
100
AcDbEntity
  8
0
  6
Continuous
 62
     7
100
AcDbLine
 10
372.53098968
 20
442.0144546615
 30
0.0
 11
391.53098968
 21
442.0144546615
 31
0.0
  0
LINE
  5
22B
330
1F
100
AcDbEntity
  8
0
  6
Continuous
 62
     7
100
AcDbLine
 10
411.48098968
 20
442.0144546615
 30
0.0
 11
430.48098968
 21
442.0144546615
 31
0.0
  0
LINE
  5
22C
330
1F
100
AcDbEntity
  8
0
  6
Continuous
 62
     7
100
AcDbLine
 10
450.43098968
 20
442.0144546615
 30
0.0
 11
469.08098968
 21
442.0144546615
 31
0.0
  0
LINE
  5
22D
330
1F
100
AcDbEntity
  8
0
  6
Continuous
 62
     7
100
AcDbLine
 10
336.63098968
 20
400.0644546615
 30
0.0
 11
333.58098968
 21
400.0644546615
 31
0.0
  0
LINE
  5
22E
330
1F
100
AcDbEntity
  8
0
  6
Continuous
 62
     7
100
AcDbLine
 10
32.5385333087
 20
396.6186743138
 30
0.0
 11
180.0385333087
 21
396.6186743138
 31
0.0
  0
LINE
  5
22F
330
1F
100
AcDbEntity
  8
0
  6
Continuous
 62
     7
100
AcDbLine
 10
333.58098968
 20
381.0644546615
 30
0.0
 11
336.63098968
 21
381.0644546615
 31
0.0
  0
LINE
  5
230
330
1F
100
AcDbEntity
  8
0
  6
Continuous
 62
     7
100
AcDbLine
 10
336.63098968
 20
381.0644546615
 30
0.0
 11
336.63098968
 21
361.1144546615
 31
0.0
  0
LINE
  5
231
330
1F
100
AcDbEntity
  8
0
  6
Continuous
 62
     7
100
AcDbLine
 10
336.63098968
 20
361.1144546615
 30
0.0
 11
333.58098968
 21
361.1144546615
 31
0.0
  0
LINE
  5
232
330
1F
100
AcDbEntity
  8
0
  6
Continuous
 62
     7
100
AcDbLine
 10
450.43098968
 20
273.9744546615
 30
0.0
 11
450.43098968
 21
270.9244546615
 31
0.0
  0
LINE
  5
233
330
1F
100
AcDbEntity
  8
0
  6
Continuous
 62
     7
100
AcDbLine
 10
333.58098968
 20
342.1144546615
 30
0.0
 11
336.63098968
 21
342.1144546615
 31
0.0
  0
LINE
  5
234
330
1F
100
AcDbEntity
  8
0
  6
Continuous
 62
     7
100
AcDbLine
 10
336.63098968
 20
342.1144546615
 30
0.0
 11
336.63098968
 21
322.1644546615
 31
0.0
  0
LINE
  5
235
330
1F
100
AcDbEntity
  8
0
  6
Continuous
 62
     7
100
AcDbLine
 10
336.63098968
 20
322.1644546615
 30
0.0
 11
333.58098968
 21
322.1644546615
 31
0.0
  0
LINE
  5
236
330
1F
100
AcDbEntity
  8
0
  6
Continuous
 62
     7
100
AcDbLine
 10
333.58098968
 20
400.0644546615
 30
0.0
 11
333.58098968
 21
381.0644546615
 31
0.0
  0
LINE
  5
237
330
1F
100
AcDbEntity
  8
0
  6
Continuous
 62
     7
100
AcDbLine
 10
333.58098968
 20
361.1144546615
 30
0.0
 11
333.58098968
 21
342.1144546615
 31
0.0
  0
LINE
  5
238
330
1F
100
AcDbEntity
  8
0
  6
Continuous
 62
     7
100
AcDbLine
 10
333.58098968
 20
322.1644546615
 30
0.0
 11
333.58098968
 21
270.9244546615
 31
0.0
  0
LINE
  5
239
330
1F
100
AcDbEntity
  8
0
  6
Continuous
 62
     7
100
AcDbLine
 10
430.48098968
 20
273.9744546615
 30
0.0
 11
450.43098968
 21
273.9744546615
 31
0.0
  0
LINE
  5
23A
330
1F
100
AcDbEntity
  8
0
  6
Continuous
 62
     7
100
AcDbLine
 10
430.48098968
 20
270.9244546615
 30
0.0
 11
430.48098968
 21
273.9744546615
 31
0.0
  0
LINE
  5
23B
330
1F
100
AcDbEntity
  8
0
  6
Continuous
 62
     7
100
AcDbLine
 10
411.48098968
 20
273.9744546615
 30
0.0
 11
411.48098968
 21
270.9244546615
 31
0.0
  0
LINE
  5
23C
330
1F
100
AcDbEntity
  8
0
  6
Continuous
 62
     7
100
AcDbLine
 10
391.53098968
 20
273.9744546615
 30
0.0
 11
411.48098968
 21
273.9744546615
 31
0.0
  0
LINE
  5
23D
330
1F
100
AcDbEntity
  8
0
  6
Continuous
 62
     7
100
AcDbLine
 10
391.53098968
 20
270.9244546615
 30
0.0
 11
391.53098968
 21
273.9744546615
 31
0.0
  0
LINE
  5
23E
330
1F
100
AcDbEntity
  8
0
  6
Continuous
 62
     7
100
AcDbLine
 10
372.53098968
 20
273.9744546615
 30
0.0
 11
372.53098968
 21
270.9244546615
 31
0.0
  0
LINE
  5
23F
330
1F
100
AcDbEntity
  8
0
  6
Continuous
 62
     7
100
AcDbLine
 10
352.58098968
 20
273.9744546615
 30
0.0
 11
372.53098968
 21
273.9744546615
 31
0.0
  0
LINE
  5
240
330
1F
100
AcDbEntity
  8
0
  6
Continuous
 62
     7
100
AcDbLine
 10
352.58098968
 20
270.9244546615
 30
0.0
 11
352.58098968
 21
273.9744546615
 31
0.0
  0
LINE
  5
241
330
1F
100
AcDbEntity
  8
0
  6
Continuous
 62
     7
100
AcDbLine
 10
372.53098968
 20
270.9244546615
 30
0.0
 11
391.53098968
 21
270.9244546615
 31
0.0
  0
LINE
  5
242
330
1F
100
AcDbEntity
  8
0
  6
Continuous
 62
     7
100
AcDbLine
 10
411.48098968
 20
270.9244546615
 30
0.0
 11
430.48098968
 21
270.9244546615
 31
0.0
  0
LINE
  5
243
330
1F
100
AcDbEntity
  8
0
  6
Continuous
 62
     7
100
AcDbLine
 10
450.43098968
 20
270.9244546615
 30
0.0
 11
469.08098968
 21
270.9244546615
 31
0.0
  0
LINE
  5
244
330
1F
100
AcDbEntity
  8
0
  6
Continuous
 62
     7
100
AcDbLine
 10
466.03098968
 20
322.1644546615
 30
0.0
 11
469.08098968
 21
322.1644546615
 31
0.0
  0
LINE
  5
245
330
1F
100
AcDbEntity
  8
0
  6
Continuous
 62
     7
100
AcDbLine
 10
466.03098968
 20
342.1144546615
 30
0.0
 11
466.03098968
 21
322.1644546615
 31
0.0
  0
LINE
  5
246
330
1F
100
AcDbEntity
  8
0
  6
Continuous
 62
     7
100
AcDbLine
 10
469.08098968
 20
342.1144546615
 30
0.0
 11
466.03098968
 21
342.1144546615
 31
0.0
  0
LINE
  5
247
330
1F
100
AcDbEntity
  8
0
  6
Continuous
 62
     7
100
AcDbLine
 10
466.03098968
 20
361.1144546615
 30
0.0
 11
469.08098968
 21
361.1144546615
 31
0.0
  0
LINE
  5
248
330
1F
100
AcDbEntity
  8
0
  6
Continuous
 62
     7
100
AcDbLine
 10
466.03098968
 20
381.0644546615
 30
0.0
 11
466.03098968
 21
361.1144546615
 31
0.0
  0
LINE
  5
249
330
1F
100
AcDbEntity
  8
0
  6
Continuous
 62
     7
100
AcDbLine
 10
469.08098968
 20
381.0644546615
 30
0.0
 11
466.03098968
 21
381.0644546615
 31
0.0
  0
LINE
  5
24A
330
1F
100
AcDbEntity
  8
0
  6
Continuous
 62
     7
100
AcDbLine
 10
466.03098968
 20
400.0644546615
 30
0.0
 11
469.08098968
 21
400.0644546615
 31
0.0
  0
LINE
  5
24B
330
1F
100
AcDbEntity
  8
0
  6
Continuous
 62
     7
100
AcDbLine
 10
466.03098968
 20
420.0144546615
 30
0.0
 11
466.03098968
 21
400.0644546615
 31
0.0
  0
LINE
  5
24C
330
1F
100
AcDbEntity
  8
0
  6
Continuous
 62
     7
100
AcDbLine
 10
469.08098968
 20
420.0144546615
 30
0.0
 11
466.03098968
 21
420.0144546615
 31
0.0
  0
LINE
  5
24D
330
1F
100
AcDbEntity
  8
0
  6
Continuous
 62
     7
100
AcDbLine
 10
469.08098968
 20
400.0644546615
 30
0.0
 11
469.08098968
 21
381.0644546615
 31
0.0
  0
LINE
  5
24E
330
1F
100
AcDbEntity
  8
0
  6
Continuous
 62
     7
100
AcDbLine
 10
469.08098968
 20
361.1144546615
 30
0.0
 11
469.08098968
 21
342.1144546615
 31
0.0
  0
LINE
  5
24F
330
1F
100
AcDbEntity
  8
0
  6
Continuous
 62
     7
100
AcDbLine
 10
469.08098968
 20
322.1644546615
 30
0.0
 11
469.08098968
 21
270.9244546615
 31
0.0
  0
LINE
  5
250
330
1F
100
AcDbEntity
  8
0
  6
Continuous
 62
     7
100
AcDbLine
 10
32.5385333087
 20
396.6186743138
 30
0.0
 11
32.5385333087
 21
399.6786743138
 31
0.0
  0
LINE
  5
251
330
1F
100
AcDbEntity
  8
0
  6
Continuous
 62
     7
100
AcDbLine
 10
32.5385333087
 20
399.6786743138
 30
0.0
 11
180.0385333087
 21
399.6786743138
 31
0.0
  0
LINE
  5
252
330
1F
100
AcDbEntity
  8
0
  6
Continuous
 62
     7
100
AcDbLine
 10
180.0385333087
 20
396.6186743138
 30
0.0
 11
180.0385333087
 21
399.6786743138
 31
0.0
  0
LINE
  5
253
330
1F
100
AcDbEntity
  8
0
  6
CENTERX2
 62
     7
100
AcDbLine
 10
32.5385333087
 20
396.6186743138
 30
0.0
 11
180.0385333087
 21
399.6786743138
 31
0.0
  0
LINE
  5
254
330
1F
100
AcDbEntity
  8
0
  6
CENTERX2
 62
     7
100
AcDbLine
 10
32.5385333087
 20
399.6786743138
 30
0.0
 11
180.0385333087
 21
396.6186743138
 31
0.0
  0
LINE
  5
255
330
1F
100
AcDbEntity
  8
0
  6
Continuous
 62
     7
100
AcDbLine
 10
45.3629086445
 20
372.9922142944
 30
0.0
 11
37.5792987181
 21
362.2789943157
 31
0.0
  0
LINE
  5
256
330
1F
100
AcDbEntity
  8
0
  6
Continuous
 62
     7
100
AcDbLine
 10
48.0298038203
 20
371.210658159
 30
0.0
 11
40.0308591268
 21
360.8976904782
 31
0.0
  0
LINE
  5
257
330
1F
100
AcDbEntity
  8
0
  6
Continuous
 62
     7
100
AcDbLine
 10
129.9769679851
 20
268.0091105555
 30
0.0
 11
129.9769679851
 21
271.0583762836
 31
0.0
  0
LINE
  5
258
330
1F
100
AcDbEntity
  8
0
  6
Continuous
 62
     7
100
AcDbLine
 10
118.4357266409
 20
372.0133789814
 30
0.0
 11
110.6521167145
 21
361.3001590027
 31
0.0
  0
LINE
  5
259
330
1F
100
AcDbEntity
  8
0
  6
Continuous
 62
     7
100
AcDbLine
 10
32.6525882898
 20
351.8116563123
 30
0.0
 11
35.6025882898
 21
351.8116563123
 31
0.0
  0
LINE
  5
25A
330
1F
100
AcDbEntity
  8
0
  6
Continuous
 62
     7
100
AcDbLine
 10
121.1026218167
 20
370.231822846
 30
0.0
 11
113.1036771232
 21
359.9188551651
 31
0.0
  0
LINE
  5
25B
330
1F
100
AcDbEntity
  8
0
  6
Continuous
 62
     7
100
AcDbLine
 10
105.7254062862
 20
350.8328209993
 30
0.0
 11
108.6754062862
 21
350.8328209993
 31
0.0
  0
LINE
  5
25C
330
1F
100
AcDbEntity
  8
0
  6
Continuous
 62
     7
100
AcDbLine
 10
105.7254062862
 20
350.8328209993
 30
0.0
 11
105.7254062862
 21
353.7828209993
 31
0.0
  0
LINE
  5
25D
330
1F
100
AcDbEntity
  8
0
  6
Continuous
 62
     7
100
AcDbLine
 10
105.7254062862
 20
353.7828209993
 30
0.0
 11
108.6754062862
 21
353.7828209993
 31
0.0
  0
LINE
  5
25E
330
1F
100
AcDbEntity
  8
0
  6
Continuous
 62
     7
100
AcDbLine
 10
129.4134105391
 20
347.7117486634
 30
0.0
 11
116.8192651231
 21
351.8038345663
 31
0.0
  0
LINE
  5
25F
330
1F
100
AcDbEntity
  8
0
  6
Continuous
 62
     7
100
AcDbLine
 10
128.543165899
 20
344.6248495059
 30
0.0
 11
116.2631409364
 21
349.0454157043
 31
0.0
  0
LINE
  5
260
330
1F
100
AcDbEntity
  8
0
  6
Continuous
 62
     7
100
AcDbLine
 10
108.6754062862
 20
350.8328209993
 30
0.0
 11
108.6754062862
 21
353.7828209993
 31
0.0
  0
LINE
  5
261
330
1F
100
AcDbEntity
  8
0
  6
Continuous
 62
     7
100
AcDbLine
 10
109.6934775521
 20
329.7617340989
 30
0.0
 11
109.6934775521
 21
343.0040022504
 31
0.0
  0
LINE
  5
262
330
1F
100
AcDbEntity
  8
0
  6
Continuous
 62
     7
100
AcDbLine
 10
106.4887416101
 20
329.6354816351
 30
0.0
 11
106.4887416101
 21
342.686934374
 31
0.0
  0
LINE
  5
263
330
1F
100
AcDbEntity
  8
0
  6
Continuous
 62
     7
100
AcDbLine
 10
32.6525882898
 20
351.8116563123
 30
0.0
 11
32.6525882898
 21
354.7616563123
 31
0.0
  0
LINE
  5
264
330
1F
100
AcDbEntity
  8
0
  6
Continuous
 62
     7
100
AcDbLine
 10
86.528204812
 20
342.9696453174
 30
0.0
 11
99.122350228
 21
347.0617312203
 31
0.0
  0
LINE
  5
265
330
1F
100
AcDbEntity
  8
0
  6
Continuous
 62
     7
100
AcDbLine
 10
85.417813715
 20
345.9785161611
 30
0.0
 11
97.9509062193
 21
349.6202205526
 31
0.0
  0
LINE
  5
266
330
1F
100
AcDbEntity
  8
0
  6
Continuous
 62
     7
100
AcDbLine
 10
32.6525882898
 20
354.7616563123
 30
0.0
 11
35.6025882898
 21
354.7616563123
 31
0.0
  0
LINE
  5
267
330
1F
100
AcDbEntity
  8
0
  6
Continuous
 62
     7
100
AcDbLine
 10
56.3405925427
 20
348.6905839764
 30
0.0
 11
43.7464471267
 21
352.7826698793
 31
0.0
  0
LINE
  5
268
330
1F
100
AcDbEntity
  8
0
  6
Continuous
 62
     7
100
AcDbLine
 10
91.931211887
 20
369.0825979353
 30
0.0
 11
99.7148218133
 21
358.3693779567
 31
0.0
  0
LINE
  5
269
330
1F
100
AcDbEntity
  8
0
  6
Continuous
 62
     7
100
AcDbLine
 10
94.4496883902
 20
371.0684348483
 30
0.0
 11
101.786093658
 21
360.2741040983
 31
0.0
  0
LINE
  5
26A
330
1F
100
AcDbEntity
  8
0
  6
Continuous
 62
     7
100
AcDbLine
 10
55.4703479026
 20
345.6036848189
 30
0.0
 11
43.19032294
 21
350.0242510173
 31
0.0
  0
LINE
  5
26B
330
1F
100
AcDbEntity
  8
0
  6
Continuous
 62
     7
100
AcDbLine
 10
35.6025882898
 20
351.8116563123
 30
0.0
 11
35.6025882898
 21
354.7616563123
 31
0.0
  0
LINE
  5
26C
330
1F
100
AcDbEntity
  8
0
  6
CENTERX2
 62
     7
100
AcDbLine
 10
32.6525882898
 20
351.8116563123
 30
0.0
 11
35.6025882898
 21
354.7616563123
 31
0.0
  0
LINE
  5
26D
330
1F
100
AcDbEntity
  8
0
  6
Continuous
 62
     7
100
AcDbLine
 10
36.6206595557
 20
330.7405694119
 30
0.0
 11
36.6206595557
 21
343.9828375634
 31
0.0
  0
LINE
  5
26E
330
1F
100
AcDbEntity
  8
0
  6
Continuous
 62
     7
100
AcDbLine
 10
33.4159236137
 20
330.6143169481
 30
0.0
 11
33.4159236137
 21
343.665769687
 31
0.0
  0
LINE
  5
26F
330
1F
100
AcDbEntity
  8
0
  6
CENTERX2
 62
     7
100
AcDbLine
 10
32.6525882898
 20
354.7616563123
 30
0.0
 11
35.6025882898
 21
351.8116563123
 31
0.0
  0
LINE
  5
270
330
1F
100
AcDbEntity
  8
0
  6
Continuous
 62
     7
100
AcDbLine
 10
13.4553868156
 20
343.9484806304
 30
0.0
 11
26.0495322316
 21
348.0405665333
 31
0.0
  0
LINE
  5
271
330
1F
100
AcDbEntity
  8
0
  6
Continuous
 62
     7
100
AcDbLine
 10
12.3449957186
 20
346.9573514741
 30
0.0
 11
24.8780882229
 21
350.5990558656
 31
0.0
  0
LINE
  5
272
330
1F
100
AcDbEntity
  8
0
  6
Continuous
 62
     7
100
AcDbLine
 10
18.8583938905
 20
370.0614332484
 30
0.0
 11
26.6420038169
 21
359.3482132697
 31
0.0
  0
LINE
  5
273
330
1F
100
AcDbEntity
  8
0
  6
Continuous
 62
     7
100
AcDbLine
 10
21.3768703938
 20
372.0472701614
 30
0.0
 11
28.7132756616
 21
361.2529394113
 31
0.0
  0
LINE
  5
274
330
1F
100
AcDbEntity
  8
0
  6
Continuous
 62
     7
100
AcDbLine
 10
177.8088710461
 20
327.4454621756
 30
0.0
 11
170.0252611197
 21
316.732242197
 31
0.0
  0
LINE
  5
275
330
1F
100
AcDbEntity
  8
0
  6
Continuous
 62
     7
100
AcDbLine
 10
180.4757662219
 20
325.6639060403
 30
0.0
 11
172.4768215284
 21
315.3509383594
 31
0.0
  0
LINE
  5
276
330
1F
100
AcDbEntity
  8
0
  6
Continuous
 62
     7
100
AcDbLine
 10
165.0985506914
 20
306.2649041936
 30
0.0
 11
168.0485506914
 21
306.2649041936
 31
0.0
  0
LINE
  5
277
330
1F
100
AcDbEntity
  8
0
  6
Continuous
 62
     7
100
AcDbLine
 10
165.0985506914
 20
306.2649041936
 30
0.0
 11
165.0985506914
 21
309.2149041936
 31
0.0
  0
LINE
  5
278
330
1F
100
AcDbEntity
  8
0
  6
Continuous
 62
     7
100
AcDbLine
 10
165.0985506914
 20
309.2149041936
 30
0.0
 11
168.0485506914
 21
309.2149041936
 31
0.0
  0
LINE
  5
279
330
1F
100
AcDbEntity
  8
0
  6
Continuous
 62
     7
100
AcDbLine
 10
188.7865549444
 20
303.1438318577
 30
0.0
 11
176.1924095283
 21
307.2359177606
 31
0.0
  0
LINE
  5
27A
330
1F
100
AcDbEntity
  8
0
  6
Continuous
 62
     7
100
AcDbLine
 10
187.9163103042
 20
300.0569327002
 30
0.0
 11
175.6362853417
 21
304.4774988986
 31
0.0
  0
LINE
  5
27B
330
1F
100
AcDbEntity
  8
0
  6
Continuous
 62
     7
100
AcDbLine
 10
168.0485506914
 20
306.2649041936
 30
0.0
 11
168.0485506914
 21
309.2149041936
 31
0.0
  0
LINE
  5
27C
330
1F
100
AcDbEntity
  8
0
  6
CENTERX2
 62
     7
100
AcDbLine
 10
165.0985506914
 20
306.2649041936
 30
0.0
 11
168.0485506914
 21
309.2149041936
 31
0.0
  0
LINE
  5
27D
330
1F
100
AcDbEntity
  8
0
  6
Continuous
 62
     7
100
AcDbLine
 10
169.0666219573
 20
285.1938172932
 30
0.0
 11
169.0666219573
 21
298.4360854447
 31
0.0
  0
LINE
  5
27E
330
1F
100
AcDbEntity
  8
0
  6
Continuous
 62
     7
100
AcDbLine
 10
165.8618860154
 20
285.0675648294
 30
0.0
 11
165.8618860154
 21
298.1190175682
 31
0.0
  0
LINE
  5
27F
330
1F
100
AcDbEntity
  8
0
  6
CENTERX2
 62
     7
100
AcDbLine
 10
165.0985506914
 20
309.2149041936
 30
0.0
 11
168.0485506914
 21
306.2649041936
 31
0.0
  0
LINE
  5
280
330
1F
100
AcDbEntity
  8
0
  6
Continuous
 62
     7
100
AcDbLine
 10
145.9013492172
 20
298.4017285117
 30
0.0
 11
158.4954946332
 21
302.4938144146
 31
0.0
  0
LINE
  5
281
330
1F
100
AcDbEntity
  8
0
  6
Continuous
 62
     7
100
AcDbLine
 10
144.7909581202
 20
301.4105993554
 30
0.0
 11
157.3240506245
 21
305.0523037469
 31
0.0
  0
LINE
  5
282
330
1F
100
AcDbEntity
  8
0
  6
Continuous
 62
     7
100
AcDbLine
 10
151.3043562922
 20
324.5146811296
 30
0.0
 11
159.0879662185
 21
313.801461151
 31
0.0
  0
LINE
  5
283
330
1F
100
AcDbEntity
  8
0
  6
Continuous
 62
     7
100
AcDbLine
 10
153.8228327954
 20
326.5005180426
 30
0.0
 11
161.1592380633
 21
315.7061872926
 31
0.0
  0
LINE
  5
284
330
1F
100
AcDbEntity
  8
0
  6
Continuous
 62
     7
100
AcDbLine
 10
176.9884115877
 20
251.0878472718
 30
0.0
 11
169.2048016614
 21
240.3746272932
 31
0.0
  0
LINE
  5
285
330
1F
100
AcDbEntity
  8
0
  6
Continuous
 62
     7
100
AcDbLine
 10
179.6553067636
 20
249.3062911364
 30
0.0
 11
171.6563620701
 21
238.9933234556
 31
0.0
  0
LINE
  5
286
330
1F
100
AcDbEntity
  8
0
  6
Continuous
 62
     7
100
AcDbLine
 10
164.2780912331
 20
229.9072892897
 30
0.0
 11
167.2280912331
 21
229.9072892897
 31
0.0
  0
LINE
  5
287
330
1F
100
AcDbEntity
  8
0
  6
Continuous
 62
     7
100
AcDbLine
 10
164.2780912331
 20
229.9072892897
 30
0.0
 11
164.2780912331
 21
232.8572892897
 31
0.0
  0
LINE
  5
288
330
1F
100
AcDbEntity
  8
0
  6
Continuous
 62
     7
100
AcDbLine
 10
164.2780912331
 20
232.8572892897
 30
0.0
 11
167.2280912331
 21
232.8572892897
 31
0.0
  0
LINE
  5
289
330
1F
100
AcDbEntity
  8
0
  6
Continuous
 62
     7
100
AcDbLine
 10
187.966095486
 20
226.7862169539
 30
0.0
 11
175.37195007
 21
230.8783028567
 31
0.0
  0
LINE
  5
28A
330
1F
100
AcDbEntity
  8
0
  6
Continuous
 62
     7
100
AcDbLine
 10
187.0958508458
 20
223.6993177963
 30
0.0
 11
174.8158258833
 21
228.1198839948
 31
0.0
  0
LINE
  5
28B
330
1F
100
AcDbEntity
  8
0
  6
Continuous
 62
     7
100
AcDbLine
 10
167.2280912331
 20
229.9072892897
 30
0.0
 11
167.2280912331
 21
232.8572892897
 31
0.0
  0
LINE
  5
28C
330
1F
100
AcDbEntity
  8
0
  6
CENTERX2
 62
     7
100
AcDbLine
 10
164.2780912331
 20
229.9072892897
 30
0.0
 11
167.2280912331
 21
232.8572892897
 31
0.0
  0
LINE
  5
28D
330
1F
100
AcDbEntity
  8
0
  6
Continuous
 62
     7
100
AcDbLine
 10
168.246162499
 20
208.8362023893
 30
0.0
 11
168.246162499
 21
222.0784705408
 31
0.0
  0
LINE
  5
28E
330
1F
100
AcDbEntity
  8
0
  6
Continuous
 62
     7
100
AcDbLine
 10
165.041426557
 20
208.7099499255
 30
0.0
 11
165.041426557
 21
221.7614026644
 31
0.0
  0
LINE
  5
28F
330
1F
100
AcDbEntity
  8
0
  6
CENTERX2
 62
     7
100
AcDbLine
 10
164.2780912331
 20
232.8572892897
 30
0.0
 11
167.2280912331
 21
229.9072892897
 31
0.0
  0
LINE
  5
290
330
1F
100
AcDbEntity
  8
0
  6
Continuous
 62
     7
100
AcDbLine
 10
145.0808897588
 20
222.0441136078
 30
0.0
 11
157.6750351749
 21
226.1361995107
 31
0.0
  0
LINE
  5
291
330
1F
100
AcDbEntity
  8
0
  6
Continuous
 62
     7
100
AcDbLine
 10
143.9704986619
 20
225.0529844515
 30
0.0
 11
156.5035911661
 21
228.694688843
 31
0.0
  0
LINE
  5
292
330
1F
100
AcDbEntity
  8
0
  6
Continuous
 62
     7
100
AcDbLine
 10
150.4838968338
 20
248.1570662258
 30
0.0
 11
158.2675067602
 21
237.4438462471
 31
0.0
  0
LINE
  5
293
330
1F
100
AcDbEntity
  8
0
  6
Continuous
 62
     7
100
AcDbLine
 10
153.0023733371
 20
250.1429031388
 30
0.0
 11
160.3387786049
 21
239.3485723887
 31
0.0
  0
LINE
  5
294
330
1F
100
AcDbEntity
  8
0
  6
Continuous
 62
     7
100
AcDbLine
 10
178.1611070554
 20
177.4506200062
 30
0.0
 11
170.377497129
 21
166.7374000275
 31
0.0
  0
LINE
  5
295
330
1F
100
AcDbEntity
  8
0
  6
Continuous
 62
     7
100
AcDbLine
 10
180.8280022312
 20
175.6690638708
 30
0.0
 11
172.8290575377
 21
165.3560961899
 31
0.0
  0
LINE
  5
296
330
1F
100
AcDbEntity
  8
0
  6
Continuous
 62
     7
100
AcDbLine
 10
165.4507867007
 20
156.2700620241
 30
0.0
 11
168.4007867007
 21
156.2700620241
 31
0.0
  0
LINE
  5
297
330
1F
100
AcDbEntity
  8
0
  6
Continuous
 62
     7
100
AcDbLine
 10
165.4507867007
 20
156.2700620241
 30
0.0
 11
165.4507867007
 21
159.2200620241
 31
0.0
  0
LINE
  5
298
330
1F
100
AcDbEntity
  8
0
  6
Continuous
 62
     7
100
AcDbLine
 10
165.4507867007
 20
159.2200620241
 30
0.0
 11
168.4007867007
 21
159.2200620241
 31
0.0
  0
LINE
  5
299
330
1F
100
AcDbEntity
  8
0
  6
Continuous
 62
     7
100
AcDbLine
 10
189.1387909536
 20
153.1489896882
 30
0.0
 11
176.5446455376
 21
157.2410755911
 31
0.0
  0
LINE
  5
29A
330
1F
100
AcDbEntity
  8
0
  6
Continuous
 62
     7
100
AcDbLine
 10
188.2685463135
 20
150.0620905307
 30
0.0
 11
175.9885213509
 21
154.4826567291
 31
0.0
  0
LINE
  5
29B
330
1F
100
AcDbEntity
  8
0
  6
Continuous
 62
     7
100
AcDbLine
 10
168.4007867007
 20
156.2700620241
 30
0.0
 11
168.4007867007
 21
159.2200620241
 31
0.0
  0
LINE
  5
29C
330
1F
100
AcDbEntity
  8
0
  6
CENTERX2
 62
     7
100
AcDbLine
 10
165.4507867007
 20
156.2700620241
 30
0.0
 11
168.4007867007
 21
159.2200620241
 31
0.0
  0
LINE
  5
29D
330
1F
100
AcDbEntity
  8
0
  6
Continuous
 62
     7
100
AcDbLine
 10
169.4188579666
 20
135.1989751237
 30
0.0
 11
169.4188579666
 21
148.4412432752
 31
0.0
  0
LINE
  5
29E
330
1F
100
AcDbEntity
  8
0
  6
Continuous
 62
     7
100
AcDbLine
 10
166.2141220246
 20
135.0727226599
 30
0.0
 11
166.2141220246
 21
148.1241753988
 31
0.0
  0
LINE
  5
29F
330
1F
100
AcDbEntity
  8
0
  6
CENTERX2
 62
     7
100
AcDbLine
 10
165.4507867007
 20
159.2200620241
 30
0.0
 11
168.4007867007
 21
156.2700620241
 31
0.0
  0
LINE
  5
2A0
330
1F
100
AcDbEntity
  8
0
  6
Continuous
 62
     7
100
AcDbLine
 10
146.2535852265
 20
148.4068863422
 30
0.0
 11
158.8477306425
 21
152.4989722451
 31
0.0
  0
LINE
  5
2A1
330
1F
100
AcDbEntity
  8
0
  6
Continuous
 62
     7
100
AcDbLine
 10
145.1431941295
 20
151.4157571859
 30
0.0
 11
157.6762866338
 21
155.0574615774
 31
0.0
  0
LINE
  5
2A2
330
1F
100
AcDbEntity
  8
0
  6
Continuous
 62
     7
100
AcDbLine
 10
151.6565923015
 20
174.5198389601
 30
0.0
 11
159.4402022278
 21
163.8066189815
 31
0.0
  0
LINE
  5
2A3
330
1F
100
AcDbEntity
  8
0
  6
Continuous
 62
     7
100
AcDbLine
 10
154.1750688047
 20
176.5056758731
 30
0.0
 11
161.5114740725
 21
165.7113451231
 31
0.0
  0
LINE
  5
2A4
330
1F
100
AcDbEntity
  8
0
  6
Continuous
 62
     7
100
AcDbLine
 10
129.9769679851
 20
271.0583762836
 30
0.0
 11
134.9769679851
 21
271.0583762836
 31
0.0
  0
LINE
  5
2A5
330
1F
100
AcDbEntity
  8
0
  6
Continuous
 62
     7
100
AcDbLine
 10
134.9769679851
 20
268.0091105555
 30
0.0
 11
134.9769679851
 21
271.0583762836
 31
0.0
  0
LINE
  5
2A6
330
1F
100
AcDbEntity
  8
0
  6
Continuous
 62
     7
100
AcDbLine
 10
222.745840024
 20
384.120896391
 30
0.0
 11
214.9622300976
 21
373.4076764124
 31
0.0
  0
LINE
  5
2A7
330
1F
100
AcDbEntity
  8
0
  6
Continuous
 62
     7
100
AcDbLine
 10
225.4127351998
 20
382.3393402556
 30
0.0
 11
217.4137905063
 21
372.0263725748
 31
0.0
  0
LINE
  5
2A8
330
1F
100
AcDbEntity
  8
0
  6
Continuous
 62
     7
100
AcDbLine
 10
210.0355196693
 20
362.9403384089
 30
0.0
 11
212.9855196693
 21
362.9403384089
 31
0.0
  0
LINE
  5
2A9
330
1F
100
AcDbEntity
  8
0
  6
Continuous
 62
     7
100
AcDbLine
 10
210.0355196693
 20
362.9403384089
 30
0.0
 11
210.0355196693
 21
365.8903384089
 31
0.0
  0
LINE
  5
2AA
330
1F
100
AcDbEntity
  8
0
  6
Continuous
 62
     7
100
AcDbLine
 10
210.0355196693
 20
365.8903384089
 30
0.0
 11
212.9855196693
 21
365.8903384089
 31
0.0
  0
LINE
  5
2AB
330
1F
100
AcDbEntity
  8
0
  6
Continuous
 62
     7
100
AcDbLine
 10
233.7235239223
 20
359.8192660731
 30
0.0
 11
221.1293785062
 21
363.911351976
 31
0.0
  0
LINE
  5
2AC
330
1F
100
AcDbEntity
  8
0
  6
Continuous
 62
     7
100
AcDbLine
 10
232.8532792821
 20
356.7323669155
 30
0.0
 11
220.5732543196
 21
361.152933114
 31
0.0
  0
LINE
  5
2AD
330
1F
100
AcDbEntity
  8
0
  6
Continuous
 62
     7
100
AcDbLine
 10
212.9855196693
 20
362.9403384089
 30
0.0
 11
212.9855196693
 21
365.8903384089
 31
0.0
  0
LINE
  5
2AE
330
1F
100
AcDbEntity
  8
0
  6
CENTERX2
 62
     7
100
AcDbLine
 10
210.0355196693
 20
362.9403384089
 30
0.0
 11
212.9855196693
 21
365.8903384089
 31
0.0
  0
LINE
  5
2AF
330
1F
100
AcDbEntity
  8
0
  6
Continuous
 62
     7
100
AcDbLine
 10
214.0035909352
 20
341.8692515085
 30
0.0
 11
214.0035909352
 21
355.11151966
 31
0.0
  0
LINE
  5
2B0
330
1F
100
AcDbEntity
  8
0
  6
Continuous
 62
     7
100
AcDbLine
 10
210.7988549933
 20
341.7429990447
 30
0.0
 11
210.7988549933
 21
354.7944517836
 31
0.0
  0
LINE
  5
2B1
330
1F
100
AcDbEntity
  8
0
  6
CENTERX2
 62
     7
100
AcDbLine
 10
210.0355196693
 20
365.8903384089
 30
0.0
 11
212.9855196693
 21
362.9403384089
 31
0.0
  0
LINE
  5
2B2
330
1F
100
AcDbEntity
  8
0
  6
Continuous
 62
     7
100
AcDbLine
 10
190.8383181951
 20
355.077162727
 30
0.0
 11
203.4324636111
 21
359.1692486299
 31
0.0
  0
LINE
  5
2B3
330
1F
100
AcDbEntity
  8
0
  6
Continuous
 62
     7
100
AcDbLine
 10
189.7279270981
 20
358.0860335708
 30
0.0
 11
202.2610196024
 21
361.7277379622
 31
0.0
  0
LINE
  5
2B4
330
1F
100
AcDbEntity
  8
0
  6
Continuous
 62
     7
100
AcDbLine
 10
196.2413252701
 20
381.190115345
 30
0.0
 11
204.0249351964
 21
370.4768953664
 31
0.0
  0
LINE
  5
2B5
330
1F
100
AcDbEntity
  8
0
  6
Continuous
 62
     7
100
AcDbLine
 10
198.7598017733
 20
383.175952258
 30
0.0
 11
206.0962070412
 21
372.3816215079
 31
0.0
  0
LINE
  5
2B6
330
1F
100
AcDbEntity
  8
0
  6
Continuous
 62
     7
100
AcDbLine
 10
292.755299342
 20
374.1451919617
 30
0.0
 11
284.9716894157
 21
363.4319719831
 31
0.0
  0
LINE
  5
2B7
330
1F
100
AcDbEntity
  8
0
  6
Continuous
 62
     7
100
AcDbLine
 10
295.4221945179
 20
372.3636358263
 30
0.0
 11
287.4232498244
 21
362.0506681455
 31
0.0
  0
LINE
  5
2B8
330
1F
100
AcDbEntity
  8
0
  6
Continuous
 62
     7
100
AcDbLine
 10
280.0449789874
 20
352.9646339796
 30
0.0
 11
282.9949789874
 21
352.9646339796
 31
0.0
  0
LINE
  5
2B9
330
1F
100
AcDbEntity
  8
0
  6
Continuous
 62
     7
100
AcDbLine
 10
280.0449789874
 20
352.9646339796
 30
0.0
 11
280.0449789874
 21
355.9146339796
 31
0.0
  0
LINE
  5
2BA
330
1F
100
AcDbEntity
  8
0
  6
Continuous
 62
     7
100
AcDbLine
 10
280.0449789874
 20
355.9146339796
 30
0.0
 11
282.9949789874
 21
355.9146339796
 31
0.0
  0
LINE
  5
2BB
330
1F
100
AcDbEntity
  8
0
  6
Continuous
 62
     7
100
AcDbLine
 10
303.7329832403
 20
349.8435616438
 30
0.0
 11
291.1388378243
 21
353.9356475466
 31
0.0
  0
LINE
  5
2BC
330
1F
100
AcDbEntity
  8
0
  6
Continuous
 62
     7
100
AcDbLine
 10
302.8627386002
 20
346.7566624862
 30
0.0
 11
290.5827136376
 21
351.1772286847
 31
0.0
  0
LINE
  5
2BD
330
1F
100
AcDbEntity
  8
0
  6
Continuous
 62
     7
100
AcDbLine
 10
282.9949789874
 20
352.9646339796
 30
0.0
 11
282.9949789874
 21
355.9146339796
 31
0.0
  0
LINE
  5
2BE
330
1F
100
AcDbEntity
  8
0
  6
CENTERX2
 62
     7
100
AcDbLine
 10
280.0449789874
 20
352.9646339796
 30
0.0
 11
282.9949789874
 21
355.9146339796
 31
0.0
  0
LINE
  5
2BF
330
1F
100
AcDbEntity
  8
0
  6
Continuous
 62
     7
100
AcDbLine
 10
284.0130502533
 20
331.8935470792
 30
0.0
 11
284.0130502533
 21
345.1358152307
 31
0.0
  0
LINE
  5
2C0
330
1F
100
AcDbEntity
  8
0
  6
Continuous
 62
     7
100
AcDbLine
 10
280.8083143113
 20
331.7672946154
 30
0.0
 11
280.8083143113
 21
344.8187473543
 31
0.0
  0
LINE
  5
2C1
330
1F
100
AcDbEntity
  8
0
  6
CENTERX2
 62
     7
100
AcDbLine
 10
280.0449789874
 20
355.9146339796
 30
0.0
 11
282.9949789874
 21
352.9646339796
 31
0.0
  0
LINE
  5
2C2
330
1F
100
AcDbEntity
  8
0
  6
Continuous
 62
     7
100
AcDbLine
 10
260.8477775131
 20
345.1014582977
 30
0.0
 11
273.4419229292
 21
349.1935442006
 31
0.0
  0
LINE
  5
2C3
330
1F
100
AcDbEntity
  8
0
  6
Continuous
 62
     7
100
AcDbLine
 10
259.7373864162
 20
348.1103291414
 30
0.0
 11
272.2704789205
 21
351.7520335329
 31
0.0
  0
LINE
  5
2C4
330
1F
100
AcDbEntity
  8
0
  6
Continuous
 62
     7
100
AcDbLine
 10
266.2507845881
 20
371.2144109157
 30
0.0
 11
274.0343945145
 21
360.501190937
 31
0.0
  0
LINE
  5
2C5
330
1F
100
AcDbEntity
  8
0
  6
Continuous
 62
     7
100
AcDbLine
 10
268.7692610914
 20
373.2002478287
 30
0.0
 11
276.1056663592
 21
362.4059170786
 31
0.0
  0
LINE
  5
2C6
330
1F
100
AcDbEntity
  8
0
  6
Continuous
 62
     7
100
AcDbLine
 10
32.0232536321
 20
392.6185476898
 30
0.0
 11
179.5232536321
 21
392.6185476898
 31
0.0
  0
LINE
  5
2C7
330
1F
100
AcDbEntity
  8
0
  6
Continuous
 62
     7
100
AcDbLine
 10
32.0232536321
 20
392.6185476898
 30
0.0
 11
32.0232536321
 21
395.6785476898
 31
0.0
  0
LINE
  5
2C8
330
1F
100
AcDbEntity
  8
0
  6
Continuous
 62
     7
100
AcDbLine
 10
32.0232536321
 20
395.6785476898
 30
0.0
 11
179.5232536321
 21
395.6785476898
 31
0.0
  0
LINE
  5
2C9
330
1F
100
AcDbEntity
  8
0
  6
Continuous
 62
     7
100
AcDbLine
 10
179.5232536321
 20
392.6185476898
 30
0.0
 11
179.5232536321
 21
395.6785476898
 31
0.0
  0
LINE
  5
2CA
330
1F
100
AcDbEntity
  8
0
  6
CENTERX2
 62
     7
100
AcDbLine
 10
32.0232536321
 20
392.6185476898
 30
0.0
 11
179.5232536321
 21
395.6785476898
 31
0.0
  0
LINE
  5
2CB
330
1F
100
AcDbEntity
  8
0
  6
CENTERX2
 62
     7
100
AcDbLine
 10
32.0232536321
 20
395.6785476898
 30
0.0
 11
179.5232536321
 21
392.6185476898
 31
0.0
  0
LINE
  5
2CC
330
1F
100
AcDbEntity
  8
0
  6
Continuous
 62
     7
100
AcDbLine
 10
624.4099606109
 20
317.1912631044
 30
0.0
 11
624.4099606109
 21
272.1912631044
 31
0.0
  0
LINE
  5
2CD
330
1F
100
AcDbEntity
  8
0
  6
Continuous
 62
     7
100
AcDbLine
 10
488.9099606109
 20
272.1912631044
 30
0.0
 11
485.8599606109
 21
272.1912631044
 31
0.0
  0
LINE
  5
2CE
330
1F
100
AcDbEntity
  8
0
  6
Continuous
 62
     7
100
AcDbLine
 10
485.8599606109
 20
272.1912631044
 30
0.0
 11
485.8599606109
 21
252.1412631044
 31
0.0
  0
LINE
  5
2CF
330
1F
100
AcDbEntity
  8
0
  6
Continuous
 62
     7
100
AcDbLine
 10
485.8599606109
 20
252.1412631044
 30
0.0
 11
488.9099606109
 21
252.1412631044
 31
0.0
  0
LINE
  5
2D0
330
1F
100
AcDbEntity
  8
0
  6
Continuous
 62
     7
100
AcDbLine
 10
488.9099606109
 20
272.1912631044
 30
0.0
 11
488.9099606109
 21
317.1912631044
 31
0.0
  0
LINE
  5
2D1
330
1F
100
AcDbEntity
  8
0
  6
Continuous
 62
     7
100
AcDbLine
 10
624.4099606109
 20
272.1912631044
 30
0.0
 11
627.4599606109
 21
272.1912631044
 31
0.0
  0
LINE
  5
2D2
330
1F
100
AcDbEntity
  8
0
  6
Continuous
 62
     7
100
AcDbLine
 10
627.4599606109
 20
272.1912631044
 30
0.0
 11
627.4599606109
 21
252.1412631044
 31
0.0
  0
LINE
  5
2D3
330
1F
100
AcDbEntity
  8
0
  6
Continuous
 62
     7
100
AcDbLine
 10
627.4599606109
 20
252.1412631044
 30
0.0
 11
624.4099606109
 21
252.1412631044
 31
0.0
  0
LINE
  5
2D4
330
1F
100
AcDbEntity
  8
0
  6
Continuous
 62
     7
100
AcDbLine
 10
624.4099606109
 20
252.1412631044
 30
0.0
 11
624.4099606109
 21
82.2412631044
 31
0.0
  0
LINE
  5
2D5
330
1F
100
AcDbEntity
  8
0
  6
Continuous
 62
     7
100
AcDbLine
 10
488.9099606109
 20
17.1912631044
 30
0.0
 11
488.9099606109
 21
62.1912631044
 31
0.0
  0
LINE
  5
2D6
330
1F
100
AcDbEntity
  8
0
  6
Continuous
 62
     7
100
AcDbLine
 10
488.9099606109
 20
62.1912631044
 30
0.0
 11
485.8599606109
 21
62.1912631044
 31
0.0
  0
LINE
  5
2D7
330
1F
100
AcDbEntity
  8
0
  6
Continuous
 62
     7
100
AcDbLine
 10
485.8599606109
 20
62.1912631044
 30
0.0
 11
485.8599606109
 21
82.2412631044
 31
0.0
  0
LINE
  5
2D8
330
1F
100
AcDbEntity
  8
0
  6
Continuous
 62
     7
100
AcDbLine
 10
485.8599606109
 20
82.2412631044
 30
0.0
 11
488.9099606109
 21
82.2412631044
 31
0.0
  0
LINE
  5
2D9
330
1F
100
AcDbEntity
  8
0
  6
Continuous
 62
     7
100
AcDbLine
 10
488.9099606109
 20
82.2412631044
 30
0.0
 11
488.9099606109
 21
252.1412631044
 31
0.0
  0
LINE
  5
2DA
330
1F
100
AcDbEntity
  8
0
  6
Continuous
 62
     7
100
AcDbLine
 10
488.9099606109
 20
317.1912631044
 30
0.0
 11
546.6349606109
 21
317.1912631044
 31
0.0
  0
LINE
  5
2DB
330
1F
100
AcDbEntity
  8
0
  6
Continuous
 62
     7
100
AcDbLine
 10
624.4099606109
 20
62.1912631044
 30
0.0
 11
627.4599606109
 21
62.1912631044
 31
0.0
  0
LINE
  5
2DC
330
1F
100
AcDbEntity
  8
0
  6
Continuous
 62
     7
100
AcDbLine
 10
627.4599606109
 20
62.1912631044
 30
0.0
 11
627.4599606109
 21
82.2412631044
 31
0.0
  0
LINE
  5
2DD
330
1F
100
AcDbEntity
  8
0
  6
Continuous
 62
     7
100
AcDbLine
 10
627.4599606109
 20
82.2412631044
 30
0.0
 11
624.4099606109
 21
82.2412631044
 31
0.0
  0
LINE
  5
2DE
330
1F
100
AcDbEntity
  8
0
  6
Continuous
 62
     7
100
AcDbLine
 10
624.4099606109
 20
62.1912631044
 30
0.0
 11
624.4099606109
 21
17.1912631044
 31
0.0
  0
LINE
  5
2DF
330
1F
100
AcDbEntity
  8
0
  6
Continuous
 62
     7
100
AcDbLine
 10
546.6349606109
 20
317.1912631044
 30
0.0
 11
546.6349606109
 21
320.2412631044
 31
0.0
  0
LINE
  5
2E0
330
1F
100
AcDbEntity
  8
0
  6
Continuous
 62
     7
100
AcDbLine
 10
546.6349606109
 20
320.2412631044
 30
0.0
 11
566.6849606109
 21
320.2412631044
 31
0.0
  0
LINE
  5
2E1
330
1F
100
AcDbEntity
  8
0
  6
Continuous
 62
     7
100
AcDbLine
 10
566.6849606109
 20
320.2412631044
 30
0.0
 11
566.6849606109
 21
317.1912631044
 31
0.0
  0
LINE
  5
2E2
330
1F
100
AcDbEntity
  8
0
  6
Continuous
 62
     7
100
AcDbLine
 10
566.6849606109
 20
317.1912631044
 30
0.0
 11
624.4099606109
 21
317.1912631044
 31
0.0
  0
LINE
  5
2E3
330
1F
100
AcDbEntity
  8
0
  6
Continuous
 62
     7
100
AcDbLine
 10
488.9099606109
 20
17.1912631044
 30
0.0
 11
546.6349606109
 21
17.1912631044
 31
0.0
  0
LINE
  5
2E4
330
1F
100
AcDbEntity
  8
0
  6
Continuous
 62
     7
100
AcDbLine
 10
546.6349606109
 20
17.1912631044
 30
0.0
 11
546.6349606109
 21
14.1412631044
 31
0.0
  0
LINE
  5
2E5
330
1F
100
AcDbEntity
  8
0
  6
Continuous
 62
     7
100
AcDbLine
 10
546.6349606109
 20
14.1412631044
 30
0.0
 11
566.6849606109
 21
14.1412631044
 31
0.0
  0
LINE
  5
2E6
330
1F
100
AcDbEntity
  8
0
  6
Continuous
 62
     7
100
AcDbLine
 10
566.6849606109
 20
14.1412631044
 30
0.0
 11
566.6849606109
 21
17.1912631044
 31
0.0
  0
LINE
  5
2E7
330
1F
100
AcDbEntity
  8
0
  6
Continuous
 62
     7
100
AcDbLine
 10
566.6849606109
 20
17.1912631044
 30
0.0
 11
624.4099606109
 21
17.1912631044
 31
0.0
  0
LINE
  5
2E8
330
1F
100
AcDbEntity
  8
0
  6
Continuous
 62
     7
100
AcDbLine
 10
337.8613409666
 20
257.0332431125
 30
0.0
 11
473.3613409666
 21
257.0332431125
 31
0.0
  0
LINE
  5
2E9
330
1F
100
AcDbEntity
  8
0
  6
Continuous
 62
     7
100
AcDbLine
 10
473.3613409666
 20
257.0332431125
 30
0.0
 11
473.3613409666
 21
229.9332431124
 31
0.0
  0
LINE
  5
2EA
330
1F
100
AcDbEntity
  8
0
  6
Continuous
 62
     7
100
AcDbLine
 10
474.2594036285
 20
135.8989700611
 30
0.0
 11
474.2594036285
 21
116.8989700611
 31
0.0
  0
LINE
  5
2EB
330
1F
100
AcDbEntity
  8
0
  6
Continuous
 62
     7
100
AcDbLine
 10
473.2614088093
 20
14.0132474488
 30
0.0
 11
337.7614088093
 21
14.0132474488
 31
0.0
  0
LINE
  5
2EC
330
1F
100
AcDbEntity
  8
0
  6
Continuous
 62
     7
100
AcDbLine
 10
337.7614088093
 20
14.0132474488
 30
0.0
 11
337.7614088093
 21
27.5632474488
 31
0.0
  0
LINE
  5
2ED
330
1F
100
AcDbEntity
  8
0
  6
Continuous
 62
     7
100
AcDbLine
 10
338.4325698623
 20
135.8989700611
 30
0.0
 11
357.4325698623
 21
135.8989700611
 31
0.0
  0
LINE
  5
2EE
330
1F
100
AcDbEntity
  8
0
  6
Continuous
 62
     7
100
AcDbLine
 10
338.4325698623
 20
74.8489700612
 30
0.0
 11
338.4325698623
 21
96.9489700611
 31
0.0
  0
LINE
  5
2EF
330
1F
100
AcDbEntity
  8
0
  6
Continuous
 62
     7
100
AcDbLine
 10
338.4325698623
 20
74.8489700612
 30
0.0
 11
357.4325698623
 21
74.8489700612
 31
0.0
  0
LINE
  5
2F0
330
1F
100
AcDbEntity
  8
0
  6
Continuous
 62
     7
100
AcDbLine
 10
459.4146704536
 20
57.8456887431
 30
0.0
 11
473.2614088093
 21
57.8456887431
 31
0.0
  0
LINE
  5
2F1
330
1F
100
AcDbEntity
  8
0
  6
Continuous
 62
     7
100
AcDbLine
 10
338.4325698623
 20
116.8989700611
 30
0.0
 11
341.4825698623
 21
116.8989700611
 31
0.0
  0
LINE
  5
2F2
330
1F
100
AcDbEntity
  8
0
  6
Continuous
 62
     7
100
AcDbLine
 10
377.4829405598
 20
74.6324379554
 30
0.0
 11
396.4828675354
 21
74.6851154679
 31
0.0
  0
LINE
  5
2F3
330
1F
100
AcDbEntity
  8
0
  6
Continuous
 62
     7
100
AcDbLine
 10
416.5327904755
 20
74.740704106
 30
0.0
 11
435.5327174512
 21
74.7933816185
 31
0.0
  0
LINE
  5
2F4
330
1F
100
AcDbEntity
  8
0
  6
Continuous
 62
     7
100
AcDbLine
 10
455.5825698623
 20
74.8489700612
 30
0.0
 11
473.9325698623
 21
74.8998456437
 31
0.0
  0
LINE
  5
2F5
330
1F
100
AcDbEntity
  8
0
  6
Continuous
 62
     7
100
AcDbLine
 10
341.4825698623
 20
116.8989700611
 30
0.0
 11
341.4825698623
 21
96.9489700611
 31
0.0
  0
LINE
  5
2F6
330
1F
100
AcDbEntity
  8
0
  6
Continuous
 62
     7
100
AcDbLine
 10
341.4825698623
 20
96.9489700611
 30
0.0
 11
338.4325698623
 21
96.9489700611
 31
0.0
  0
LINE
  5
2F7
330
1F
100
AcDbEntity
  8
0
  6
Continuous
 62
     7
100
AcDbLine
 10
338.4325698623
 20
116.8989700611
 30
0.0
 11
338.4325698623
 21
135.8989700611
 31
0.0
  0
LINE
  5
2F8
330
1F
100
AcDbEntity
  8
0
  6
Continuous
 62
     7
100
AcDbLine
 10
474.2594036285
 20
116.8989700611
 30
0.0
 11
470.6172162231
 21
116.8989700611
 31
0.0
  0
LINE
  5
2F9
330
1F
100
AcDbEntity
  8
0
  6
Continuous
 62
     7
100
AcDbLine
 10
470.2903824569
 20
96.9516474416
 30
0.0
 11
473.9325698623
 21
96.9516474416
 31
0.0
  0
LINE
  5
2FA
330
1F
100
AcDbEntity
  8
0
  6
Continuous
 62
     7
100
AcDbLine
 10
470.6172162231
 20
116.8989700611
 30
0.0
 11
470.2903824569
 21
96.9516474416
 31
0.0
  0
LINE
  5
2FB
330
1F
100
AcDbEntity
  8
0
  6
Continuous
 62
     7
100
AcDbLine
 10
473.9325698623
 20
96.9516474416
 30
0.0
 11
473.9325698623
 21
74.8998456437
 31
0.0
  0
LINE
  5
2FC
330
1F
100
AcDbEntity
  8
0
  6
Continuous
 62
     7
100
AcDbLine
 10
455.5821996859
 20
138.9239700611
 30
0.0
 11
455.5821996859
 21
135.8989700611
 31
0.0
  0
LINE
  5
2FD
330
1F
100
AcDbEntity
  8
0
  6
Continuous
 62
     7
100
AcDbLine
 10
435.5321996859
 20
138.9239700611
 30
0.0
 11
455.5821996859
 21
138.9239700611
 31
0.0
  0
LINE
  5
2FE
330
1F
100
AcDbEntity
  8
0
  6
Continuous
 62
     7
100
AcDbLine
 10
435.5321996859
 20
135.8989700611
 30
0.0
 11
435.5321996859
 21
138.9239700611
 31
0.0
  0
LINE
  5
2FF
330
1F
100
AcDbEntity
  8
0
  6
Continuous
 62
     7
100
AcDbLine
 10
416.5321996859
 20
138.9239700611
 30
0.0
 11
416.5321996859
 21
135.8989700611
 31
0.0
  0
LINE
  5
300
330
1F
100
AcDbEntity
  8
0
  6
Continuous
 62
     7
100
AcDbLine
 10
396.4821996859
 20
138.9239700611
 30
0.0
 11
416.5321996859
 21
138.9239700611
 31
0.0
  0
LINE
  5
301
330
1F
100
AcDbEntity
  8
0
  6
Continuous
 62
     7
100
AcDbLine
 10
396.4821996859
 20
135.8989700611
 30
0.0
 11
396.4821996859
 21
138.9239700611
 31
0.0
  0
LINE
  5
302
330
1F
100
AcDbEntity
  8
0
  6
Continuous
 62
     7
100
AcDbLine
 10
377.4825698623
 20
138.9239700611
 30
0.0
 11
377.4825698623
 21
135.8989700611
 31
0.0
  0
LINE
  5
303
330
1F
100
AcDbEntity
  8
0
  6
Continuous
 62
     7
100
AcDbLine
 10
357.4325698623
 20
138.9239700611
 30
0.0
 11
377.4825698623
 21
138.9239700611
 31
0.0
  0
LINE
  5
304
330
1F
100
AcDbEntity
  8
0
  6
Continuous
 62
     7
100
AcDbLine
 10
357.4325698623
 20
135.8989700611
 30
0.0
 11
357.4325698623
 21
138.9239700611
 31
0.0
  0
LINE
  5
305
330
1F
100
AcDbEntity
  8
0
  6
Continuous
 62
     7
100
AcDbLine
 10
377.4825698623
 20
135.8989700611
 30
0.0
 11
396.4821996859
 21
135.8989700611
 31
0.0
  0
LINE
  5
306
330
1F
100
AcDbEntity
  8
0
  6
Continuous
 62
     7
100
AcDbLine
 10
416.5321996859
 20
135.8989700611
 30
0.0
 11
435.5321996859
 21
135.8989700611
 31
0.0
  0
LINE
  5
307
330
1F
100
AcDbEntity
  8
0
  6
Continuous
 62
     7
100
AcDbLine
 10
455.5821996859
 20
135.8989700611
 30
0.0
 11
474.2594036285
 21
135.8989700611
 31
0.0
  0
LINE
  5
308
330
1F
100
AcDbEntity
  8
0
  6
Continuous
 62
     7
100
AcDbLine
 10
337.7647576269
 20
66.5132471537
 30
0.0
 11
356.7614088093
 21
66.8699597204
 31
0.0
  0
LINE
  5
309
330
1F
100
AcDbEntity
  8
0
  6
Continuous
 62
     7
100
AcDbLine
 10
356.7614088093
 20
66.8699597204
 30
0.0
 11
356.7614088093
 21
69.9199597204
 31
0.0
  0
LINE
  5
30A
330
1F
100
AcDbEntity
  8
0
  6
Continuous
 62
     7
100
AcDbLine
 10
356.7614088093
 20
69.9199597204
 30
0.0
 11
376.8114088093
 21
69.9199597204
 31
0.0
  0
LINE
  5
30B
330
1F
100
AcDbEntity
  8
0
  6
Continuous
 62
     7
100
AcDbLine
 10
376.8114088093
 20
69.9199597204
 30
0.0
 11
376.8114088093
 21
66.8699597204
 31
0.0
  0
LINE
  5
30C
330
1F
100
AcDbEntity
  8
0
  6
Continuous
 62
     7
100
AcDbLine
 10
473.2614088093
 20
66.8699597204
 30
0.0
 11
473.2614088093
 21
47.8699597204
 31
0.0
  0
LINE
  5
30D
330
1F
100
AcDbEntity
  8
0
  6
Continuous
 62
     7
100
AcDbLine
 10
395.8114088093
 20
66.8699597204
 30
0.0
 11
395.8114088093
 21
69.9199597204
 31
0.0
  0
LINE
  5
30E
330
1F
100
AcDbEntity
  8
0
  6
Continuous
 62
     7
100
AcDbLine
 10
395.8114088093
 20
69.9199597204
 30
0.0
 11
415.8614088093
 21
69.9199597204
 31
0.0
  0
LINE
  5
30F
330
1F
100
AcDbEntity
  8
0
  6
Continuous
 62
     7
100
AcDbLine
 10
415.8614088093
 20
69.9199597204
 30
0.0
 11
415.8614088093
 21
66.8699597204
 31
0.0
  0
LINE
  5
310
330
1F
100
AcDbEntity
  8
0
  6
Continuous
 62
     7
100
AcDbLine
 10
337.7614088093
 20
47.5132474488
 30
0.0
 11
340.8114088093
 21
47.5132474488
 31
0.0
  0
LINE
  5
311
330
1F
100
AcDbEntity
  8
0
  6
Continuous
 62
     7
100
AcDbLine
 10
434.8614088093
 20
66.8699597204
 30
0.0
 11
434.8614088093
 21
69.9199597204
 31
0.0
  0
LINE
  5
312
330
1F
100
AcDbEntity
  8
0
  6
Continuous
 62
     7
100
AcDbLine
 10
434.8614088093
 20
69.9199597204
 30
0.0
 11
454.9114088093
 21
69.9199597204
 31
0.0
  0
LINE
  5
313
330
1F
100
AcDbEntity
  8
0
  6
Continuous
 62
     7
100
AcDbLine
 10
454.9114088093
 20
69.9199597204
 30
0.0
 11
454.9114088093
 21
66.8699597204
 31
0.0
  0
LINE
  5
314
330
1F
100
AcDbEntity
  8
0
  6
Continuous
 62
     7
100
AcDbLine
 10
376.8114088093
 20
66.8699597204
 30
0.0
 11
395.8114088093
 21
66.8699597204
 31
0.0
  0
LINE
  5
315
330
1F
100
AcDbEntity
  8
0
  6
Continuous
 62
     7
100
AcDbLine
 10
415.8614088093
 20
66.8699597204
 30
0.0
 11
434.8614088093
 21
66.8699597204
 31
0.0
  0
LINE
  5
316
330
1F
100
AcDbEntity
  8
0
  6
Continuous
 62
     7
100
AcDbLine
 10
454.9114088093
 20
66.8699597204
 30
0.0
 11
473.2614088093
 21
66.8699597204
 31
0.0
  0
LINE
  5
317
330
1F
100
AcDbEntity
  8
0
  6
Continuous
 62
     7
100
AcDbLine
 10
340.8114088093
 20
47.5132474488
 30
0.0
 11
340.8114088093
 21
27.5632474488
 31
0.0
  0
LINE
  5
318
330
1F
100
AcDbEntity
  8
0
  6
Continuous
 62
     7
100
AcDbLine
 10
340.8114088093
 20
27.5632474488
 30
0.0
 11
337.7614088093
 21
27.5632474488
 31
0.0
  0
LINE
  5
319
330
1F
100
AcDbEntity
  8
0
  6
Continuous
 62
     7
100
AcDbLine
 10
337.7614088093
 20
47.5132474488
 30
0.0
 11
337.7647576269
 21
66.5132471537
 31
0.0
  0
LINE
  5
31A
330
1F
100
AcDbEntity
  8
0
  6
Continuous
 62
     7
100
AcDbLine
 10
473.2614088093
 20
47.8699597204
 30
0.0
 11
470.2114088093
 21
47.8699597204
 31
0.0
  0
LINE
  5
31B
330
1F
100
AcDbEntity
  8
0
  6
Continuous
 62
     7
100
AcDbLine
 10
470.2114088093
 20
47.8699597204
 30
0.0
 11
470.2114088093
 21
27.9199597204
 31
0.0
  0
LINE
  5
31C
330
1F
100
AcDbEntity
  8
0
  6
Continuous
 62
     7
100
AcDbLine
 10
470.2114088093
 20
27.9199597204
 30
0.0
 11
473.2614088093
 21
27.9199597204
 31
0.0
  0
LINE
  5
31D
330
1F
100
AcDbEntity
  8
0
  6
Continuous
 62
     7
100
AcDbLine
 10
473.2614088093
 20
27.9199597204
 30
0.0
 11
473.2614088093
 21
14.0132474488
 31
0.0
  0
LINE
  5
31E
330
1F
100
AcDbEntity
  8
0
  6
Continuous
 62
     7
100
AcDbLine
 10
337.8613409666
 20
152.0332431125
 30
0.0
 11
356.8613409666
 21
152.0332431125
 31
0.0
  0
LINE
  5
31F
330
1F
100
AcDbEntity
  8
0
  6
Continuous
 62
     7
100
AcDbLine
 10
356.8613409666
 20
152.0332431125
 30
0.0
 11
356.8613409666
 21
149.0082431125
 31
0.0
  0
LINE
  5
320
330
1F
100
AcDbEntity
  8
0
  6
Continuous
 62
     7
100
AcDbLine
 10
356.8613409666
 20
149.0082431125
 30
0.0
 11
376.9113409666
 21
149.0082431125
 31
0.0
  0
LINE
  5
321
330
1F
100
AcDbEntity
  8
0
  6
Continuous
 62
     7
100
AcDbLine
 10
376.9113409666
 20
149.0082431125
 30
0.0
 11
376.9113409666
 21
152.0332431125
 31
0.0
  0
LINE
  5
322
330
1F
100
AcDbEntity
  8
0
  6
Continuous
 62
     7
100
AcDbLine
 10
337.8613409666
 20
152.0332431125
 30
0.0
 11
337.8613409666
 21
171.0332431125
 31
0.0
  0
LINE
  5
323
330
1F
100
AcDbEntity
  8
0
  6
Continuous
 62
     7
100
AcDbLine
 10
395.9113409666
 20
152.0332431125
 30
0.0
 11
395.9113409666
 21
149.0082431125
 31
0.0
  0
LINE
  5
324
330
1F
100
AcDbEntity
  8
0
  6
Continuous
 62
     7
100
AcDbLine
 10
395.9113409666
 20
149.0082431125
 30
0.0
 11
415.9613409666
 21
149.0082431125
 31
0.0
  0
LINE
  5
325
330
1F
100
AcDbEntity
  8
0
  6
Continuous
 62
     7
100
AcDbLine
 10
415.9613409666
 20
149.0082431125
 30
0.0
 11
415.9613409666
 21
152.0332431125
 31
0.0
  0
LINE
  5
326
330
1F
100
AcDbEntity
  8
0
  6
Continuous
 62
     7
100
AcDbLine
 10
337.8613409666
 20
171.0332431125
 30
0.0
 11
340.8863409666
 21
171.0332431125
 31
0.0
  0
LINE
  5
327
330
1F
100
AcDbEntity
  8
0
  6
Continuous
 62
     7
100
AcDbLine
 10
434.9613409666
 20
152.0332431125
 30
0.0
 11
434.9613409666
 21
149.0082431125
 31
0.0
  0
LINE
  5
328
330
1F
100
AcDbEntity
  8
0
  6
Continuous
 62
     7
100
AcDbLine
 10
434.9613409666
 20
149.0082431125
 30
0.0
 11
455.0113409666
 21
149.0082431125
 31
0.0
  0
LINE
  5
329
330
1F
100
AcDbEntity
  8
0
  6
Continuous
 62
     7
100
AcDbLine
 10
455.0113409666
 20
149.0082431125
 30
0.0
 11
455.0113409666
 21
152.0332431125
 31
0.0
  0
LINE
  5
32A
330
1F
100
AcDbEntity
  8
0
  6
Continuous
 62
     7
100
AcDbLine
 10
376.9113409666
 20
152.0332431125
 30
0.0
 11
395.9113409666
 21
152.0332431125
 31
0.0
  0
LINE
  5
32B
330
1F
100
AcDbEntity
  8
0
  6
Continuous
 62
     7
100
AcDbLine
 10
415.9613409666
 20
152.0332431125
 30
0.0
 11
434.9613409666
 21
152.0332431125
 31
0.0
  0
LINE
  5
32C
330
1F
100
AcDbEntity
  8
0
  6
Continuous
 62
     7
100
AcDbLine
 10
455.0113409666
 20
152.0332431125
 30
0.0
 11
473.3613409666
 21
152.0332431125
 31
0.0
  0
LINE
  5
32D
330
1F
100
AcDbEntity
  8
0
  6
Continuous
 62
     7
100
AcDbLine
 10
340.8863409666
 20
171.0332431125
 30
0.0
 11
340.8863409666
 21
190.9832431125
 31
0.0
  0
LINE
  5
32E
330
1F
100
AcDbEntity
  8
0
  6
Continuous
 62
     7
100
AcDbLine
 10
340.8863409666
 20
190.9832431125
 30
0.0
 11
337.8613409666
 21
190.9832431125
 31
0.0
  0
LINE
  5
32F
330
1F
100
AcDbEntity
  8
0
  6
Continuous
 62
     7
100
AcDbLine
 10
347.1108715285
 20
83.6772546719
 30
0.0
 11
463.9806902533
 21
83.6772546719
 31
0.0
  0
LINE
  5
330
330
1F
100
AcDbEntity
  8
0
  6
Continuous
 62
     7
100
AcDbLine
 10
337.8613409666
 20
209.9832431125
 30
0.0
 11
340.8863409666
 21
209.9832431125
 31
0.0
  0
LINE
  5
331
330
1F
100
AcDbEntity
  8
0
  6
Continuous
 62
     7
100
AcDbLine
 10
340.8863409666
 20
209.9832431125
 30
0.0
 11
340.8863409666
 21
229.9332431125
 31
0.0
  0
LINE
  5
332
330
1F
100
AcDbEntity
  8
0
  6
Continuous
 62
     7
100
AcDbLine
 10
340.8863409666
 20
229.9332431125
 30
0.0
 11
337.8613409666
 21
229.9332431125
 31
0.0
  0
LINE
  5
333
330
1F
100
AcDbEntity
  8
0
  6
Continuous
 62
     7
100
AcDbLine
 10
337.8613409666
 20
229.9332431125
 30
0.0
 11
337.8613409666
 21
257.0332431125
 31
0.0
  0
LINE
  5
334
330
1F
100
AcDbEntity
  8
0
  6
Continuous
 62
     7
100
AcDbLine
 10
337.8613409666
 20
190.9832431125
 30
0.0
 11
337.8613409666
 21
209.9832431125
 31
0.0
  0
LINE
  5
335
330
1F
100
AcDbEntity
  8
0
  6
Continuous
 62
     7
100
AcDbLine
 10
473.3613409666
 20
171.0332431124
 30
0.0
 11
470.3363409666
 21
171.0332431124
 31
0.0
  0
LINE
  5
336
330
1F
100
AcDbEntity
  8
0
  6
Continuous
 62
     7
100
AcDbLine
 10
470.3363409666
 20
171.0332431124
 30
0.0
 11
470.3363409666
 21
190.9832431124
 31
0.0
  0
LINE
  5
337
330
1F
100
AcDbEntity
  8
0
  6
Continuous
 62
     7
100
AcDbLine
 10
470.3363409666
 20
190.9832431124
 30
0.0
 11
473.3613409666
 21
190.9832431124
 31
0.0
  0
LINE
  5
338
330
1F
100
AcDbEntity
  8
0
  6
Continuous
 62
     7
100
AcDbLine
 10
353.1108715285
 20
131.6202543551
 30
0.0
 11
457.9806902533
 21
131.6202543551
 31
0.0
  0
LINE
  5
339
330
1F
100
AcDbEntity
  8
0
  6
Continuous
 62
     7
100
AcDbLine
 10
473.3613409666
 20
209.9832431124
 30
0.0
 11
470.3363409666
 21
209.9832431124
 31
0.0
  0
LINE
  5
33A
330
1F
100
AcDbEntity
  8
0
  6
Continuous
 62
     7
100
AcDbLine
 10
470.3363409666
 20
209.9832431124
 30
0.0
 11
470.3363409666
 21
229.9332431124
 31
0.0
  0
LINE
  5
33B
330
1F
100
AcDbEntity
  8
0
  6
Continuous
 62
     7
100
AcDbLine
 10
470.3363409666
 20
229.9332431124
 30
0.0
 11
473.3613409666
 21
229.9332431124
 31
0.0
  0
LINE
  5
33C
330
1F
100
AcDbEntity
  8
0
  6
Continuous
 62
     7
100
AcDbLine
 10
473.3613409666
 20
209.9832431124
 30
0.0
 11
473.3613409666
 21
190.9832431124
 31
0.0
  0
LINE
  5
33D
330
1F
100
AcDbEntity
  8
0
  6
Continuous
 62
     7
100
AcDbLine
 10
473.3613409666
 20
171.0332431124
 30
0.0
 11
473.3613409666
 21
152.0332431125
 31
0.0
  0
LINE
  5
33E
330
1F
100
AcDbEntity
  8
0
  6
Continuous
 62
     7
100
AcDbLine
 10
464.9806902533
 20
124.6202543551
 30
0.0
 11
464.9806902533
 21
84.6772546719
 31
0.0
  0
LINE
  5
33F
330
1F
100
AcDbEntity
  8
0
  6
Continuous
 62
     7
100
AcDbLine
 10
346.1108715285
 20
124.6202543551
 30
0.0
 11
346.1108715285
 21
84.6772546719
 31
0.0
  0
LINE
  5
340
330
1F
100
AcDbEntity
  8
0
  6
CENTERX2
 62
     7
100
AcDbLine
 10
386.7753355509
 20
42.4106936053
 30
0.0
 11
386.7753355509
 21
61.9086854899
 31
0.0
  0
LINE
  5
341
330
1F
100
AcDbEntity
  8
0
  6
Continuous
 62
     7
100
AcDbLine
 10
383.0397995733
 20
42.4106936053
 30
0.0
 11
383.0397995733
 21
61.9086854899
 31
0.0
  0
LINE
  5
342
330
1F
100
AcDbEntity
  8
0
  6
Continuous
 62
     7
100
AcDbLine
 10
390.5108715285
 20
42.4106936053
 30
0.0
 11
390.5108715285
 21
61.9086854899
 31
0.0
  0
LINE
  5
343
330
1F
100
AcDbEntity
  8
0
  6
CENTERX2
 62
     7
100
AcDbLine
 10
395.8114088093
 20
42.4356936053
 30
0.0
 11
395.8114088093
 21
61.9336854899
 31
0.0
  0
LINE
  5
344
330
1F
100
AcDbEntity
  8
0
  6
Continuous
 62
     7
100
AcDbLine
 10
392.0758728317
 20
42.4356936053
 30
0.0
 11
392.0758728317
 21
61.9336854899
 31
0.0
  0
LINE
  5
345
330
1F
100
AcDbEntity
  8
0
  6
Continuous
 62
     7
100
AcDbLine
 10
399.5469447869
 20
42.4356936053
 30
0.0
 11
399.5469447869
 21
61.9336854899
 31
0.0
  0
LINE
  5
346
330
1F
100
AcDbEntity
  8
0
  6
CENTERX2
 62
     7
100
AcDbLine
 10
403.3240513521
 20
42.4106936053
 30
0.0
 11
403.3240513521
 21
61.9086854899
 31
0.0
  0
LINE
  5
347
330
1F
100
AcDbEntity
  8
0
  6
Continuous
 62
     7
100
AcDbLine
 10
399.5885153745
 20
42.4106936053
 30
0.0
 11
399.5885153745
 21
61.9086854899
 31
0.0
  0
LINE
  5
348
330
1F
100
AcDbEntity
  8
0
  6
Continuous
 62
     7
100
AcDbLine
 10
407.0595873297
 20
42.4106936053
 30
0.0
 11
407.0595873297
 21
61.9086854899
 31
0.0
  0
LINE
  5
349
330
1F
100
AcDbEntity
  8
0
  6
CENTERX2
 62
     7
100
AcDbLine
 10
412.7758046028
 20
42.4106936053
 30
0.0
 11
412.7758046028
 21
61.9086854899
 31
0.0
  0
LINE
  5
34A
330
1F
100
AcDbEntity
  8
0
  6
Continuous
 62
     7
100
AcDbLine
 10
409.0402686252
 20
42.4106936053
 30
0.0
 11
409.0402686252
 21
61.9086854899
 31
0.0
  0
LINE
  5
34B
330
1F
100
AcDbEntity
  8
0
  6
Continuous
 62
     7
100
AcDbLine
 10
416.5113405805
 20
42.4106936053
 30
0.0
 11
416.5113405805
 21
61.9086854899
 31
0.0
  0
LINE
  5
34C
330
1F
100
AcDbEntity
  8
0
  6
CENTERX2
 62
     7
100
AcDbLine
 10
421.0404774349
 20
42.4106936053
 30
0.0
 11
421.0404774349
 21
61.9086854899
 31
0.0
  0
LINE
  5
34D
330
1F
100
AcDbEntity
  8
0
  6
Continuous
 62
     7
100
AcDbLine
 10
417.3049414572
 20
42.4106936053
 30
0.0
 11
417.3049414572
 21
61.9086854899
 31
0.0
  0
LINE
  5
34E
330
1F
100
AcDbEntity
  8
0
  6
Continuous
 62
     7
100
AcDbLine
 10
424.7760134125
 20
42.4106936053
 30
0.0
 11
424.7760134125
 21
61.9086854899
 31
0.0
  0
LINE
  5
34F
330
1F
100
AcDbEntity
  8
0
  6
CENTERX2
 62
     7
100
AcDbLine
 10
429.2121414173
 20
42.4106936053
 30
0.0
 11
429.2121414173
 21
61.9086854899
 31
0.0
  0
LINE
  5
350
330
1F
100
AcDbEntity
  8
0
  6
Continuous
 62
     7
100
AcDbLine
 10
425.4766054397
 20
42.4106936053
 30
0.0
 11
425.4766054397
 21
61.9086854899
 31
0.0
  0
LINE
  5
351
330
1F
100
AcDbEntity
  8
0
  6
Continuous
 62
     7
100
AcDbLine
 10
432.947677395
 20
42.4106936053
 30
0.0
 11
432.947677395
 21
61.9086854899
 31
0.0
  0
LINE
  5
352
330
1F
100
AcDbEntity
  8
0
  6
CENTERX2
 62
     7
100
AcDbLine
 10
379.2864075061
 20
42.4106936053
 30
0.0
 11
379.2864075061
 21
61.9086854899
 31
0.0
  0
LINE
  5
353
330
1F
100
AcDbEntity
  8
0
  6
Continuous
 62
     7
100
AcDbLine
 10
375.5508715285
 20
42.4106936053
 30
0.0
 11
375.5508715285
 21
61.9086854899
 31
0.0
  0
LINE
  5
354
330
1F
100
AcDbEntity
  8
0
  6
Continuous
 62
     7
100
AcDbLine
 10
383.0219434838
 20
42.4106936053
 30
0.0
 11
383.0219434838
 21
61.9086854899
 31
0.0
  0
LINE
  5
355
330
1F
100
AcDbEntity
  8
0
  6
CENTERX2
 62
     7
100
AcDbLine
 10
361.9996770487
 20
52.1596895476
 30
0.0
 11
446.8360806429
 21
52.1596895476
 31
0.0
  0
LINE
  5
356
330
1F
100
AcDbEntity
  8
0
  6
Continuous
 62
     7
100
AcDbLine
 10
361.9996770487
 20
65.9637291186
 30
0.0
 11
446.8360806429
 21
65.9637291186
 31
0.0
  0
LINE
  5
357
330
1F
100
AcDbEntity
  8
0
  6
Continuous
 62
     7
100
AcDbLine
 10
361.9996770487
 20
38.3556499767
 30
0.0
 11
446.8360806429
 21
38.3556499767
 31
0.0
  0
LINE
  5
358
330
1F
100
AcDbEntity
  8
0
  6
Continuous
 62
     7
100
AcDbLine
 10
349.421087238
 20
57.8456887431
 30
0.0
 11
337.7632299389
 21
57.8456887431
 31
0.0
  0
LINE
  5
359
330
1F
100
AcDbEntity
  8
0
  6
Continuous
 62
     7
100
AcDbLine
 10
340.7864088093
 20
41.8161620663
 30
0.0
 11
352.8583999104
 21
41.8161620663
 31
0.0
  0
LINE
  5
35A
330
1F
100
AcDbEntity
  8
0
  6
Continuous
 62
     7
100
AcDbLine
 10
368.0708715285
 20
38.3556499767
 30
0.0
 11
368.0708715285
 21
14.0132474488
 31
0.0
  0
LINE
  5
35B
330
1F
100
AcDbEntity
  8
0
  6
Continuous
 62
     7
100
AcDbLine
 10
345.9256945624
 20
30.7348315319
 30
0.0
 11
361.955232345
 21
30.7348315319
 31
0.0
  0
LINE
  5
35C
330
1F
100
AcDbEntity
  8
0
  6
Continuous
 62
     7
100
AcDbLine
 10
350.9418762594
 20
21.8356521561
 30
0.0
 11
361.955232345
 21
21.8356521561
 31
0.0
  0
LINE
  5
35D
330
1F
100
AcDbEntity
  8
0
  6
Continuous
 62
     7
100
AcDbLine
 10
364.4177764571
 20
29.5906513264
 30
0.0
 11
364.4177764571
 21
23.6154880312
 31
0.0
  0
LINE
  5
35E
330
1F
100
AcDbEntity
  8
0
  6
Continuous
 62
     7
100
AcDbLine
 10
343.8225327588
 20
29.5906513264
 30
0.0
 11
343.8225327588
 21
25.6495861743
 31
0.0
  0
LINE
  5
35F
330
1F
100
AcDbEntity
  8
0
  6
Continuous
 62
     7
100
AcDbLine
 10
357.4325698623
 20
74.8489700612
 30
0.0
 11
455.5825698623
 21
74.8489700612
 31
0.0
  0
LINE
  5
360
330
1F
100
AcDbEntity
  8
0
  6
Continuous
 62
     7
100
AcDbLine
 10
454.9114088093
 20
40.9641286648
 30
0.0
 11
470.2114088093
 21
40.9641286648
 31
0.0
  0
LINE
  5
361
330
1F
100
AcDbEntity
  8
0
  6
Continuous
 62
     7
100
AcDbLine
 10
447.8791184724
 20
30.7348315319
 30
0.0
 11
463.7955132872
 21
30.7348315319
 31
0.0
  0
LINE
  5
362
330
1F
100
AcDbEntity
  8
0
  6
Continuous
 62
     7
100
AcDbLine
 10
447.8791184724
 20
21.8356521561
 30
0.0
 11
459.37022575
 21
21.8356521561
 31
0.0
  0
LINE
  5
363
330
1F
100
AcDbEntity
  8
0
  6
Continuous
 62
     7
100
AcDbLine
 10
465.9142114841
 20
29.5906513264
 30
0.0
 11
465.9142114841
 21
25.6495861743
 31
0.0
  0
LINE
  5
364
330
1F
100
AcDbEntity
  8
0
  6
Continuous
 62
     7
100
AcDbLine
 10
445.0537932845
 20
29.5906513264
 30
0.0
 11
445.0537932845
 21
23.9568421497
 31
0.0
  0
LINE
  5
365
330
1F
100
AcDbEntity
  8
0
  6
Continuous
 62
     7
100
AcDbLine
 10
388.199000145
 20
231.3391038858
 30
0.0
 11
362.0996092059
 21
231.3391038858
 31
0.0
  0
LINE
  5
366
330
1F
100
AcDbEntity
  8
0
  6
Continuous
 62
     7
100
AcDbLine
 10
383.9899081388
 20
30.7348315319
 30
0.0
 11
426.4267140053
 21
30.7348315319
 31
0.0
  0
LINE
  5
367
330
1F
100
AcDbEntity
  8
0
  6
Continuous
 62
     7
100
AcDbLine
 10
383.9899081388
 20
30.7348315319
 30
0.0
 11
383.9899081388
 21
20.7957658388
 31
0.0
  0
LINE
  5
368
330
1F
100
AcDbEntity
  8
0
  6
Continuous
 62
     7
100
AcDbLine
 10
383.9899081388
 20
20.7957658388
 30
0.0
 11
426.4267140053
 21
20.7957658388
 31
0.0
  0
LINE
  5
369
330
1F
100
AcDbEntity
  8
0
  6
Continuous
 62
     7
100
AcDbLine
 10
426.4267140053
 20
30.7348315319
 30
0.0
 11
426.4267140053
 21
20.7957658388
 31
0.0
  0
LINE
  5
36A
330
1F
100
AcDbEntity
  8
0
  6
Continuous
 62
     7
100
AcDbLine
 10
402.9928110031
 20
209.6190487579
 30
0.0
 11
406.0428110031
 21
209.6190487579
 31
0.0
  0
LINE
  5
36B
330
1F
100
AcDbEntity
  8
0
  6
Continuous
 62
     7
100
AcDbLine
 10
402.9928110031
 20
209.6190487579
 30
0.0
 11
402.9928110031
 21
212.6690487579
 31
0.0
  0
LINE
  5
36C
330
1F
100
AcDbEntity
  8
0
  6
Continuous
 62
     7
100
AcDbLine
 10
402.9928110031
 20
212.6690487579
 30
0.0
 11
406.0428110031
 21
212.6690487579
 31
0.0
  0
LINE
  5
36D
330
1F
100
AcDbEntity
  8
0
  6
Continuous
 62
     7
100
AcDbLine
 10
406.0428110031
 20
209.6190487579
 30
0.0
 11
406.0428110031
 21
212.6690487579
 31
0.0
  0
LINE
  5
36E
330
1F
100
AcDbEntity
  8
0
  6
CENTERX2
 62
     7
100
AcDbLine
 10
402.9928110031
 20
209.6190487579
 30
0.0
 11
406.0428110031
 21
212.6690487579
 31
0.0
  0
LINE
  5
36F
330
1F
100
AcDbEntity
  8
0
  6
CENTERX2
 62
     7
100
AcDbLine
 10
402.9928110031
 20
212.6690487579
 30
0.0
 11
406.0428110031
 21
209.6190487579
 31
0.0
  0
LINE
  5
370
330
1F
100
AcDbEntity
  8
0
  6
Continuous
 62
     7
100
AcDbLine
 10
362.0996092059
 20
231.3391038858
 30
0.0
 11
362.0996092059
 21
232.2197883948
 31
0.0
  0
LINE
  5
371
330
1F
100
AcDbEntity
  8
0
  6
Continuous
 62
     7
100
AcDbLine
 10
362.0996092059
 20
232.2197883948
 30
0.0
 11
355.0668168731
 21
232.2197883948
 31
0.0
  0
LINE
  5
372
330
1F
100
AcDbEntity
  8
0
  6
Continuous
 62
     7
100
AcDbLine
 10
355.0668168731
 20
232.2197883948
 30
0.0
 11
355.0668168731
 21
224.6414985578
 31
0.0
  0
LINE
  5
373
330
1F
100
AcDbEntity
  8
0
  6
Continuous
 62
     7
100
AcDbLine
 10
355.0668168731
 20
224.6414985578
 30
0.0
 11
362.0996092059
 21
224.6414985578
 31
0.0
  0
LINE
  5
374
330
1F
100
AcDbEntity
  8
0
  6
Continuous
 62
     7
100
AcDbLine
 10
362.0996092059
 20
224.6414985578
 30
0.0
 11
362.0996092059
 21
225.3021699795
 31
0.0
  0
LINE
  5
375
330
1F
100
AcDbEntity
  8
0
  6
Continuous
 62
     7
100
AcDbLine
 10
362.0996092059
 20
225.3021699795
 30
0.0
 11
388.199000145
 21
225.3021699795
 31
0.0
  0
LINE
  5
376
330
1F
100
AcDbEntity
  8
0
  6
Continuous
 62
     7
100
AcDbLine
 10
388.199000145
 20
225.3021699795
 30
0.0
 11
388.199000145
 21
231.3391038858
 31
0.0
  0
LINE
  5
377
330
1F
100
AcDbEntity
  8
0
  6
Continuous
 62
     7
100
AcDbLine
 10
388.199000145
 20
211.1440487579
 30
0.0
 11
362.0996092059
 21
211.1440487579
 31
0.0
  0
LINE
  5
378
330
1F
100
AcDbEntity
  8
0
  6
Continuous
 62
     7
100
AcDbLine
 10
354.5798730207
 20
220.7102234281
 30
0.0
 11
341.6513485096
 21
220.7102234281
 31
0.0
  0
LINE
  5
379
330
1F
100
AcDbEntity
  8
0
  6
Continuous
 62
     7
100
AcDbLine
 10
354.5798730207
 20
220.7102234281
 30
0.0
 11
354.5798730207
 21
202.6787079991
 31
0.0
  0
LINE
  5
37A
330
1F
100
AcDbEntity
  8
0
  6
Continuous
 62
     7
100
AcDbLine
 10
354.5798730207
 20
202.6787079991
 30
0.0
 11
341.6513485096
 21
202.6787079991
 31
0.0
  0
LINE
  5
37B
330
1F
100
AcDbEntity
  8
0
  6
Continuous
 62
     7
100
AcDbLine
 10
341.6513485096
 20
220.7102234281
 30
0.0
 11
341.6513485096
 21
202.6787079991
 31
0.0
  0
LINE
  5
37C
330
1F
100
AcDbEntity
  8
0
  6
Continuous
 62
     7
100
AcDbLine
 10
352.8669228493
 20
217.59483071
 30
0.0
 11
343.4720040511
 21
217.59483071
 31
0.0
  0
LINE
  5
37D
330
1F
100
AcDbEntity
  8
0
  6
Continuous
 62
     7
100
AcDbLine
 10
352.8669228493
 20
217.59483071
 30
0.0
 11
352.8669228493
 21
205.6996948773
 31
0.0
  0
LINE
  5
37E
330
1F
100
AcDbEntity
  8
0
  6
Continuous
 62
     7
100
AcDbLine
 10
352.8669228493
 20
205.6996948773
 30
0.0
 11
343.4720040511
 21
205.6996948773
 31
0.0
  0
LINE
  5
37F
330
1F
100
AcDbEntity
  8
0
  6
Continuous
 62
     7
100
AcDbLine
 10
343.4720040511
 20
217.59483071
 30
0.0
 11
343.4720040511
 21
205.6996948773
 31
0.0
  0
LINE
  5
380
330
1F
100
AcDbEntity
  8
0
  6
Continuous
 62
     7
100
AcDbLine
 10
456.3771734101
 20
220.7102234281
 30
0.0
 11
469.3056979213
 21
220.7102234281
 31
0.0
  0
LINE
  5
381
330
1F
100
AcDbEntity
  8
0
  6
Continuous
 62
     7
100
AcDbLine
 10
456.3771734101
 20
220.7102234281
 30
0.0
 11
456.3771734101
 21
202.6787079991
 31
0.0
  0
LINE
  5
382
330
1F
100
AcDbEntity
  8
0
  6
Continuous
 62
     7
100
AcDbLine
 10
456.3771734101
 20
202.6787079991
 30
0.0
 11
469.3056979213
 21
202.6787079991
 31
0.0
  0
LINE
  5
383
330
1F
100
AcDbEntity
  8
0
  6
Continuous
 62
     7
100
AcDbLine
 10
469.3056979213
 20
220.7102234281
 30
0.0
 11
469.3056979213
 21
202.6787079991
 31
0.0
  0
LINE
  5
384
330
1F
100
AcDbEntity
  8
0
  6
Continuous
 62
     7
100
AcDbLine
 10
457.9398901481
 20
217.59483071
 30
0.0
 11
467.3348089463
 21
217.59483071
 31
0.0
  0
LINE
  5
385
330
1F
100
AcDbEntity
  8
0
  6
Continuous
 62
     7
100
AcDbLine
 10
457.9398901481
 20
217.59483071
 30
0.0
 11
457.9398901481
 21
205.6996948773
 31
0.0
  0
LINE
  5
386
330
1F
100
AcDbEntity
  8
0
  6
Continuous
 62
     7
100
AcDbLine
 10
457.9398901481
 20
205.6996948773
 30
0.0
 11
467.3348089463
 21
205.6996948773
 31
0.0
  0
LINE
  5
387
330
1F
100
AcDbEntity
  8
0
  6
Continuous
 62
     7
100
AcDbLine
 10
467.3348089463
 20
217.59483071
 30
0.0
 11
467.3348089463
 21
205.6996948773
 31
0.0
  0
LINE
  5
388
330
1F
100
AcDbEntity
  8
0
  6
Continuous
 62
     7
100
AcDbLine
 10
362.0996092059
 20
211.1440487579
 30
0.0
 11
362.0996092059
 21
212.197233721
 31
0.0
  0
LINE
  5
389
330
1F
100
AcDbEntity
  8
0
  6
Continuous
 62
     7
100
AcDbLine
 10
362.0996092059
 20
212.197233721
 30
0.0
 11
355.0668168731
 21
212.197233721
 31
0.0
  0
LINE
  5
38A
330
1F
100
AcDbEntity
  8
0
  6
Continuous
 62
     7
100
AcDbLine
 10
355.0668168731
 20
212.197233721
 30
0.0
 11
355.0668168731
 21
203.7471455436
 31
0.0
  0
LINE
  5
38B
330
1F
100
AcDbEntity
  8
0
  6
Continuous
 62
     7
100
AcDbLine
 10
355.0668168731
 20
203.7471455436
 30
0.0
 11
362.0996092059
 21
203.7471455436
 31
0.0
  0
LINE
  5
38C
330
1F
100
AcDbEntity
  8
0
  6
Continuous
 62
     7
100
AcDbLine
 10
362.0996092059
 20
203.7471455436
 30
0.0
 11
362.0996092059
 21
204.8226113116
 31
0.0
  0
LINE
  5
38D
330
1F
100
AcDbEntity
  8
0
  6
Continuous
 62
     7
100
AcDbLine
 10
362.0996092059
 20
204.8226113116
 30
0.0
 11
388.199000145
 21
204.8226113116
 31
0.0
  0
LINE
  5
38E
330
1F
100
AcDbEntity
  8
0
  6
Continuous
 62
     7
100
AcDbLine
 10
388.199000145
 20
204.8226113116
 30
0.0
 11
388.199000145
 21
211.1440487579
 31
0.0
  0
LINE
  5
38F
330
1F
100
AcDbEntity
  8
0
  6
Continuous
 62
     7
100
AcDbLine
 10
337.8613409666
 20
238.839885174
 30
0.0
 11
378.3551368006
 21
238.839885174
 31
0.0
  0
LINE
  5
390
330
1F
100
AcDbEntity
  8
0
  6
Continuous
 62
     7
100
AcDbLine
 10
378.3551368006
 20
238.839885174
 30
0.0
 11
384.9545341088
 21
245.4392824822
 31
0.0
  0
LINE
  5
391
330
1F
100
AcDbEntity
  8
0
  6
Continuous
 62
     7
100
AcDbLine
 10
384.9545341088
 20
245.4392824822
 30
0.0
 11
423.9258370042
 21
245.4392824822
 31
0.0
  0
LINE
  5
392
330
1F
100
AcDbEntity
  8
0
  6
Continuous
 62
     7
100
AcDbLine
 10
423.9258370042
 20
245.4392824822
 30
0.0
 11
430.5252343124
 21
238.839885174
 31
0.0
  0
LINE
  5
393
330
1F
100
AcDbEntity
  8
0
  6
Continuous
 62
     7
100
AcDbLine
 10
430.5252343124
 20
238.839885174
 30
0.0
 11
473.3613409666
 21
238.839885174
 31
0.0
  0
LINE
  5
394
330
1F
100
AcDbEntity
  8
0
  6
Continuous
 62
     7
100
AcDbLine
 10
343.4720040511
 20
242.2141210738
 30
0.0
 11
355.0668168731
 21
242.2141210738
 31
0.0
  0
LINE
  5
395
330
1F
100
AcDbEntity
  8
0
  6
Continuous
 62
     7
100
AcDbLine
 10
355.0668168731
 20
242.2141210738
 30
0.0
 11
355.0668168731
 21
251.9131737241
 31
0.0
  0
LINE
  5
396
330
1F
100
AcDbEntity
  8
0
  6
Continuous
 62
     7
100
AcDbLine
 10
355.0668168731
 20
251.9131737241
 30
0.0
 11
348.1194717409
 21
251.9131737241
 31
0.0
  0
LINE
  5
397
330
1F
100
AcDbEntity
  8
0
  6
Continuous
 62
     7
100
AcDbLine
 10
343.4720040511
 20
248.033552664
 30
0.0
 11
343.4720040511
 21
242.2141210738
 31
0.0
  0
LINE
  5
398
330
1F
100
AcDbEntity
  8
0
  6
Continuous
 62
     7
100
AcDbLine
 10
455.0113409666
 20
251.9131737241
 30
0.0
 11
455.0113409666
 21
242.2141210738
 31
0.0
  0
LINE
  5
399
330
1F
100
AcDbEntity
  8
0
  6
Continuous
 62
     7
100
AcDbLine
 10
455.0113409666
 20
242.2141210738
 30
0.0
 11
467.3348089463
 21
242.2141210738
 31
0.0
  0
LINE
  5
39A
330
1F
100
AcDbEntity
  8
0
  6
Continuous
 62
     7
100
AcDbLine
 10
467.3348089463
 20
242.2141210738
 30
0.0
 11
467.3348089463
 21
247.063647399
 31
0.0
  0
LINE
  5
39B
330
1F
100
AcDbEntity
  8
0
  6
Continuous
 62
     7
100
AcDbLine
 10
455.0113409666
 20
251.9131737241
 30
0.0
 11
462.077621677
 21
251.9131737241
 31
0.0
  0
LINE
  5
39C
330
1F
100
AcDbEntity
  8
0
  6
Continuous
 62
     7
100
AcDbLine
 10
344.99635177
 20
187.5713311163
 30
0.0
 11
344.99635177
 21
161.5108036204
 31
0.0
  0
LINE
  5
39D
330
1F
100
AcDbEntity
  8
0
  6
Continuous
 62
     7
100
AcDbLine
 10
349.99635177
 20
156.5108036204
 30
0.0
 11
461.4367392952
 21
156.5108036204
 31
0.0
  0
LINE
  5
39E
330
1F
100
AcDbEntity
  8
0
  6
Continuous
 62
     7
100
AcDbLine
 10
466.4367392952
 20
161.5108036204
 30
0.0
 11
466.4367392952
 21
187.5713311163
 31
0.0
  0
LINE
  5
39F
330
1F
100
AcDbEntity
  8
0
  6
Continuous
 62
     7
100
AcDbLine
 10
461.4367392952
 20
192.5713311163
 30
0.0
 11
349.99635177
 21
192.5713311163
 31
0.0
  0
LINE
  5
3A0
330
1F
100
AcDbEntity
  8
0
  6
Continuous
 62
     7
100
AcDbLine
 10
337.8613409666
 20
196.6910645262
 30
0.0
 11
473.3613409666
 21
196.6910645262
 31
0.0
  0
LINE
  5
3A1
330
1F
100
AcDbEntity
  8
0
  6
CENTERX2
 62
     7
100
AcDbLine
 10
444.1000069423
 20
207.3080580562
 30
0.0
 11
444.1000069423
 21
219.6696523741
 31
0.0
  0
LINE
  5
3A2
330
1F
100
AcDbEntity
  8
0
  6
Continuous
 62
     7
100
AcDbLine
 10
439.3363846961
 20
207.3080580562
 30
0.0
 11
439.3363846961
 21
219.6696523741
 31
0.0
  0
LINE
  5
3A3
330
1F
100
AcDbEntity
  8
0
  6
Continuous
 62
     7
100
AcDbLine
 10
448.8636291885
 20
207.3080580562
 30
0.0
 11
448.8636291885
 21
219.6696523741
 31
0.0
  0
LINE
  5
3A4
330
1F
100
AcDbEntity
  8
0
  6
Continuous
 62
     7
100
AcDbLine
 10
395.4864088093
 20
19.6632474488
 30
0.0
 11
415.4364088093
 21
19.6632474488
 31
0.0
  0
LINE
  5
3A5
330
1F
100
AcDbEntity
  8
0
  6
Continuous
 62
     7
100
AcDbLine
 10
395.4864088093
 20
19.6632474488
 30
0.0
 11
395.4864088093
 21
16.7132474488
 31
0.0
  0
LINE
  5
3A6
330
1F
100
AcDbEntity
  8
0
  6
Continuous
 62
     7
100
AcDbLine
 10
395.4864088093
 20
16.7132474488
 30
0.0
 11
415.4364088093
 21
16.7132474488
 31
0.0
  0
LINE
  5
3A7
330
1F
100
AcDbEntity
  8
0
  6
Continuous
 62
     7
100
AcDbLine
 10
415.4364088093
 20
19.6632474488
 30
0.0
 11
415.4364088093
 21
16.7132474488
 31
0.0
  0
LINE
  5
3A8
330
1F
100
AcDbEntity
  8
0
  6
Continuous
 62
     7
100
AcDbLine
 10
395.5863409666
 20
254.3332431125
 30
0.0
 11
415.5363409666
 21
254.3332431125
 31
0.0
  0
LINE
  5
3A9
330
1F
100
AcDbEntity
  8
0
  6
Continuous
 62
     7
100
AcDbLine
 10
395.5863409666
 20
254.3332431125
 30
0.0
 11
395.5863409666
 21
251.3832431125
 31
0.0
  0
LINE
  5
3AA
330
1F
100
AcDbEntity
  8
0
  6
Continuous
 62
     7
100
AcDbLine
 10
395.5863409666
 20
251.3832431125
 30
0.0
 11
415.5363409666
 21
251.3832431125
 31
0.0
  0
LINE
  5
3AB
330
1F
100
AcDbEntity
  8
0
  6
Continuous
 62
     7
100
AcDbLine
 10
415.5363409666
 20
254.3332431125
 30
0.0
 11
415.5363409666
 21
251.3832431125
 31
0.0
  0
LINE
  5
3AC
330
1F
100
AcDbEntity
  8
0
  6
Continuous
 62
     7
100
AcDbLine
 10
468.2308715285
 20
143.0307885764
 30
0.0
 11
471.1808715285
 21
143.0307885764
 31
0.0
  0
LINE
  5
3AD
330
1F
100
AcDbEntity
  8
0
  6
Continuous
 62
     7
100
AcDbLine
 10
345.6325698623
 20
130.7489700611
 30
0.0
 11
348.5825698623
 21
130.7489700611
 31
0.0
  0
LINE
  5
3AE
330
1F
100
AcDbEntity
  8
0
  6
Continuous
 62
     7
100
AcDbLine
 10
345.6325698623
 20
130.7489700611
 30
0.0
 11
345.6325698623
 21
133.6989700611
 31
0.0
  0
LINE
  5
3AF
330
1F
100
AcDbEntity
  8
0
  6
Continuous
 62
     7
100
AcDbLine
 10
345.6325698623
 20
133.6989700611
 30
0.0
 11
348.5825698623
 21
133.6989700611
 31
0.0
  0
LINE
  5
3B0
330
1F
100
AcDbEntity
  8
0
  6
Continuous
 62
     7
100
AcDbLine
 10
348.5825698623
 20
130.7489700611
 30
0.0
 11
348.5825698623
 21
133.6989700611
 31
0.0
  0
LINE
  5
3B1
330
1F
100
AcDbEntity
  8
0
  6
Continuous
 62
     7
100
AcDbLine
 10
405.4308715285
 20
143.0307885764
 30
0.0
 11
405.4308715285
 21
145.9807885764
 31
0.0
  0
LINE
  5
3B2
330
1F
100
AcDbEntity
  8
0
  6
Continuous
 62
     7
100
AcDbLine
 10
345.6308715285
 20
145.9807885764
 30
0.0
 11
465.2308715285
 21
145.9807885764
 31
0.0
  0
LINE
  5
3B3
330
1F
100
AcDbEntity
  8
0
  6
Continuous
 62
     7
100
AcDbLine
 10
464.1094036285
 20
130.7489700611
 30
0.0
 11
467.0594036285
 21
130.7489700611
 31
0.0
  0
LINE
  5
3B4
330
1F
100
AcDbEntity
  8
0
  6
Continuous
 62
     7
100
AcDbLine
 10
464.1094036285
 20
130.7489700611
 30
0.0
 11
464.1094036285
 21
133.6989700611
 31
0.0
  0
LINE
  5
3B5
330
1F
100
AcDbEntity
  8
0
  6
Continuous
 62
     7
100
AcDbLine
 10
464.1094036285
 20
133.6989700611
 30
0.0
 11
467.0594036285
 21
133.6989700611
 31
0.0
  0
LINE
  5
3B6
330
1F
100
AcDbEntity
  8
0
  6
Continuous
 62
     7
100
AcDbLine
 10
467.0594036285
 20
130.7489700611
 30
0.0
 11
467.0594036285
 21
133.6989700611
 31
0.0
  0
LINE
  5
3B7
330
1F
100
AcDbEntity
  8
0
  6
CENTERX2
 62
     7
100
AcDbLine
 10
464.1094036285
 20
130.7489700611
 30
0.0
 11
467.0594036285
 21
133.6989700611
 31
0.0
  0
LINE
  5
3B8
330
1F
100
AcDbEntity
  8
0
  6
CENTERX2
 62
     7
100
AcDbLine
 10
464.1094036285
 20
133.6989700611
 30
0.0
 11
467.0594036285
 21
130.7489700611
 31
0.0
  0
LINE
  5
3B9
330
1F
100
AcDbEntity
  8
0
  6
Continuous
 62
     7
100
AcDbLine
 10
337.6808715285
 20
140.9807885764
 30
0.0
 11
473.1808715285
 21
140.9807885764
 31
0.0
  0
LINE
  5
3BA
330
1F
100
AcDbEntity
  8
0
  6
Continuous
 62
     7
100
AcDbLine
 10
337.6808715285
 20
140.9807885764
 30
0.0
 11
337.6808715285
 21
147.9807885764
 31
0.0
  0
LINE
  5
3BB
330
1F
100
AcDbEntity
  8
0
  6
Continuous
 62
     7
100
AcDbLine
 10
337.6808715285
 20
147.9807885764
 30
0.0
 11
473.1808715285
 21
147.9807885764
 31
0.0
  0
LINE
  5
3BC
330
1F
100
AcDbEntity
  8
0
  6
Continuous
 62
     7
100
AcDbLine
 10
473.1808715285
 20
140.9807885764
 30
0.0
 11
473.1808715285
 21
147.9807885764
 31
0.0
  0
LINE
  5
3BD
330
1F
100
AcDbEntity
  8
0
  6
Continuous
 62
     7
100
AcDbLine
 10
345.6308715285
 20
145.9807885764
 30
0.0
 11
345.6308715285
 21
143.0307885764
 31
0.0
  0
LINE
  5
3BE
330
1F
100
AcDbEntity
  8
0
  6
Continuous
 62
     7
100
AcDbLine
 10
345.6308715285
 20
143.0307885764
 30
0.0
 11
465.2308715285
 21
143.0307885764
 31
0.0
  0
LINE
  5
3BF
330
1F
100
AcDbEntity
  8
0
  6
Continuous
 62
     7
100
AcDbLine
 10
339.6808715285
 20
143.0307885764
 30
0.0
 11
342.6308715285
 21
143.0307885764
 31
0.0
  0
LINE
  5
3C0
330
1F
100
AcDbEntity
  8
0
  6
Continuous
 62
     7
100
AcDbLine
 10
339.6808715285
 20
143.0307885764
 30
0.0
 11
339.6808715285
 21
145.9807885764
 31
0.0
  0
LINE
  5
3C1
330
1F
100
AcDbEntity
  8
0
  6
Continuous
 62
     7
100
AcDbLine
 10
339.6808715285
 20
145.9807885764
 30
0.0
 11
342.6308715285
 21
145.9807885764
 31
0.0
  0
LINE
  5
3C2
330
1F
100
AcDbEntity
  8
0
  6
Continuous
 62
     7
100
AcDbLine
 10
342.6308715285
 20
143.0307885764
 30
0.0
 11
342.6308715285
 21
145.9807885764
 31
0.0
  0
LINE
  5
3C3
330
1F
100
AcDbEntity
  8
0
  6
Continuous
 62
     7
100
AcDbLine
 10
465.2308715285
 20
145.9807885764
 30
0.0
 11
465.2308715285
 21
143.0307885764
 31
0.0
  0
LINE
  5
3C4
330
1F
100
AcDbEntity
  8
0
  6
Continuous
 62
     7
100
AcDbLine
 10
353.1108715285
 20
145.9807885764
 30
0.0
 11
353.1108715285
 21
143.0307885764
 31
0.0
  0
LINE
  5
3C5
330
1F
100
AcDbEntity
  8
0
  6
Continuous
 62
     7
100
AcDbLine
 10
468.2308715285
 20
143.0307885764
 30
0.0
 11
468.2308715285
 21
145.9807885764
 31
0.0
  0
LINE
  5
3C6
330
1F
100
AcDbEntity
  8
0
  6
Continuous
 62
     7
100
AcDbLine
 10
468.2308715285
 20
145.9807885764
 30
0.0
 11
471.1808715285
 21
145.9807885764
 31
0.0
  0
LINE
  5
3C7
330
1F
100
AcDbEntity
  8
0
  6
Continuous
 62
     7
100
AcDbLine
 10
471.1808715285
 20
143.0307885764
 30
0.0
 11
471.1808715285
 21
145.9807885764
 31
0.0
  0
LINE
  5
3C8
330
1F
100
AcDbEntity
  8
0
  6
Continuous
 62
     7
100
AcDbLine
 10
360.5908715285
 20
145.9807885764
 30
0.0
 11
360.5908715285
 21
143.0307885764
 31
0.0
  0
LINE
  5
3C9
330
1F
100
AcDbEntity
  8
0
  6
Continuous
 62
     7
100
AcDbLine
 10
368.0708715285
 20
145.9807885764
 30
0.0
 11
368.0708715285
 21
143.0307885764
 31
0.0
  0
LINE
  5
3CA
330
1F
100
AcDbEntity
  8
0
  6
Continuous
 62
     7
100
AcDbLine
 10
375.5508715285
 20
145.9807885764
 30
0.0
 11
375.5508715285
 21
143.0307885764
 31
0.0
  0
LINE
  5
3CB
330
1F
100
AcDbEntity
  8
0
  6
Continuous
 62
     7
100
AcDbLine
 10
383.0308715285
 20
145.9807885764
 30
0.0
 11
383.0308715285
 21
143.0307885764
 31
0.0
  0
LINE
  5
3CC
330
1F
100
AcDbEntity
  8
0
  6
Continuous
 62
     7
100
AcDbLine
 10
390.5108715285
 20
145.9807885764
 30
0.0
 11
390.5108715285
 21
143.0307885764
 31
0.0
  0
LINE
  5
3CD
330
1F
100
AcDbEntity
  8
0
  6
Continuous
 62
     7
100
AcDbLine
 10
397.9908715285
 20
145.9807885764
 30
0.0
 11
397.9908715285
 21
143.0307885764
 31
0.0
  0
LINE
  5
3CE
330
1F
100
AcDbEntity
  8
0
  6
Continuous
 62
     7
100
AcDbLine
 10
412.8708715285
 20
145.9807885764
 30
0.0
 11
412.8708715285
 21
143.0307885764
 31
0.0
  0
LINE
  5
3CF
330
1F
100
AcDbEntity
  8
0
  6
Continuous
 62
     7
100
AcDbLine
 10
420.3508715285
 20
145.9807885764
 30
0.0
 11
420.3508715285
 21
143.0307885764
 31
0.0
  0
LINE
  5
3D0
330
1F
100
AcDbEntity
  8
0
  6
Continuous
 62
     7
100
AcDbLine
 10
427.8308715285
 20
145.9807885764
 30
0.0
 11
427.8308715285
 21
143.0307885764
 31
0.0
  0
LINE
  5
3D1
330
1F
100
AcDbEntity
  8
0
  6
Continuous
 62
     7
100
AcDbLine
 10
435.3108715285
 20
145.9807885764
 30
0.0
 11
435.3108715285
 21
143.0307885764
 31
0.0
  0
LINE
  5
3D2
330
1F
100
AcDbEntity
  8
0
  6
Continuous
 62
     7
100
AcDbLine
 10
442.7908715285
 20
145.9807885764
 30
0.0
 11
442.7908715285
 21
143.0307885764
 31
0.0
  0
LINE
  5
3D3
330
1F
100
AcDbEntity
  8
0
  6
Continuous
 62
     7
100
AcDbLine
 10
450.2708715285
 20
145.9807885764
 30
0.0
 11
450.2708715285
 21
143.0307885764
 31
0.0
  0
LINE
  5
3D4
330
1F
100
AcDbEntity
  8
0
  6
Continuous
 62
     7
100
AcDbLine
 10
457.7508715285
 20
145.9807885764
 30
0.0
 11
457.7508715285
 21
143.0307885764
 31
0.0
  0
LINE
  5
3D5
330
1F
100
AcDbEntity
  8
0
  6
Continuous
 62
     7
100
AcDbLine
 10
345.6308715285
 20
144.5057885764
 30
0.0
 11
465.2308715285
 21
144.5057885764
 31
0.0
  0
LINE
  5
3D6
330
1F
100
AcDbEntity
  8
0
  6
Continuous
 62
     7
100
AcDbLine
 10
502.9270218772
 20
342.57636074
 30
0.0
 11
505.8770218772
 21
342.57636074
 31
0.0
  0
LINE
  5
3D7
330
1F
100
AcDbEntity
  8
0
  6
Continuous
 62
     7
100
AcDbLine
 10
502.9270218772
 20
342.57636074
 30
0.0
 11
502.9270218772
 21
345.52636074
 31
0.0
  0
LINE
  5
3D8
330
1F
100
AcDbEntity
  8
0
  6
Continuous
 62
     7
100
AcDbLine
 10
502.9270218772
 20
345.52636074
 30
0.0
 11
505.8770218772
 21
345.52636074
 31
0.0
  0
LINE
  5
3D9
330
1F
100
AcDbEntity
  8
0
  6
Continuous
 62
     7
100
AcDbLine
 10
505.8770218772
 20
342.57636074
 30
0.0
 11
505.8770218772
 21
345.52636074
 31
0.0
  0
LINE
  5
3DA
330
1F
100
AcDbEntity
  8
0
  6
CENTERX2
 62
     7
100
AcDbLine
 10
502.9270218772
 20
342.57636074
 30
0.0
 11
505.8770218772
 21
345.52636074
 31
0.0
  0
LINE
  5
3DB
330
1F
100
AcDbEntity
  8
0
  6
CENTERX2
 62
     7
100
AcDbLine
 10
502.9270218772
 20
345.52636074
 30
0.0
 11
505.8770218772
 21
342.57636074
 31
0.0
  0
LINE
  5
3DC
330
1F
100
AcDbEntity
  8
0
  6
Continuous
 62
     7
100
AcDbLine
 10
610.3270218772
 20
345.52636074
 30
0.0
 11
607.3770218772
 21
345.52636074
 31
0.0
  0
LINE
  5
3DD
330
1F
100
AcDbEntity
  8
0
  6
Continuous
 62
     7
100
AcDbLine
 10
607.3770218772
 20
342.57636074
 30
0.0
 11
607.3770218772
 21
345.52636074
 31
0.0
  0
LINE
  5
3DE
330
1F
100
AcDbEntity
  8
0
  6
Continuous
 62
     7
100
AcDbLine
 10
610.3270218772
 20
342.57636074
 30
0.0
 11
607.3770218772
 21
342.57636074
 31
0.0
  0
LINE
  5
3DF
330
1F
100
AcDbEntity
  8
0
  6
Continuous
 62
     7
100
AcDbLine
 10
610.3270218772
 20
342.57636074
 30
0.0
 11
610.3270218772
 21
345.52636074
 31
0.0
  0
LINE
  5
3E0
330
1F
100
AcDbEntity
  8
0
  6
Continuous
 62
     7
100
AcDbLine
 10
511.0970722205
 20
318.4183743491
 30
0.0
 11
514.1470722205
 21
318.4183743491
 31
0.0
  0
LINE
  5
3E1
330
1F
100
AcDbEntity
  8
0
  6
Continuous
 62
     7
100
AcDbLine
 10
502.9270218772
 20
318.31675314
 30
0.0
 11
505.9770218772
 21
318.31675314
 31
0.0
  0
LINE
  5
3E2
330
1F
100
AcDbEntity
  8
0
  6
Continuous
 62
     7
100
AcDbLine
 10
502.9270218772
 20
318.31675314
 30
0.0
 11
502.9270218772
 21
324.31675314
 31
0.0
  0
LINE
  5
3E3
330
1F
100
AcDbEntity
  8
0
  6
Continuous
 62
     7
100
AcDbLine
 10
351.8114088093
 20
33.7348315319
 30
0.0
 11
354.7614088093
 21
33.7348315319
 31
0.0
  0
LINE
  5
3E4
330
1F
100
AcDbEntity
  8
0
  6
Continuous
 62
     7
100
AcDbLine
 10
351.8114088093
 20
33.7348315319
 30
0.0
 11
351.8114088093
 21
36.6848315319
 31
0.0
  0
LINE
  5
3E5
330
1F
100
AcDbEntity
  8
0
  6
Continuous
 62
     7
100
AcDbLine
 10
351.8114088093
 20
36.6848315319
 30
0.0
 11
354.7614088093
 21
36.6848315319
 31
0.0
  0
LINE
  5
3E6
330
1F
100
AcDbEntity
  8
0
  6
Continuous
 62
     7
100
AcDbLine
 10
354.7614088093
 20
33.7348315319
 30
0.0
 11
354.7614088093
 21
36.6848315319
 31
0.0
  0
LINE
  5
3E7
330
1F
100
AcDbEntity
  8
0
  6
CENTERX2
 62
     7
100
AcDbLine
 10
351.8114088093
 20
33.7348315319
 30
0.0
 11
354.7614088093
 21
36.6848315319
 31
0.0
  0
LINE
  5
3E8
330
1F
100
AcDbEntity
  8
0
  6
CENTERX2
 62
     7
100
AcDbLine
 10
351.8114088093
 20
36.6848315319
 30
0.0
 11
354.7614088093
 21
33.7348315319
 31
0.0
  0
LINE
  5
3E9
330
1F
100
AcDbEntity
  8
0
  6
Continuous
 62
     7
100
AcDbLine
 10
459.2114088093
 20
36.6848315319
 30
0.0
 11
456.2614088093
 21
36.6848315319
 31
0.0
  0
LINE
  5
3EA
330
1F
100
AcDbEntity
  8
0
  6
Continuous
 62
     7
100
AcDbLine
 10
456.2614088093
 20
33.7348315319
 30
0.0
 11
456.2614088093
 21
36.6848315319
 31
0.0
  0
LINE
  5
3EB
330
1F
100
AcDbEntity
  8
0
  6
Continuous
 62
     7
100
AcDbLine
 10
459.2114088093
 20
33.7348315319
 30
0.0
 11
456.2614088093
 21
33.7348315319
 31
0.0
  0
LINE
  5
3EC
330
1F
100
AcDbEntity
  8
0
  6
Continuous
 62
     7
100
AcDbLine
 10
459.2114088093
 20
33.7348315319
 30
0.0
 11
459.2114088093
 21
36.6848315319
 31
0.0
  0
LINE
  5
3ED
330
1F
100
AcDbEntity
  8
0
  6
Continuous
 62
     7
100
AcDbLine
 10
491.0800011543
 20
336.3451358544
 30
0.0
 11
498.9494023145
 21
336.3439511372
 31
0.0
  0
LINE
  5
3EE
330
1F
100
AcDbEntity
  8
0
  6
Continuous
 62
     7
100
AcDbLine
 10
491.1199198763
 20
331.3451297881
 30
0.0
 11
556.8699191392
 21
331.3352313025
 31
0.0
  0
LINE
  5
3EF
330
1F
100
AcDbEntity
  8
0
  6
Continuous
 62
     7
100
AcDbLine
 10
498.9494023145
 20
341.3439511939
 30
0.0
 11
498.9494023145
 21
336.3439511372
 31
0.0
  0
LINE
  5
3F0
330
1F
100
AcDbEntity
  8
0
  6
Continuous
 62
     7
100
AcDbLine
 10
491.0800031994
 20
346.3451359674
 30
0.0
 11
498.9494023145
 21
346.3439512505
 31
0.0
  0
LINE
  5
3F1
330
1F
100
AcDbEntity
  8
0
  6
Continuous
 62
     7
100
AcDbLine
 10
491.1196271772
 20
341.3451299455
 30
0.0
 11
498.9494023145
 21
341.3439511939
 31
0.0
  0
LINE
  5
3F2
330
1F
100
AcDbEntity
  8
0
  6
Continuous
 62
     7
100
AcDbLine
 10
526.5943673917
 20
381.339789772
 30
0.0
 11
556.8699191342
 21
381.3352318691
 31
0.0
  0
LINE
  5
3F3
330
1F
100
AcDbEntity
  8
0
  6
Continuous
 62
     7
100
AcDbLine
 10
523.9949195078
 20
374.7379794078
 30
0.0
 11
556.8716411098
 21
374.7025835535
 31
0.0
  0
LINE
  5
3F4
330
1F
100
AcDbEntity
  8
0
  6
Continuous
 62
     7
100
AcDbLine
 10
523.9949195078
 20
374.7379794078
 30
0.0
 11
507.7607513581
 21
346.3426247256
 31
0.0
  0
LINE
  5
3F5
330
1F
100
AcDbEntity
  8
0
  6
Continuous
 62
     7
100
AcDbLine
 10
521.1889351654
 20
379.3292093458
 30
0.0
 11
498.9494023145
 21
346.3439512505
 31
0.0
  0
LINE
  5
3F6
330
1F
100
AcDbEntity
  8
0
  6
Continuous
 62
     7
100
AcDbLine
 10
507.7607513581
 20
341.342624669
 30
0.0
 11
507.7607513581
 21
336.3426246123
 31
0.0
  0
LINE
  5
3F7
330
1F
100
AcDbEntity
  8
0
  6
Continuous
 62
     7
100
AcDbLine
 10
507.7607513581
 20
346.3426247256
 30
0.0
 11
556.8699191344
 21
346.3352314725
 31
0.0
  0
LINE
  5
3F8
330
1F
100
AcDbEntity
  8
0
  6
Continuous
 62
     7
100
AcDbLine
 10
507.7607513581
 20
341.342624669
 30
0.0
 11
535.6515162061
 21
341.3384257893
 31
0.0
  0
LINE
  5
3F9
330
1F
100
AcDbEntity
  8
0
  6
Continuous
 62
     7
100
AcDbLine
 10
507.7607513581
 20
336.3426246123
 30
0.0
 11
535.6515162061
 21
336.3384257327
 31
0.0
  0
LINE
  5
3FA
330
1F
100
AcDbEntity
  8
0
  6
Continuous
 62
     7
100
AcDbLine
 10
535.6515162061
 20
344.6143685025
 30
0.0
 11
578.0883220726
 21
344.6143685025
 31
0.0
  0
LINE
  5
3FB
330
1F
100
AcDbEntity
  8
0
  6
Continuous
 62
     7
100
AcDbLine
 10
605.9790869104
 20
336.3426246123
 30
0.0
 11
578.0883220726
 21
336.3384257327
 31
0.0
  0
LINE
  5
3FC
330
1F
100
AcDbEntity
  8
0
  6
Continuous
 62
     7
100
AcDbLine
 10
605.9790869104
 20
341.342624669
 30
0.0
 11
578.0883220726
 21
341.3384257893
 31
0.0
  0
LINE
  5
3FD
330
1F
100
AcDbEntity
  8
0
  6
Continuous
 62
     7
100
AcDbLine
 10
605.9790869104
 20
346.3426247256
 30
0.0
 11
556.8699191344
 21
346.3352314725
 31
0.0
  0
LINE
  5
3FE
330
1F
100
AcDbEntity
  8
0
  6
Continuous
 62
     7
100
AcDbLine
 10
605.9790869104
 20
341.342624669
 30
0.0
 11
605.9790869104
 21
336.3426246123
 31
0.0
  0
LINE
  5
3FF
330
1F
100
AcDbEntity
  8
0
  6
Continuous
 62
     7
100
AcDbLine
 10
592.5509031031
 20
379.3292093458
 30
0.0
 11
614.7904359541
 21
346.3439512506
 31
0.0
  0
LINE
  5
400
330
1F
100
AcDbEntity
  8
0
  6
Continuous
 62
     7
100
AcDbLine
 10
588.428935176
 20
374.7025835535
 30
0.0
 11
605.9790869104
 21
346.3426247256
 31
0.0
  0
LINE
  5
401
330
1F
100
AcDbEntity
  8
0
  6
Continuous
 62
     7
100
AcDbLine
 10
588.428935176
 20
374.7025835535
 30
0.0
 11
556.8716411098
 21
374.7025835535
 31
0.0
  0
LINE
  5
402
330
1F
100
AcDbEntity
  8
0
  6
Continuous
 62
     7
100
AcDbLine
 10
587.1454708769
 20
381.339789772
 30
0.0
 11
556.8699191342
 21
381.3352318691
 31
0.0
  0
LINE
  5
403
330
1F
100
AcDbEntity
  8
0
  6
Continuous
 62
     7
100
AcDbLine
 10
622.6202100235
 20
341.3451299626
 30
0.0
 11
614.790435954
 21
341.3439512112
 31
0.0
  0
LINE
  5
404
330
1F
100
AcDbEntity
  8
0
  6
Continuous
 62
     7
100
AcDbLine
 10
622.6598350691
 20
346.3451359674
 30
0.0
 11
614.7904359541
 21
346.3439512506
 31
0.0
  0
LINE
  5
405
330
1F
100
AcDbEntity
  8
0
  6
Continuous
 62
     7
100
AcDbLine
 10
614.790435954
 20
341.3439512112
 30
0.0
 11
614.790435954
 21
336.3439511545
 31
0.0
  0
LINE
  5
406
330
1F
100
AcDbEntity
  8
0
  6
Continuous
 62
     7
100
AcDbLine
 10
622.620212159
 20
331.3451298323
 30
0.0
 11
556.8699191392
 21
331.3352313025
 31
0.0
  0
LINE
  5
407
330
1F
100
AcDbEntity
  8
0
  6
Continuous
 62
     7
100
AcDbLine
 10
622.6598371142
 20
336.3451358717
 30
0.0
 11
614.790435954
 21
336.3439511545
 31
0.0
  0
LINE
  5
408
330
1F
100
AcDbEntity
  8
0
  6
Continuous
 62
     7
100
AcDbLine
 10
535.6515162061
 20
344.6143685025
 30
0.0
 11
535.6515162061
 21
334.6753028094
 31
0.0
  0
LINE
  5
409
330
1F
100
AcDbEntity
  8
0
  6
Continuous
 62
     7
100
AcDbLine
 10
535.6515162061
 20
334.6753028094
 30
0.0
 11
578.0883220726
 21
334.6753028094
 31
0.0
  0
LINE
  5
40A
330
1F
100
AcDbEntity
  8
0
  6
Continuous
 62
     7
100
AcDbLine
 10
578.0883220726
 20
344.6143685025
 30
0.0
 11
578.0883220726
 21
334.6753028094
 31
0.0
  0
LINE
  5
40B
330
1F
100
AcDbEntity
  8
0
  6
Continuous
 62
     7
100
AcDbLine
 10
502.9270218772
 20
324.31675314
 30
0.0
 11
505.9770218772
 21
324.31675314
 31
0.0
  0
LINE
  5
40C
330
1F
100
AcDbEntity
  8
0
  6
Continuous
 62
     7
100
AcDbLine
 10
505.9770218772
 20
318.31675314
 30
0.0
 11
505.9770218772
 21
324.31675314
 31
0.0
  0
LINE
  5
40D
330
1F
100
AcDbEntity
  8
0
  6
Continuous
 62
     7
100
AcDbLine
 10
525.4105599111
 20
318.5967040022
 30
0.0
 11
528.4605599111
 21
318.5967040022
 31
0.0
  0
LINE
  5
40E
330
1F
100
AcDbEntity
  8
0
  6
Continuous
 62
     7
100
AcDbLine
 10
517.2405095679
 20
318.495082793
 30
0.0
 11
520.2905095679
 21
318.495082793
 31
0.0
  0
LINE
  5
40F
330
1F
100
AcDbEntity
  8
0
  6
Continuous
 62
     7
100
AcDbLine
 10
511.0970722205
 20
318.4183743491
 30
0.0
 11
511.0970722205
 21
324.4183743491
 31
0.0
  0
LINE
  5
410
330
1F
100
AcDbEntity
  8
0
  6
Continuous
 62
     7
100
AcDbLine
 10
511.0970722205
 20
324.4183743491
 30
0.0
 11
514.1470722205
 21
324.4183743491
 31
0.0
  0
LINE
  5
411
330
1F
100
AcDbEntity
  8
0
  6
Continuous
 62
     7
100
AcDbLine
 10
514.1470722205
 20
318.4183743491
 30
0.0
 11
514.1470722205
 21
324.4183743491
 31
0.0
  0
LINE
  5
412
330
1F
100
AcDbEntity
  8
0
  6
Continuous
 62
     7
100
AcDbLine
 10
517.2405095679
 20
318.495082793
 30
0.0
 11
517.2405095679
 21
324.495082793
 31
0.0
  0
LINE
  5
413
330
1F
100
AcDbEntity
  8
0
  6
Continuous
 62
     7
100
AcDbLine
 10
517.2405095679
 20
324.495082793
 30
0.0
 11
520.2905095679
 21
324.495082793
 31
0.0
  0
LINE
  5
414
330
1F
100
AcDbEntity
  8
0
  6
Continuous
 62
     7
100
AcDbLine
 10
520.2905095679
 20
318.495082793
 30
0.0
 11
520.2905095679
 21
324.495082793
 31
0.0
  0
LINE
  5
415
330
1F
100
AcDbEntity
  8
0
  6
Continuous
 62
     7
100
AcDbLine
 10
525.4105599111
 20
318.5967040022
 30
0.0
 11
525.4105599111
 21
324.5967040022
 31
0.0
  0
LINE
  5
416
330
1F
100
AcDbEntity
  8
0
  6
Continuous
 62
     7
100
AcDbLine
 10
525.4105599111
 20
324.5967040022
 30
0.0
 11
528.4605599111
 21
324.5967040022
 31
0.0
  0
LINE
  5
417
330
1F
100
AcDbEntity
  8
0
  6
Continuous
 62
     7
100
AcDbLine
 10
528.4605599111
 20
318.5967040022
 30
0.0
 11
528.4605599111
 21
324.5967040022
 31
0.0
  0
LWPOLYLINE
  5
418
330
1F
100
AcDbEntity
  8
0
  6
Continuous
 62
     7
100
AcDbPolyline
 90
       61
 70
   128
 43
0.0
 10
122.4790215492
 20
135.4296595818
 10
122.7931490019
 20
135.4296595818
 10
122.7931490019
 20
135.4296595818
 10
122.7931490019
 20
133.0661780113
 10
122.7931490019
 20
133.0661780113
 10
122.7917467583
 20
132.9350682357
 10
122.7882411493
 20
132.814475287
 10
122.7819310531
 20
132.7036980434
 10
122.7728164698
 20
132.6041387485
 10
122.7608973993
 20
132.5143951588
 10
122.7468749634
 20
132.4351683959
 10
122.7300480403
 20
132.3657573382
 10
122.7111177519
 20
132.3075642293
 10
122.6634414698
 20
132.2066026908
 10
122.6024438736
 20
132.1161579793
 10
122.5274238416
 20
132.0362300947
 10
122.4390824954
 20
131.966819037
 10
122.3388220788
 20
131.9114304152
 10
122.2280448352
 20
131.8714664729
 10
122.1074518865
 20
131.8476283318
 10
121.9770432326
 20
131.8399159921
 10
121.9770432326
 20
131.8399159921
 10
121.8753805724
 20
131.8455249665
 10
121.7737179121
 20
131.8623518895
 10
121.6734574954
 20
131.8896956395
 10
121.5731970788
 20
131.92895846
 10
121.4708332967
 20
131.9822437165
 10
121.3635616621
 20
132.0523558959
 10
121.2506810531
 20
132.1399961203
 10
121.1328925916
 20
132.2437621459
 10
121.1328925916
 20
132.2437621459
 10
121.3179887454
 20
132.5129929152
 10
121.3179887454
 20
132.5129929152
 10
121.4469951557
 20
132.4260538126
 10
121.5647836172
 20
132.3538382677
 10
121.6706530083
 20
132.2942429152
 10
121.7653044506
 20
132.2493711203
 10
121.7653044506
 20
132.2493711203
 10
121.8234975595
 20
132.2276363447
 10
121.8809895467
 20
132.2115105434
 10
121.9384815339
 20
132.20239596
 10
121.9945712775
 20
132.1988903511
 10
121.9945712775
 20
132.1988903511
 10
122.0667868224
 20
132.2044993254
 10
122.1354967583
 20
132.2213262485
 10
122.2007010852
 20
132.2486699985
 10
122.2623998031
 20
132.287932819
 10
122.3184895467
 20
132.3363102229
 10
122.3647635852
 20
132.3923999665
 10
122.4026241621
 20
132.455500928
 10
122.4306690339
 20
132.5263142293
 10
122.4418869826
 20
132.5676804152
 10
122.4517026878
 20
132.6181611844
 10
122.4601161493
 20
132.6770554152
 10
122.4671273672
 20
132.7443631075
 10
122.4720352198
 20
132.8207853831
 10
122.4762419506
 20
132.9056211203
 10
122.478345316
 20
132.998870319
 10
122.4790464378
 20
133.1012341011
 10
122.4790464378
 20
133.1012341011
 10
122.4790464378
 20
135.4296595818
  0
LWPOLYLINE
  5
419
330
1F
100
AcDbEntity
  8
0
  6
Continuous
 62
     7
100
AcDbPolyline
 90
      100
 70
   128
 43
0.0
 10
125.6999969482
 20
132.7373518895
 10
125.9790464378
 20
132.5908174344
 10
125.9790464378
 20
132.5908174344
 10
125.9103365019
 20
132.4737300947
 10
125.8367187134
 20
132.3685618254
 10
125.7581930724
 20
132.2746115049
 10
125.674058457
 20
132.1932813767
 10
125.585015989
 20
132.1224680754
 10
125.4910656685
 20
132.0607693575
 10
125.3908052519
 20
132.0074841011
 10
125.2856369826
 20
131.963313428
 10
125.1741586172
 20
131.92895846
 10
125.0556690339
 20
131.9044191972
 10
124.9301682326
 20
131.8896956395
 10
124.7976562134
 20
131.884787787
 10
124.7976562134
 20
131.884787787
 10
124.6504206365
 20
131.8910978831
 10
124.5115985211
 20
131.9100281716
 10
124.3811898672
 20
131.9415786523
 10
124.2584935531
 20
131.9857493254
 10
124.1449118224
 20
132.0425401908
 10
124.0390424313
 20
132.1119512485
 10
123.9408853801
 20
132.1939824985
 10
123.8518429121
 20
132.2886339408
 10
123.7719150275
 20
132.3909977229
 10
123.7025039698
 20
132.4968671139
 10
123.6443108608
 20
132.6062421139
 10
123.5966345788
 20
132.7191227229
 10
123.5587740019
 20
132.834807819
 10
123.5321313736
 20
132.9532974023
 10
123.5167066942
 20
133.0759937165
 10
123.5110977198
 20
133.2014945177
 10
123.5110977198
 20
133.2014945177
 10
123.5160055724
 20
133.3192829793
 10
123.5293268865
 20
133.4342669536
 10
123.5524639057
 20
133.545745319
 10
123.5847155083
 20
133.6544191972
 10
123.6260816942
 20
133.7595874665
 10
123.6765624634
 20
133.8612501267
 10
123.7368589378
 20
133.9601082998
 10
123.8055688736
 20
134.0554608639
 10
123.8055688736
 20
134.0554608639
 10
123.9030248031
 20
134.1669392293
 10
124.0081930724
 20
134.2643951588
 10
124.1210736813
 20
134.345725287
 10
124.2423677519
 20
134.4130329793
 10
124.3713741621
 20
134.4649159921
 10
124.5080929121
 20
134.502776569
 10
124.6525240019
 20
134.5245113447
 10
124.8053685531
 20
134.5322236844
 10
124.8053685531
 20
134.5322236844
 10
124.9624198352
 20
134.5245113447
 10
125.1117587775
 20
134.5006732036
 10
125.2526842583
 20
134.4614103831
 10
125.3851962775
 20
134.4067228831
 10
125.509995957
 20
134.3359095818
 10
125.6263821749
 20
134.2489704793
 10
125.7350560531
 20
134.1466066972
 10
125.8353164698
 20
134.0288182357
 10
125.8353164698
 20
134.0288182357
 10
125.8998196749
 20
133.9369712806
 10
125.9552082967
 20
133.8402164729
 10
126.0028845788
 20
133.737151569
 10
126.0414462775
 20
133.6291788126
 10
126.0722956365
 20
133.5155970818
 10
126.0947315339
 20
133.3964063767
 10
126.108052848
 20
133.2716066972
 10
126.1136618224
 20
133.1411980434
 10
126.1136618224
 20
133.1411980434
 10
123.8252002839
 20
133.1411980434
 10
123.8252002839
 20
133.1411980434
 10
123.8315103801
 20
133.0402365049
 10
123.845532816
 20
132.9434816972
 10
123.8679687134
 20
132.8516347421
 10
123.8988180724
 20
132.7646956395
 10
123.9366786493
 20
132.6826643895
 10
123.9829526878
 20
132.6048398703
 10
124.0376401878
 20
132.5319232036
 10
124.1000400275
 20
132.4632132677
 10
124.1687499634
 20
132.4015145498
 10
124.2409655083
 20
132.3475281716
 10
124.3173877839
 20
132.3019552549
 10
124.3980167903
 20
132.2647957998
 10
124.4821514057
 20
132.2360498062
 10
124.5704927519
 20
132.2157172741
 10
124.662339707
 20
132.2030970818
 10
124.7583933929
 20
132.1988903511
 10
124.7583933929
 20
132.1988903511
 10
124.8523437134
 20
132.20239596
 10
124.9441906685
 20
132.2136139088
 10
125.0353365019
 20
132.2325441972
 10
125.1250800916
 20
132.2584857036
 10
125.2113180724
 20
132.2907373062
 10
125.2905448352
 20
132.3285978831
 10
125.3627603801
 20
132.3706651908
 10
125.4286658288
 20
132.4176403511
 10
125.4924679121
 20
132.4744312165
 10
125.5590744826
 20
132.5473478831
 10
125.6284855403
 20
132.6342869857
 10
125.6999999634
 20
132.7373518895
  0
LWPOLYLINE
  5
41A
330
1F
100
AcDbEntity
  8
0
  6
Continuous
 62
     7
100
AcDbPolyline
 90
       33
 70
   128
 43
0.0
 10
125.799536705
 20
133.4553006075
 10
125.7623998031
 20
133.5793991652
 10
125.7168268865
 20
133.6901764088
 10
125.6642427519
 20
133.7876323382
 10
125.6039462775
 20
133.8717669536
 10
125.5352363416
 20
133.9460858639
 10
125.455308457
 20
134.0126924344
 10
125.3655648672
 20
134.0715866652
 10
125.2653044506
 20
134.1227685562
 10
125.1587339378
 20
134.1648358639
 10
125.048657816
 20
134.1942829793
 10
124.9364783288
 20
134.2125121459
 10
124.8214943544
 20
134.2181211203
 10
124.8214943544
 20
134.2181211203
 10
124.7275440339
 20
134.2146155113
 10
124.6363982006
 20
134.2033975626
 10
124.5487579762
 20
134.1844672741
 10
124.4653244826
 20
134.1585257677
 10
124.3839943544
 20
134.1241707998
 10
124.306870957
 20
134.0835057357
 10
124.2332531685
 20
134.03442721
 10
124.1624398672
 20
133.9783374665
 10
124.1624398672
 20
133.9783374665
 10
124.1133613416
 20
133.932063428
 10
124.0677884249
 20
133.8801804152
 10
124.0250199954
 20
133.8233895498
 10
123.9857571749
 20
133.76098971
 10
123.9492988416
 20
133.6922797741
 10
123.9156449954
 20
133.6186619857
 10
123.8854967583
 20
133.5401363447
 10
123.8581530083
 20
133.4553006075
 10
123.8581530083
 20
133.4553006075
 10
125.7995592583
 20
133.4553006075
  0
LWPOLYLINE
  5
41B
330
1F
100
AcDbEntity
  8
0
  6
Continuous
 62
     7
100
AcDbPolyline
 90
      100
 70
   128
 43
0.0
 10
128.8409233093
 20
132.7373518895
 10
129.1200720788
 20
132.5908174344
 10
129.1200720788
 20
132.5908174344
 10
129.0513621429
 20
132.4737300947
 10
128.9777443544
 20
132.3685618254
 10
128.8992187134
 20
132.2746115049
 10
128.815084098
 20
132.1932813767
 10
128.7260416301
 20
132.1224680754
 10
128.6320913095
 20
132.0607693575
 10
128.5318308929
 20
132.0074841011
 10
128.4266626236
 20
131.963313428
 10
128.3151842583
 20
131.92895846
 10
128.1966946749
 20
131.9044191972
 10
128.0711938736
 20
131.8896956395
 10
127.9386818544
 20
131.884787787
 10
127.9386818544
 20
131.884787787
 10
127.7914462775
 20
131.8910978831
 10
127.6526241621
 20
131.9100281716
 10
127.5222155083
 20
131.9415786523
 10
127.3995191942
 20
131.9857493254
 10
127.2859374634
 20
132.0425401908
 10
127.1800680724
 20
132.1119512485
 10
127.0819110211
 20
132.1939824985
 10
126.9928685531
 20
132.2886339408
 10
126.9129406685
 20
132.3909977229
 10
126.8435296108
 20
132.4968671139
 10
126.7853365019
 20
132.6062421139
 10
126.7376602198
 20
132.7191227229
 10
126.6997996429
 20
132.834807819
 10
126.6731570147
 20
132.9532974023
 10
126.6577323352
 20
133.0759937165
 10
126.6521233608
 20
133.2014945177
 10
126.6521233608
 20
133.2014945177
 10
126.6570312134
 20
133.3192829793
 10
126.6703525275
 20
133.4342669536
 10
126.6934895467
 20
133.545745319
 10
126.7257411493
 20
133.6544191972
 10
126.7671073352
 20
133.7595874665
 10
126.8175881044
 20
133.8612501267
 10
126.8778845788
 20
133.9601082998
 10
126.9465945147
 20
134.0554608639
 10
126.9465945147
 20
134.0554608639
 10
127.0440504442
 20
134.1669392293
 10
127.1492187134
 20
134.2643951588
 10
127.2620993224
 20
134.345725287
 10
127.3833933929
 20
134.4130329793
 10
127.5123998031
 20
134.4649159921
 10
127.6491185531
 20
134.502776569
 10
127.7935496429
 20
134.5245113447
 10
127.9463941942
 20
134.5322236844
 10
127.9463941942
 20
134.5322236844
 10
128.1034454762
 20
134.5245113447
 10
128.2527844185
 20
134.5006732036
 10
128.3937098993
 20
134.4614103831
 10
128.5262219185
 20
134.4067228831
 10
128.651021598
 20
134.3359095818
 10
128.767407816
 20
134.2489704793
 10
128.8760816942
 20
134.1466066972
 10
128.9763421108
 20
134.0288182357
 10
128.9763421108
 20
134.0288182357
 10
129.040845316
 20
133.9369712806
 10
129.0962339378
 20
133.8402164729
 10
129.1439102198
 20
133.737151569
 10
129.1824719185
 20
133.6291788126
 10
129.2133212775
 20
133.5155970818
 10
129.2357571749
 20
133.3964063767
 10
129.249078489
 20
133.2716066972
 10
129.2546874634
 20
133.1411980434
 10
129.2546874634
 20
133.1411980434
 10
126.9662259249
 20
133.1411980434
 10
126.9662259249
 20
133.1411980434
 10
126.9725360211
 20
133.0402365049
 10
126.986558457
 20
132.9434816972
 10
127.0089943544
 20
132.8516347421
 10
127.0398437134
 20
132.7646956395
 10
127.0777042903
 20
132.6826643895
 10
127.1239783288
 20
132.6048398703
 10
127.1786658288
 20
132.5319232036
 10
127.2410656685
 20
132.4632132677
 10
127.3097756044
 20
132.4015145498
 10
127.3819911493
 20
132.3475281716
 10
127.4584134249
 20
132.3019552549
 10
127.5390424313
 20
132.2647957998
 10
127.6231770467
 20
132.2360498062
 10
127.7115183929
 20
132.2157172741
 10
127.803365348
 20
132.2030970818
 10
127.8994190339
 20
132.1988903511
 10
127.8994190339
 20
132.1988903511
 10
127.9933693544
 20
132.20239596
 10
128.0852163095
 20
132.2136139088
 10
128.1763621429
 20
132.2325441972
 10
128.2661057326
 20
132.2584857036
 10
128.3523437134
 20
132.2907373062
 10
128.4315704762
 20
132.3285978831
 10
128.5037860211
 20
132.3706651908
 10
128.5696914698
 20
132.4176403511
 10
128.6334935531
 20
132.4744312165
 10
128.7001001236
 20
132.5473478831
 10
128.7695111813
 20
132.6342869857
 10
128.8410256044
 20
132.7373518895
  0
LWPOLYLINE
  5
41C
330
1F
100
AcDbEntity
  8
0
  6
Continuous
 62
     7
100
AcDbPolyline
 90
       33
 70
   128
 43
0.0
 10
128.9405822754
 20
133.4553006075
 10
128.9034254442
 20
133.5793991652
 10
128.8578525275
 20
133.6901764088
 10
128.8052683929
 20
133.7876323382
 10
128.7449719185
 20
133.8717669536
 10
128.6762619826
 20
133.9460858639
 10
128.596334098
 20
134.0126924344
 10
128.5065905083
 20
134.0715866652
 10
128.4063300916
 20
134.1227685562
 10
128.2997595788
 20
134.1648358639
 10
128.189683457
 20
134.1942829793
 10
128.0775039698
 20
134.2125121459
 10
127.9625199954
 20
134.2181211203
 10
127.9625199954
 20
134.2181211203
 10
127.8685696749
 20
134.2146155113
 10
127.7774238416
 20
134.2033975626
 10
127.6897836172
 20
134.1844672741
 10
127.6063501236
 20
134.1585257677
 10
127.5250199954
 20
134.1241707998
 10
127.447896598
 20
134.0835057357
 10
127.3742788095
 20
134.03442721
 10
127.3034655083
 20
133.9783374665
 10
127.3034655083
 20
133.9783374665
 10
127.2543869826
 20
133.932063428
 10
127.208814066
 20
133.8801804152
 10
127.1660456365
 20
133.8233895498
 10
127.126782816
 20
133.76098971
 10
127.0903244826
 20
133.6922797741
 10
127.0566706365
 20
133.6186619857
 10
127.0265223993
 20
133.5401363447
 10
126.9991786493
 20
133.4553006075
 10
126.9991786493
 20
133.4553006075
 10
128.9405848993
 20
133.4553006075
  0
LWPOLYLINE
  5
41D
330
1F
100
AcDbEntity
  8
0
  6
Continuous
 62
     7
100
AcDbPolyline
 90
       62
 70
   128
 43
0.0
 10
129.8828125
 20
134.4873518895
 10
130.1969951557
 20
134.4873518895
 10
130.1969951557
 20
134.4873518895
 10
130.1969951557
 20
134.014094678
 10
130.1969951557
 20
134.014094678
 10
130.3000600595
 20
134.1402966011
 10
130.4101361813
 20
134.2475682357
 10
130.5279246429
 20
134.3373118254
 10
130.6534254442
 20
134.4081251267
 10
130.7866385852
 20
134.4621115049
 10
130.9268629442
 20
134.5013743254
 10
131.0747996429
 20
134.5245113447
 10
131.2304486813
 20
134.5322236844
 10
131.2304486813
 20
134.5322236844
 10
131.3664663095
 20
134.5259135882
 10
131.498277207
 20
134.5083855434
 10
131.6244791301
 20
134.4782373062
 10
131.7457732006
 20
134.4354688767
 10
131.8621594185
 20
134.3814824985
 10
131.9729366621
 20
134.314875928
 10
132.0795071749
 20
134.236350287
 10
132.1804687134
 20
134.1459055754
 10
132.2730167903
 20
134.0470474023
 10
132.3529446749
 20
133.9425802549
 10
132.420953489
 20
133.8339063767
 10
132.4763421108
 20
133.7203246459
 10
132.5198116621
 20
133.6011339408
 10
132.5506610211
 20
133.4777365049
 10
132.5688901878
 20
133.3487300947
 10
132.5752002839
 20
133.2155169536
 10
132.5752002839
 20
133.2155169536
 10
132.5688901878
 20
133.0794993254
 10
132.5506610211
 20
132.9483895498
 10
132.5205127839
 20
132.8228887485
 10
132.4777443544
 20
132.7022957998
 10
132.4223557326
 20
132.5866107036
 10
132.3550480403
 20
132.4765345818
 10
132.2758212775
 20
132.3720674344
 10
132.1839743224
 20
132.2725081395
 10
132.0837139057
 20
132.1813623062
 10
131.9785456365
 20
132.1028366652
 10
131.8677683929
 20
132.0362300947
 10
131.7527844185
 20
131.9815425947
 10
131.6321914698
 20
131.939475287
 10
131.5066906685
 20
131.9093270498
 10
131.3755808929
 20
131.8910978831
 10
131.2402643865
 20
131.884787787
 10
131.2402643865
 20
131.884787787
 10
131.088120957
 20
131.8925001267
 10
130.9415865019
 20
131.9170393895
 10
130.8020632647
 20
131.95630221
 10
130.6681490019
 20
132.0123919536
 10
130.541245957
 20
132.0839063767
 10
130.4199518865
 20
132.1715466011
 10
130.3056690339
 20
132.2746115049
 10
130.1969951557
 20
132.3931010882
 10
130.1969951557
 20
132.3931010882
 10
130.1969951557
 20
130.9873518895
 10
130.1969951557
 20
130.9873518895
 10
129.8828925916
 20
130.9873518895
 10
129.8828925916
 20
130.9873518895
 10
129.8828925916
 20
134.4873518895
  0
LWPOLYLINE
  5
41E
330
1F
100
AcDbEntity
  8
0
  6
Continuous
 62
     7
100
AcDbPolyline
 90
       56
 70
   128
 43
0.0
 10
131.2276124954
 20
134.2181211203
 10
131.1210736813
 20
134.2139143895
 10
131.0187098993
 20
134.1998919536
 10
130.920552848
 20
134.1774560562
 10
130.8266025275
 20
134.1452044536
 10
130.7368589378
 20
134.1045393895
 10
130.6520232006
 20
134.0547597421
 10
130.5706930724
 20
133.9951643895
 10
130.4942707967
 20
133.9271555754
 10
130.424859739
 20
133.8521355434
 10
130.3645632647
 20
133.7729087806
 10
130.3133813736
 20
133.6887741652
 10
130.271314066
 20
133.600432819
 10
130.2390624634
 20
133.5078847421
 10
130.2159254442
 20
133.4104288126
 10
130.2019030083
 20
133.3087661523
 10
130.1969951557
 20
133.2028967613
 10
130.1969951557
 20
133.2028967613
 10
130.2054086172
 20
133.0640746459
 10
130.2299478801
 20
132.9329648703
 10
130.271314066
 20
132.8081651908
 10
130.3295071749
 20
132.6910778511
 10
130.4031249634
 20
132.5838062165
 10
130.4914663095
 20
132.4877525306
 10
130.5938300916
 20
132.4036179152
 10
130.7102163095
 20
132.3314023703
 10
130.8357171108
 20
132.2732092613
 10
130.9647235211
 20
132.2318430754
 10
131.0965344185
 20
132.2073038126
 10
131.2325520467
 20
132.1988903511
 10
131.2325520467
 20
132.1988903511
 10
131.3657651878
 20
132.2073038126
 10
131.494771598
 20
132.2325441972
 10
131.6202723993
 20
132.2739103831
 10
131.740865348
 20
132.3328046139
 10
131.853745957
 20
132.4064224023
 10
131.9547074954
 20
132.4933615049
 10
132.0430488416
 20
132.5936219216
 10
132.1194711172
 20
132.7072036523
 10
132.1811698352
 20
132.8291988447
 10
132.2260416301
 20
132.9539985241
 10
132.2519831365
 20
133.0816026908
 10
132.2610977198
 20
133.2120113447
 10
132.2610977198
 20
133.2120113447
 10
132.2526842583
 20
133.3431211203
 10
132.2260416301
 20
133.470725287
 10
132.1825720788
 20
133.5955249665
 10
132.1208733608
 20
133.7161179152
 10
132.045152207
 20
133.8289985241
 10
131.9568108608
 20
133.9278566972
 10
131.8565504442
 20
134.014094678
 10
131.744370957
 20
134.0863102229
 10
131.6230768865
 20
134.14380221
 10
131.4968749634
 20
134.1851683959
 10
131.365064066
 20
134.2097076588
 10
131.2276441942
 20
134.2181211203
  0
LWPOLYLINE
  5
41F
330
1F
100
AcDbEntity
  8
0
  6
Continuous
 62
     7
100
AcDbPolyline
 90
       61
 70
   128
 43
0.0
 10
207.6338529587
 20
132.7657798468
 10
207.9480240916
 20
132.7657798468
 10
207.9480240916
 20
132.7657798468
 10
207.9480240916
 20
130.4022982763
 10
207.9480240916
 20
130.4022982763
 10
207.946621848
 20
130.2711885006
 10
207.943116239
 20
130.1505955519
 10
207.9368061428
 20
130.0398183083
 10
207.9276915595
 20
129.9402590134
 10
207.915772489
 20
129.8505154237
 10
207.9017500531
 20
129.7712886609
 10
207.88492313
 20
129.7018776032
 10
207.8659928416
 20
129.6436844942
 10
207.8183165595
 20
129.5427229558
 10
207.7573189634
 20
129.4522782442
 10
207.6822989313
 20
129.3723503596
 10
207.5939575852
 20
129.3029393019
 10
207.4936971685
 20
129.2475506801
 10
207.3829199249
 20
129.2075867378
 10
207.2623269762
 20
129.1837485968
 10
207.1319183223
 20
129.176036257
 10
207.1319183223
 20
129.176036257
 10
207.0302556621
 20
129.1816452314
 10
206.9285930018
 20
129.1984721545
 10
206.8283325852
 20
129.2258159045
 10
206.7280721685
 20
129.265078725
 10
206.6257083864
 20
129.3183639814
 10
206.5184367518
 20
129.3884761609
 10
206.4055561428
 20
129.4761163852
 10
206.2877676813
 20
129.5798824109
 10
206.2877676813
 20
129.5798824109
 10
206.4728638352
 20
129.8491131801
 10
206.4728638352
 20
129.8491131801
 10
206.6018702454
 20
129.7621740775
 10
206.719658707
 20
129.6899585327
 10
206.825528098
 20
129.6303631801
 10
206.9201795403
 20
129.5854913852
 10
206.9201795403
 20
129.5854913852
 10
206.9783726493
 20
129.5637566096
 10
207.0358646364
 20
129.5476308083
 10
207.0933566236
 20
129.538516225
 10
207.1494463672
 20
129.535010616
 10
207.1494463672
 20
129.535010616
 10
207.2216619121
 20
129.5406195904
 10
207.290371848
 20
129.5574465134
 10
207.3555761749
 20
129.5847902634
 10
207.4172748928
 20
129.624053084
 10
207.4733646364
 20
129.6724304878
 10
207.5196386749
 20
129.7285202314
 10
207.5574992518
 20
129.7916211929
 10
207.5855441236
 20
129.8624344942
 10
207.5967620723
 20
129.9038006801
 10
207.6065777775
 20
129.9542814493
 10
207.614991239
 20
130.0131756801
 10
207.622002457
 20
130.0804833724
 10
207.6269103095
 20
130.1569056481
 10
207.6311170403
 20
130.2417413852
 10
207.6332204057
 20
130.334990584
 10
207.6339215275
 20
130.437354366
 10
207.6339215275
 20
130.437354366
 10
207.6339215275
 20
132.7657798468
  0
LWPOLYLINE
  5
420
330
1F
100
AcDbEntity
  8
0
  6
Continuous
 62
     7
100
AcDbPolyline
 90
      100
 70
   128
 43
0.0
 10
210.8547687531
 20
130.0734721545
 10
211.1339215275
 20
129.9269376993
 10
211.1339215275
 20
129.9269376993
 10
211.0652115916
 20
129.8098503596
 10
210.9915938031
 20
129.7046820904
 10
210.9130681621
 20
129.6107317699
 10
210.8289335467
 20
129.5294016417
 10
210.7398910787
 20
129.4585883404
 10
210.6459407582
 20
129.3968896224
 10
210.5456803416
 20
129.343604366
 10
210.4405120723
 20
129.2994336929
 10
210.329033707
 20
129.265078725
 10
210.2105441236
 20
129.2405394622
 10
210.0850433223
 20
129.2258159045
 10
209.9525313031
 20
129.2209080519
 10
209.9525313031
 20
129.2209080519
 10
209.8052957262
 20
129.2272181481
 10
209.6664736108
 20
129.2461484365
 10
209.536064957
 20
129.2776989173
 10
209.4133686428
 20
129.3218695904
 10
209.2997869121
 20
129.3786604558
 10
209.1939175211
 20
129.4480715134
 10
209.0957604698
 20
129.5301027634
 10
209.0067180018
 20
129.6247542058
 10
208.9267901172
 20
129.7271179878
 10
208.8573790595
 20
129.8329873788
 10
208.7991859505
 20
129.9423623788
 10
208.7515096685
 20
130.0552429878
 10
208.7136490916
 20
130.170928084
 10
208.6870064634
 20
130.2894176673
 10
208.6715817839
 20
130.4121139814
 10
208.6659728095
 20
130.5376147827
 10
208.6659728095
 20
130.5376147827
 10
208.6708806621
 20
130.6554032442
 10
208.6842019762
 20
130.7703872186
 10
208.7073389954
 20
130.881865584
 10
208.739590598
 20
130.9905394622
 10
208.7809567839
 20
131.0957077314
 10
208.8314375531
 20
131.1973703917
 10
208.8917340275
 20
131.2962285647
 10
208.9604439634
 20
131.3915811288
 10
208.9604439634
 20
131.3915811288
 10
209.0578998928
 20
131.5030594942
 10
209.1630681621
 20
131.6005154237
 10
209.2759487711
 20
131.6818455519
 10
209.3972428416
 20
131.7491532442
 10
209.5262492518
 20
131.801036257
 10
209.6629680018
 20
131.838896834
 10
209.8073990916
 20
131.8606316096
 10
209.9602436428
 20
131.8683439493
 10
209.9602436428
 20
131.8683439493
 10
210.1172949249
 20
131.8606316096
 10
210.2666338672
 20
131.8367934686
 10
210.407559348
 20
131.7975306481
 10
210.5400713672
 20
131.7428431481
 10
210.6648710467
 20
131.6720298468
 10
210.7812572646
 20
131.5850907442
 10
210.8899311428
 20
131.4827269622
 10
210.9901915595
 20
131.3649385006
 10
210.9901915595
 20
131.3649385006
 10
211.0546947646
 20
131.2730915455
 10
211.1100833864
 20
131.1763367378
 10
211.1577596685
 20
131.073271834
 10
211.1963213672
 20
130.9652990775
 10
211.2271707262
 20
130.8517173468
 10
211.2496066236
 20
130.7325266417
 10
211.2629279377
 20
130.6077269622
 10
211.2685369121
 20
130.4773183083
 10
211.2685369121
 20
130.4773183083
 10
208.9800753736
 20
130.4773183083
 10
208.9800753736
 20
130.4773183083
 10
208.9863854698
 20
130.3763567699
 10
209.0004079057
 20
130.2796019622
 10
209.0228438031
 20
130.187755007
 10
209.0536931621
 20
130.1008159045
 10
209.091553739
 20
130.0187846545
 10
209.1378277775
 20
129.9409601352
 10
209.1925152775
 20
129.8680434686
 10
209.2549151172
 20
129.7993335327
 10
209.3236250531
 20
129.7376348147
 10
209.395840598
 20
129.6836484365
 10
209.4722628736
 20
129.6380755199
 10
209.55289188
 20
129.6009160647
 10
209.6370264954
 20
129.5721700711
 10
209.7253678416
 20
129.5518375391
 10
209.8172147967
 20
129.5392173468
 10
209.9132684826
 20
129.535010616
 10
209.9132684826
 20
129.535010616
 10
210.0072188031
 20
129.538516225
 10
210.0990657582
 20
129.5497341737
 10
210.1902115916
 20
129.5686644622
 10
210.2799551813
 20
129.5946059686
 10
210.3661931621
 20
129.6268575711
 10
210.4454199249
 20
129.6647181481
 10
210.5176354698
 20
129.7067854558
 10
210.5835409185
 20
129.753760616
 10
210.6473430018
 20
129.8105514814
 10
210.7139495723
 20
129.8834681481
 10
210.78336063
 20
129.9704072506
 10
210.8548750531
 20
130.0734721545
  0
LWPOLYLINE
  5
421
330
1F
100
AcDbEntity
  8
0
  6
Continuous
 62
     7
100
AcDbPolyline
 90
       33
 70
   128
 43
0.0
 10
210.9544277191
 20
130.7914208724
 10
210.9172748928
 20
130.9155194301
 10
210.8717019762
 20
131.0262966737
 10
210.8191178416
 20
131.1237526032
 10
210.7588213672
 20
131.2078872186
 10
210.6901114313
 20
131.2822061288
 10
210.6101835467
 20
131.3488126993
 10
210.520439957
 20
131.4077069301
 10
210.4201795403
 20
131.4588888211
 10
210.3136090275
 20
131.5009561288
 10
210.2035329057
 20
131.5304032442
 10
210.0913534185
 20
131.5486324109
 10
209.9763694441
 20
131.5542413852
 10
209.9763694441
 20
131.5542413852
 10
209.8824191236
 20
131.5507357763
 10
209.7912732903
 20
131.5395178275
 10
209.7036330659
 20
131.5205875391
 10
209.6201995723
 20
131.4946460327
 10
209.5388694441
 20
131.4602910647
 10
209.4617460467
 20
131.4196260006
 10
209.3881282582
 20
131.370547475
 10
209.317314957
 20
131.3144577314
 10
209.317314957
 20
131.3144577314
 10
209.2682364313
 20
131.2681836929
 10
209.2226635146
 20
131.2163006801
 10
209.1798950852
 20
131.1595098147
 10
209.1406322646
 20
131.097109975
 10
209.1041739313
 20
131.0284000391
 10
209.0705200852
 20
130.9547822506
 10
209.040371848
 20
130.8762566096
 10
209.013028098
 20
130.7914208724
 10
209.013028098
 20
130.7914208724
 10
210.954434348
 20
130.7914208724
  0
LWPOLYLINE
  5
422
330
1F
100
AcDbEntity
  8
0
  6
Continuous
 62
     7
100
AcDbPolyline
 90
      100
 70
   128
 43
0.0
 10
213.9958143234
 20
130.0734721545
 10
214.2749471685
 20
129.9269376993
 10
214.2749471685
 20
129.9269376993
 10
214.2062372326
 20
129.8098503596
 10
214.1326194441
 20
129.7046820904
 10
214.0540938031
 20
129.6107317699
 10
213.9699591877
 20
129.5294016417
 10
213.8809167198
 20
129.4585883404
 10
213.7869663993
 20
129.3968896224
 10
213.6867059826
 20
129.343604366
 10
213.5815377134
 20
129.2994336929
 10
213.470059348
 20
129.265078725
 10
213.3515697646
 20
129.2405394622
 10
213.2260689634
 20
129.2258159045
 10
213.0935569441
 20
129.2209080519
 10
213.0935569441
 20
129.2209080519
 10
212.9463213672
 20
129.2272181481
 10
212.8074992518
 20
129.2461484365
 10
212.677090598
 20
129.2776989173
 10
212.5543942839
 20
129.3218695904
 10
212.4408125531
 20
129.3786604558
 10
212.3349431621
 20
129.4480715134
 10
212.2367861108
 20
129.5301027634
 10
212.1477436428
 20
129.6247542058
 10
212.0678157582
 20
129.7271179878
 10
211.9984047005
 20
129.8329873788
 10
211.9402115916
 20
129.9423623788
 10
211.8925353095
 20
130.0552429878
 10
211.8546747326
 20
130.170928084
 10
211.8280321044
 20
130.2894176673
 10
211.8126074249
 20
130.4121139814
 10
211.8069984505
 20
130.5376147827
 10
211.8069984505
 20
130.5376147827
 10
211.8119063031
 20
130.6554032442
 10
211.8252276172
 20
130.7703872186
 10
211.8483646364
 20
130.881865584
 10
211.880616239
 20
130.9905394622
 10
211.9219824249
 20
131.0957077314
 10
211.9724631941
 20
131.1973703917
 10
212.0327596685
 20
131.2962285647
 10
212.1014696044
 20
131.3915811288
 10
212.1014696044
 20
131.3915811288
 10
212.1989255339
 20
131.5030594942
 10
212.3040938031
 20
131.6005154237
 10
212.4169744121
 20
131.6818455519
 10
212.5382684826
 20
131.7491532442
 10
212.6672748928
 20
131.801036257
 10
212.8039936428
 20
131.838896834
 10
212.9484247326
 20
131.8606316096
 10
213.1012692839
 20
131.8683439493
 10
213.1012692839
 20
131.8683439493
 10
213.2583205659
 20
131.8606316096
 10
213.4076595082
 20
131.8367934686
 10
213.548584989
 20
131.7975306481
 10
213.6810970082
 20
131.7428431481
 10
213.8058966877
 20
131.6720298468
 10
213.9222829057
 20
131.5850907442
 10
214.0309567839
 20
131.4827269622
 10
214.1312172005
 20
131.3649385006
 10
214.1312172005
 20
131.3649385006
 10
214.1957204057
 20
131.2730915455
 10
214.2511090275
 20
131.1763367378
 10
214.2987853095
 20
131.073271834
 10
214.3373470082
 20
130.9652990775
 10
214.3681963672
 20
130.8517173468
 10
214.3906322646
 20
130.7325266417
 10
214.4039535787
 20
130.6077269622
 10
214.4095625531
 20
130.4773183083
 10
214.4095625531
 20
130.4773183083
 10
212.1211010146
 20
130.4773183083
 10
212.1211010146
 20
130.4773183083
 10
212.1274111108
 20
130.3763567699
 10
212.1414335467
 20
130.2796019622
 10
212.1638694441
 20
130.187755007
 10
212.1947188031
 20
130.1008159045
 10
212.23257938
 20
130.0187846545
 10
212.2788534185
 20
129.9409601352
 10
212.3335409185
 20
129.8680434686
 10
212.3959407582
 20
129.7993335327
 10
212.4646506941
 20
129.7376348147
 10
212.536866239
 20
129.6836484365
 10
212.6132885146
 20
129.6380755199
 10
212.6939175211
 20
129.6009160647
 10
212.7780521364
 20
129.5721700711
 10
212.8663934826
 20
129.5518375391
 10
212.9582404377
 20
129.5392173468
 10
213.0542941236
 20
129.535010616
 10
213.0542941236
 20
129.535010616
 10
213.1482444441
 20
129.538516225
 10
213.2400913993
 20
129.5497341737
 10
213.3312372326
 20
129.5686644622
 10
213.4209808223
 20
129.5946059686
 10
213.5072188031
 20
129.6268575711
 10
213.5864455659
 20
129.6647181481
 10
213.6586611108
 20
129.7067854558
 10
213.7245665595
 20
129.753760616
 10
213.7883686428
 20
129.8105514814
 10
213.8549752134
 20
129.8834681481
 10
213.9243862711
 20
129.9704072506
 10
213.9959006941
 20
130.0734721545
  0
LWPOLYLINE
  5
423
330
1F
100
AcDbEntity
  8
0
  6
Continuous
 62
     7
100
AcDbPolyline
 90
       33
 70
   128
 43
0.0
 10
214.0953540802
 20
130.7914208724
 10
214.0583005339
 20
130.9155194301
 10
214.0127276172
 20
131.0262966737
 10
213.9601434826
 20
131.1237526032
 10
213.8998470082
 20
131.2078872186
 10
213.8311370723
 20
131.2822061288
 10
213.7512091877
 20
131.3488126993
 10
213.661465598
 20
131.4077069301
 10
213.5612051813
 20
131.4588888211
 10
213.4546346685
 20
131.5009561288
 10
213.3445585467
 20
131.5304032442
 10
213.2323790595
 20
131.5486324109
 10
213.1173950852
 20
131.5542413852
 10
213.1173950852
 20
131.5542413852
 10
213.0234447646
 20
131.5507357763
 10
212.9322989313
 20
131.5395178275
 10
212.844658707
 20
131.5205875391
 10
212.7612252134
 20
131.4946460327
 10
212.6798950852
 20
131.4602910647
 10
212.6027716877
 20
131.4196260006
 10
212.5291538993
 20
131.370547475
 10
212.458340598
 20
131.3144577314
 10
212.458340598
 20
131.3144577314
 10
212.4092620723
 20
131.2681836929
 10
212.3636891557
 20
131.2163006801
 10
212.3209207262
 20
131.1595098147
 10
212.2816579057
 20
131.097109975
 10
212.2451995723
 20
131.0284000391
 10
212.2115457262
 20
130.9547822506
 10
212.181397489
 20
130.8762566096
 10
212.154053739
 20
130.7914208724
 10
212.154053739
 20
130.7914208724
 10
214.095459989
 20
130.7914208724
  0
LWPOLYLINE
  5
424
330
1F
100
AcDbEntity
  8
0
  6
Continuous
 62
     7
100
AcDbPolyline
 90
       62
 70
   128
 43
0.0
 10
215.0377035141
 20
131.8234721545
 10
215.3518702454
 20
131.8234721545
 10
215.3518702454
 20
131.8234721545
 10
215.3518702454
 20
131.3502149429
 10
215.3518702454
 20
131.3502149429
 10
215.4549351493
 20
131.476416866
 10
215.5650112711
 20
131.5836885006
 10
215.6827997326
 20
131.6734320904
 10
215.8083005339
 20
131.7442453917
 10
215.9415136749
 20
131.7982317699
 10
216.0817380339
 20
131.8374945904
 10
216.2296747326
 20
131.8606316096
 10
216.3853237711
 20
131.8683439493
 10
216.3853237711
 20
131.8683439493
 10
216.5213413993
 20
131.8620338532
 10
216.6531522967
 20
131.8445058083
 10
216.7793542198
 20
131.8143575711
 10
216.9006482903
 20
131.7715891417
 10
217.0170345082
 20
131.7176027634
 10
217.1278117518
 20
131.6509961929
 10
217.2343822646
 20
131.5724705519
 10
217.3353438031
 20
131.4820258404
 10
217.42789188
 20
131.3831676673
 10
217.5078197646
 20
131.2787005199
 10
217.5758285787
 20
131.1700266417
 10
217.6312172005
 20
131.0564449109
 10
217.6746867518
 20
130.9372542058
 10
217.7055361108
 20
130.8138567699
 10
217.7237652775
 20
130.6848503596
 10
217.7300753736
 20
130.5516372186
 10
217.7300753736
 20
130.5516372186
 10
217.7237652775
 20
130.4156195904
 10
217.7055361108
 20
130.2845098147
 10
217.6753878736
 20
130.1590090134
 10
217.6326194441
 20
130.0384160647
 10
217.5772308223
 20
129.9227309686
 10
217.50992313
 20
129.8126548468
 10
217.4306963672
 20
129.7081876993
 10
217.3388494121
 20
129.6086284045
 10
217.2385889954
 20
129.5174825711
 10
217.1334207262
 20
129.4389569301
 10
217.0226434826
 20
129.3723503596
 10
216.9076595082
 20
129.3176628596
 10
216.7870665595
 20
129.2755955519
 10
216.6615657582
 20
129.2454473147
 10
216.5304559826
 20
129.2272181481
 10
216.3951394762
 20
129.2209080519
 10
216.3951394762
 20
129.2209080519
 10
216.2429960467
 20
129.2286203917
 10
216.0964615916
 20
129.2531596545
 10
215.9569383544
 20
129.292422475
 10
215.8230240916
 20
129.3485122186
 10
215.6961210467
 20
129.4200266417
 10
215.5748269762
 20
129.507666866
 10
215.4605441236
 20
129.6107317699
 10
215.3518702454
 20
129.7292213532
 10
215.3518702454
 20
129.7292213532
 10
215.3518702454
 20
128.3234721545
 10
215.3518702454
 20
128.3234721545
 10
215.0377676813
 20
128.3234721545
 10
215.0377676813
 20
128.3234721545
 10
215.0377676813
 20
131.8234721545
  0
LWPOLYLINE
  5
425
330
1F
100
AcDbEntity
  8
0
  6
Continuous
 62
     7
100
AcDbPolyline
 90
       56
 70
   128
 43
0.0
 10
216.3825035095
 20
131.5542413852
 10
216.2759487711
 20
131.5500346545
 10
216.173584989
 20
131.5360122186
 10
216.0754279377
 20
131.5135763211
 10
215.9814776172
 20
131.4813247186
 10
215.8917340275
 20
131.4406596545
 10
215.8068982903
 20
131.390880007
 10
215.7255681621
 20
131.3312846545
 10
215.6491458864
 20
131.2632758404
 10
215.5797348287
 20
131.1882558083
 10
215.5194383544
 20
131.1090290455
 10
215.4682564634
 20
131.0248944301
 10
215.4261891557
 20
130.936553084
 10
215.3939375531
 20
130.844005007
 10
215.3708005339
 20
130.7465490775
 10
215.356778098
 20
130.6448864173
 10
215.3518702454
 20
130.5390170263
 10
215.3518702454
 20
130.5390170263
 10
215.360283707
 20
130.4001949109
 10
215.3848229698
 20
130.2690851352
 10
215.4261891557
 20
130.1442854558
 10
215.4843822646
 20
130.027198116
 10
215.5580000531
 20
129.9199264814
 10
215.6463413993
 20
129.8238727955
 10
215.7487051813
 20
129.7397381801
 10
215.8650913993
 20
129.6675226352
 10
215.9905922005
 20
129.6093295263
 10
216.1195986108
 20
129.5679633404
 10
216.2514095082
 20
129.5434240775
 10
216.3874271364
 20
129.535010616
 10
216.3874271364
 20
129.535010616
 10
216.5206402775
 20
129.5434240775
 10
216.6496466877
 20
129.5686644622
 10
216.775147489
 20
129.6100306481
 10
216.8957404377
 20
129.6689248788
 10
217.0086210467
 20
129.7425426673
 10
217.1095825852
 20
129.8294817699
 10
217.1979239313
 20
129.9297421865
 10
217.274346207
 20
130.0433239173
 10
217.3360449249
 20
130.1653191096
 10
217.3809167198
 20
130.2901187891
 10
217.4068582262
 20
130.4177229558
 10
217.4159728095
 20
130.5481316096
 10
217.4159728095
 20
130.5481316096
 10
217.407559348
 20
130.6792413852
 10
217.3809167198
 20
130.8068455519
 10
217.3374471685
 20
130.9316452314
 10
217.2757484505
 20
131.0522381801
 10
217.2000272967
 20
131.1651187891
 10
217.1116859505
 20
131.2639769622
 10
217.0114255339
 20
131.3502149429
 10
216.8992460467
 20
131.4224304878
 10
216.7779519762
 20
131.479922475
 10
216.6517500531
 20
131.5212886609
 10
216.5199391557
 20
131.5458279237
 10
216.3825192839
 20
131.5542413852
  0
LWPOLYLINE
  5
426
330
1F
100
AcDbEntity
  8
0
  6
Continuous
 62
     7
100
AcDbPolyline
 90
       59
 70
   128
 43
0.0
 10
268.8059806824
 20
118.8776881278
 10
268.8061573042
 20
119.2779285124
 10
268.8061573042
 20
119.2779285124
 10
268.8065579452
 20
119.3580567176
 10
268.8077598683
 20
119.4317746663
 10
268.8101637145
 20
119.4982810765
 10
268.8129682016
 20
119.5583772304
 10
268.8169746119
 20
119.6116624868
 10
268.8213816632
 20
119.6581368458
 10
268.8269906375
 20
119.6982009483
 10
268.8334008939
 20
119.7310535124
 10
268.8334008939
 20
119.7310535124
 10
268.8450194837
 20
119.7747233842
 10
268.8598432016
 20
119.8163900509
 10
268.8774714068
 20
119.8560535124
 10
268.8979040991
 20
119.8933131278
 10
268.9215419196
 20
119.9285695381
 10
268.9479842273
 20
119.9618227432
 10
268.9772310222
 20
119.9930727432
 10
269.0092823042
 20
120.0219188971
 10
269.0441380734
 20
120.0483612048
 10
269.0805964068
 20
120.0711977432
 10
269.1190579452
 20
120.0904285124
 10
269.1599233298
 20
120.1060535124
 10
269.2019906375
 20
120.1184733842
 10
269.2464617914
 20
120.1272874868
 10
269.2929361504
 20
120.1324958201
 10
269.3410130734
 20
120.1340983842
 10
269.3410130734
 20
120.1340983842
 10
269.4207406375
 20
120.1292906919
 10
269.4952598683
 20
120.114466974
 10
269.5649714068
 20
120.0896272304
 10
269.6298752529
 20
120.0551721022
 10
269.6883688427
 20
120.0115022304
 10
269.7392502529
 20
119.9594188971
 10
269.7825194837
 20
119.8985214612
 10
269.818176535
 20
119.8296112048
 10
269.8330002529
 20
119.7911496663
 10
269.8462214068
 20
119.7494829996
 10
269.8570387145
 20
119.7042105637
 10
269.866253458
 20
119.6553323586
 10
269.8734649965
 20
119.6028483842
 10
269.8786733298
 20
119.5471592817
 10
269.881878458
 20
119.4878644099
 10
269.8830803811
 20
119.4249637689
 10
269.8830803811
 20
119.4249637689
 10
270.8061573042
 20
120.1597394099
 10
270.8061573042
 20
120.1597394099
 10
270.8061573042
 20
119.9377842817
 10
270.8061573042
 20
119.9377842817
 10
269.8830803811
 20
119.2030086406
 10
269.8830803811
 20
119.2030086406
 10
269.8830803811
 20
119.0571753073
 10
269.8830803811
 20
119.0571753073
 10
270.8061573042
 20
119.0571753073
 10
270.8061573042
 20
119.0571753073
 10
270.8061573042
 20
118.8776881278
 10
270.8061573042
 20
118.8776881278
 10
268.8061573042
 20
118.8776881278
  0
LWPOLYLINE
  5
427
330
1F
100
AcDbEntity
  8
0
  6
Continuous
 62
     7
100
AcDbPolyline
 90
       40
 70
   128
 43
0.0
 10
269.011259079
 20
119.0571753073
 10
269.677952176
 20
119.0571753073
 10
269.677952176
 20
119.0571753073
 10
269.6807566632
 20
119.4233612048
 10
269.6807566632
 20
119.4233612048
 10
269.6803560222
 20
119.474643256
 10
269.678352817
 20
119.5227201791
 10
269.6755483298
 20
119.567191333
 10
269.6715419196
 20
119.6084573586
 10
269.6663335863
 20
119.646117615
 10
269.6599233298
 20
119.6801721022
 10
269.6523111504
 20
119.7110214612
 10
269.6434970478
 20
119.7382650509
 10
269.6222630734
 20
119.786341974
 10
269.5950194837
 20
119.8292105637
 10
269.5625675606
 20
119.8660695381
 10
269.5241060222
 20
119.8973195381
 10
269.4820387145
 20
119.9225599227
 10
269.4371669196
 20
119.9401881278
 10
269.3902919196
 20
119.9510054355
 10
269.3406124324
 20
119.9546112048
 10
269.3406124324
 20
119.9546112048
 10
269.2925355093
 20
119.9510054355
 10
269.2464617914
 20
119.9401881278
 10
269.2027919196
 20
119.9217586406
 10
269.1611252529
 20
119.896518256
 10
269.1238656375
 20
119.865268256
 10
269.0922149965
 20
119.8296112048
 10
269.0661733298
 20
119.7895471022
 10
269.0457406375
 20
119.7446753073
 10
269.037727817
 20
119.7190342817
 10
269.0305162786
 20
119.6897874868
 10
269.0249073042
 20
119.6565342817
 10
269.0200996119
 20
119.6196753073
 10
269.0160932016
 20
119.5784092817
 10
269.0132887145
 20
119.5335374868
 10
269.0116861504
 20
119.4846592817
 10
269.0112855093
 20
119.4321753073
 10
269.0112855093
 20
119.4321753073
 10
269.0112855093
 20
119.0571753073
  0
LWPOLYLINE
  5
428
330
1F
100
AcDbEntity
  8
0
  6
Continuous
 62
     7
100
AcDbPolyline
 90
       24
 70
   128
 43
0.0
 10
268.8059806824
 20
114.9674317176
 10
268.8061573042
 20
116.0956368458
 10
268.8061573042
 20
116.0956368458
 10
269.0112855093
 20
116.0956368458
 10
269.0112855093
 20
116.0956368458
 10
269.0112855093
 20
115.1469188971
 10
269.0112855093
 20
115.1469188971
 10
269.6266701247
 20
115.1469188971
 10
269.6266701247
 20
115.1469188971
 10
269.6266701247
 20
116.0956368458
 10
269.6266701247
 20
116.0956368458
 10
269.8317983298
 20
116.0956368458
 10
269.8317983298
 20
116.0956368458
 10
269.8317983298
 20
115.1469188971
 10
269.8317983298
 20
115.1469188971
 10
270.6010290991
 20
115.1469188971
 10
270.6010290991
 20
115.1469188971
 10
270.6010290991
 20
116.0956368458
 10
270.6010290991
 20
116.0956368458
 10
270.8061573042
 20
116.0956368458
 10
270.8061573042
 20
116.0956368458
 10
270.8061573042
 20
114.9674317176
 10
270.8061573042
 20
114.9674317176
 10
268.8061573042
 20
114.9674317176
  0
LWPOLYLINE
  5
429
330
1F
100
AcDbEntity
  8
0
  6
Continuous
 62
     7
100
AcDbPolyline
 90
       12
 70
   128
 43
0.0
 10
268.8059806824
 20
111.0571753073
 10
268.8061573042
 20
111.2366624868
 10
268.8061573042
 20
111.2366624868
 10
270.6010290991
 20
111.2366624868
 10
270.6010290991
 20
111.2366624868
 10
270.6010290991
 20
112.005893256
 10
270.6010290991
 20
112.005893256
 10
270.8061573042
 20
112.005893256
 10
270.8061573042
 20
112.005893256
 10
270.8061573042
 20
111.0571753073
 10
270.8061573042
 20
111.0571753073
 10
268.8061573042
 20
111.0571753073
  0
LWPOLYLINE
  5
42A
330
1F
100
AcDbEntity
  8
0
  6
Continuous
 62
     7
100
AcDbPolyline
 90
      169
 70
   128
 43
0.0
 10
269.1473960876
 20
109.0187137689
 10
269.2933367914
 20
108.864867615
 10
269.2933367914
 20
108.864867615
 10
269.2164137145
 20
108.7799317176
 10
269.1491060222
 20
108.6905887689
 10
269.0918143555
 20
108.5976400509
 10
269.0445387145
 20
108.5002842817
 10
269.0076797401
 20
108.4017265894
 10
268.9812374324
 20
108.3047714612
 10
268.9652117914
 20
108.208617615
 10
268.960003458
 20
108.114066333
 10
268.960003458
 20
108.114066333
 10
268.9616060222
 20
108.0559733842
 10
268.9672149965
 20
107.9982810765
 10
268.9760290991
 20
107.9417906919
 10
268.9884489709
 20
107.8857009483
 10
269.0044746119
 20
107.8300118458
 10
269.0241060222
 20
107.7755246663
 10
269.0473432016
 20
107.7214381278
 10
269.0741861504
 20
107.6681528714
 10
269.1038335863
 20
107.6168708201
 10
269.1362855093
 20
107.568393256
 10
269.1711412786
 20
107.5227201791
 10
269.208801535
 20
107.4802522304
 10
269.2488656375
 20
107.4409894099
 10
269.2913335863
 20
107.4041304355
 10
269.3362053811
 20
107.3704765894
 10
269.3838816632
 20
107.3400278714
 10
269.4331605093
 20
107.3127842817
 10
269.4832406375
 20
107.2891464612
 10
269.5337214068
 20
107.2691144099
 10
269.5854040991
 20
107.2530887689
 10
269.6370867914
 20
107.240268256
 10
269.6899714068
 20
107.2310535124
 10
269.7432566632
 20
107.2258451791
 10
269.7973432016
 20
107.223841974
 10
269.7973432016
 20
107.223841974
 10
269.8526316632
 20
107.2258451791
 10
269.9075194837
 20
107.2314541535
 10
269.9616060222
 20
107.2414701791
 10
270.0148912786
 20
107.255091974
 10
270.0673752529
 20
107.2723195381
 10
270.1194585863
 20
107.2935535124
 10
270.1707406375
 20
107.3187938971
 10
270.2212214068
 20
107.3480406919
 10
270.2700996119
 20
107.380492615
 10
270.3165739709
 20
107.4161496663
 10
270.3598432016
 20
107.4546112048
 10
270.4007085863
 20
107.4958772304
 10
270.4391701247
 20
107.5403483842
 10
270.474426535
 20
107.5876240253
 10
270.5072790991
 20
107.6381047945
 10
270.537327176
 20
107.6913900509
 10
270.5641701247
 20
107.7466785124
 10
270.5878079452
 20
107.8035695381
 10
270.6074393555
 20
107.8616624868
 10
270.6234649965
 20
107.9209573586
 10
270.6362855093
 20
107.9818547945
 10
270.6450996119
 20
108.0439541535
 10
270.6507085863
 20
108.1072554355
 10
270.6523111504
 20
108.1717586406
 10
270.6523111504
 20
108.1717586406
 10
270.6495066632
 20
108.2494829996
 10
270.6414938427
 20
108.3240022304
 10
270.6282726888
 20
108.395716974
 10
270.6094425606
 20
108.4642265894
 10
270.5854040991
 20
108.5295310765
 10
270.5557566632
 20
108.5920310765
 10
270.5209008939
 20
108.6513259483
 10
270.4808367914
 20
108.707816333
 10
270.4363656375
 20
108.7598996663
 10
270.3890899965
 20
108.8063740253
 10
270.3382085863
 20
108.8472394099
 10
270.2845226888
 20
108.8824958201
 10
270.2272310222
 20
108.912143256
 10
270.1671348683
 20
108.9361817176
 10
270.1034329452
 20
108.9546112048
 10
270.036926535
 20
108.9674317176
 10
270.036926535
 20
108.9674317176
 10
270.036926535
 20
108.3007650509
 10
270.036926535
 20
108.3007650509
 10
269.8317983298
 20
108.3007650509
 10
269.8317983298
 20
108.3007650509
 10
269.8317983298
 20
109.1469188971
 10
269.8317983298
 20
109.1469188971
 10
269.9463816632
 20
109.1421112048
 10
270.0553560222
 20
109.1288900509
 10
270.1579201247
 20
109.1072554355
 10
270.2544746119
 20
109.0776079996
 10
270.3450194837
 20
109.0395471022
 10
270.4295547401
 20
108.9930727432
 10
270.5076797401
 20
108.9381849227
 10
270.5801957657
 20
108.8752842817
 10
270.6450996119
 20
108.8051721022
 10
270.7015899965
 20
108.7294509483
 10
270.7492662786
 20
108.6481208201
 10
270.788128458
 20
108.5611817176
 10
270.818577176
 20
108.4682329996
 10
270.8402117914
 20
108.3700759483
 10
270.8530323042
 20
108.2659092817
 10
270.8574393555
 20
108.1561336406
 10
270.8574393555
 20
108.1561336406
 10
270.8558367914
 20
108.0884253073
 10
270.8514297401
 20
108.0227201791
 10
270.8442182016
 20
107.959018256
 10
270.833801535
 20
107.8969188971
 10
270.8205803811
 20
107.8364221022
 10
270.8041540991
 20
107.7779285124
 10
270.7849233298
 20
107.7210374868
 10
270.7628880734
 20
107.6657490253
 10
270.7376476888
 20
107.6124637689
 10
270.709602817
 20
107.5611817176
 10
270.678753458
 20
107.5115022304
 10
270.6446989709
 20
107.4634253073
 10
270.6078399965
 20
107.4173515894
 10
270.5677758939
 20
107.3728804355
 10
270.5249073042
 20
107.3304124868
 10
270.4792342273
 20
107.2895471022
 10
270.4792342273
 20
107.2895471022
 10
270.4051156375
 20
107.2322554355
 10
270.3277919196
 20
107.1821753073
 10
270.2480643555
 20
107.1401079996
 10
270.1651316632
 20
107.1056528714
 10
270.0793944837
 20
107.0788099227
 10
269.990852817
 20
107.0595791535
 10
269.8995066632
 20
107.0483612048
 10
269.8053560222
 20
107.0443547945
 10
269.8053560222
 20
107.0443547945
 10
269.7348432016
 20
107.0463579996
 10
269.6655323042
 20
107.0531688971
 10
269.5974233298
 20
107.0639862048
 10
269.5309169196
 20
107.0792105637
 10
269.4652117914
 20
107.098841974
 10
269.4011092273
 20
107.1228804355
 10
269.3378079452
 20
107.1513259483
 10
269.2761092273
 20
107.1841785124
 10
269.2164137145
 20
107.2210374868
 10
269.1603239709
 20
107.2607009483
 10
269.1074393555
 20
107.3039701791
 10
269.0581605093
 20
107.3504445381
 10
269.0116861504
 20
107.4001240253
 10
268.9688175606
 20
107.4530086406
 10
268.9291540991
 20
107.5090983842
 10
268.8930964068
 20
107.568393256
 10
268.8606444837
 20
107.630492615
 10
268.8325996119
 20
107.6941945381
 10
268.8089617914
 20
107.7603003073
 10
268.7893303811
 20
107.8284092817
 10
268.7745066632
 20
107.8981208201
 10
268.7636893555
 20
107.9702362048
 10
268.756878458
 20
108.0439541535
 10
268.7548752529
 20
108.1200759483
 10
268.7548752529
 20
108.1200759483
 10
268.756477817
 20
108.1821753073
 10
268.7608848683
 20
108.2430727432
 10
268.7680964068
 20
108.3031688971
 10
268.7781124324
 20
108.3624637689
 10
268.7913335863
 20
108.4205567176
 10
268.8073592273
 20
108.4778483842
 10
268.8261893555
 20
108.5343387689
 10
268.8482246119
 20
108.5896272304
 10
268.8734649965
 20
108.6445150509
 10
268.9019105093
 20
108.6990022304
 10
268.9339617914
 20
108.7530887689
 10
268.9696188427
 20
108.8067746663
 10
269.0088816632
 20
108.8604605637
 10
269.0517502529
 20
108.9133451791
 10
269.0978239709
 20
108.9662297945
 10
269.147503458
 20
109.0187137689
  0
LWPOLYLINE
  5
42B
330
1F
100
AcDbEntity
  8
0
  6
Continuous
 62
     7
100
AcDbPolyline
 90
       20
 70
   128
 43
0.0
 10
270.8060741425
 20
103.2366624868
 10
268.8061573042
 20
103.2366624868
 10
268.8061573042
 20
103.2366624868
 10
268.8061573042
 20
103.2743227432
 10
268.8061573042
 20
103.2743227432
 10
270.3802758939
 20
104.5956368458
 10
270.3802758939
 20
104.5956368458
 10
268.8061573042
 20
104.5956368458
 10
268.8061573042
 20
104.5956368458
 10
268.8061573042
 20
104.7751240253
 10
268.8061573042
 20
104.7751240253
 10
270.8061573042
 20
104.7751240253
 10
270.8061573042
 20
104.7751240253
 10
270.8061573042
 20
104.7342586406
 10
270.8061573042
 20
104.7342586406
 10
269.2356444837
 20
103.4161496663
 10
269.2356444837
 20
103.4161496663
 10
270.8061573042
 20
103.4161496663
 10
270.8061573042
 20
103.4161496663
 10
270.8061573042
 20
103.2366624868
  0
LWPOLYLINE
  5
42C
330
1F
100
AcDbEntity
  8
0
  6
Continuous
 62
     7
100
AcDbPolyline
 90
       16
 70
   128
 43
0.0
 10
268.8059806824
 20
100.1469188971
 10
270.8061573042
 20
101.0699958201
 10
270.8061573042
 20
101.0699958201
 10
270.8061573042
 20
100.8748836406
 10
270.8061573042
 20
100.8748836406
 10
270.1651316632
 20
100.5792105637
 10
270.1651316632
 20
100.5792105637
 10
270.1651316632
 20
99.6725599227
 10
270.1651316632
 20
99.6725599227
 10
270.8061573042
 20
99.3684733842
 10
270.8061573042
 20
99.3684733842
 10
270.8061573042
 20
99.1725599227
 10
270.8061573042
 20
99.1725599227
 10
268.8061573042
 20
100.1212778714
 10
268.8061573042
 20
100.1212778714
 10
268.8061573042
 20
100.1469188971
  0
LWPOLYLINE
  5
42D
330
1F
100
AcDbEntity
  8
0
  6
Continuous
 62
     7
100
AcDbPolyline
 90
        6
 70
   128
 43
0.0
 10
269.1957950592
 20
100.1320951791
 10
269.960003458
 20
99.7699156919
 10
269.960003458
 20
99.7699156919
 10
269.960003458
 20
100.4846592817
 10
269.960003458
 20
100.4846592817
 10
269.1959810222
 20
100.1320951791
  0
LWPOLYLINE
  5
42E
330
1F
100
AcDbEntity
  8
0
  6
Continuous
 62
     7
100
AcDbPolyline
 90
       59
 70
   128
 43
0.0
 10
268.8059806824
 20
95.4161496663
 10
268.8061573042
 20
95.8163900509
 10
268.8061573042
 20
95.8163900509
 10
268.8065579452
 20
95.896518256
 10
268.8077598683
 20
95.9702362048
 10
268.8101637145
 20
96.036742615
 10
268.8129682016
 20
96.0968387689
 10
268.8169746119
 20
96.1501240253
 10
268.8213816632
 20
96.1965983842
 10
268.8269906375
 20
96.2366624868
 10
268.8334008939
 20
96.2695150509
 10
268.8334008939
 20
96.2695150509
 10
268.8450194837
 20
96.3131849227
 10
268.8598432016
 20
96.3548515894
 10
268.8774714068
 20
96.3945150509
 10
268.8979040991
 20
96.4317746663
 10
268.9215419196
 20
96.4670310765
 10
268.9479842273
 20
96.5002842817
 10
268.9772310222
 20
96.5315342817
 10
269.0092823042
 20
96.5603804355
 10
269.0441380734
 20
96.5868227432
 10
269.0805964068
 20
96.6096592817
 10
269.1190579452
 20
96.6288900509
 10
269.1599233298
 20
96.6445150509
 10
269.2019906375
 20
96.6569349227
 10
269.2464617914
 20
96.6657490253
 10
269.2929361504
 20
96.6709573586
 10
269.3410130734
 20
96.6725599227
 10
269.3410130734
 20
96.6725599227
 10
269.4207406375
 20
96.6677522304
 10
269.4952598683
 20
96.6529285124
 10
269.5649714068
 20
96.6280887689
 10
269.6298752529
 20
96.5936336406
 10
269.6883688427
 20
96.5499637689
 10
269.7392502529
 20
96.4978804355
 10
269.7825194837
 20
96.4369829996
 10
269.818176535
 20
96.3680727432
 10
269.8330002529
 20
96.3296112048
 10
269.8462214068
 20
96.2879445381
 10
269.8570387145
 20
96.2426721022
 10
269.866253458
 20
96.1937938971
 10
269.8734649965
 20
96.1413099227
 10
269.8786733298
 20
96.0856208201
 10
269.881878458
 20
96.0263259483
 10
269.8830803811
 20
95.9634253073
 10
269.8830803811
 20
95.9634253073
 10
270.8061573042
 20
96.6982009483
 10
270.8061573042
 20
96.6982009483
 10
270.8061573042
 20
96.4762458201
 10
270.8061573042
 20
96.4762458201
 10
269.8830803811
 20
95.7414701791
 10
269.8830803811
 20
95.7414701791
 10
269.8830803811
 20
95.5956368458
 10
269.8830803811
 20
95.5956368458
 10
270.8061573042
 20
95.5956368458
 10
270.8061573042
 20
95.5956368458
 10
270.8061573042
 20
95.4161496663
 10
270.8061573042
 20
95.4161496663
 10
268.8061573042
 20
95.4161496663
  0
LWPOLYLINE
  5
42F
330
1F
100
AcDbEntity
  8
0
  6
Continuous
 62
     7
100
AcDbPolyline
 90
       40
 70
   128
 43
0.0
 10
269.011259079
 20
95.5956368458
 10
269.677952176
 20
95.5956368458
 10
269.677952176
 20
95.5956368458
 10
269.6807566632
 20
95.9618227432
 10
269.6807566632
 20
95.9618227432
 10
269.6803560222
 20
96.0131047945
 10
269.678352817
 20
96.0611817176
 10
269.6755483298
 20
96.1056528714
 10
269.6715419196
 20
96.1469188971
 10
269.6663335863
 20
96.1845791535
 10
269.6599233298
 20
96.2186336406
 10
269.6523111504
 20
96.2494829996
 10
269.6434970478
 20
96.2767265894
 10
269.6222630734
 20
96.3248035124
 10
269.5950194837
 20
96.3676721022
 10
269.5625675606
 20
96.4045310765
 10
269.5241060222
 20
96.4357810765
 10
269.4820387145
 20
96.4610214612
 10
269.4371669196
 20
96.4786496663
 10
269.3902919196
 20
96.489466974
 10
269.3406124324
 20
96.4930727432
 10
269.3406124324
 20
96.4930727432
 10
269.2925355093
 20
96.489466974
 10
269.2464617914
 20
96.4786496663
 10
269.2027919196
 20
96.4602201791
 10
269.1611252529
 20
96.4349797945
 10
269.1238656375
 20
96.4037297945
 10
269.0922149965
 20
96.3680727432
 10
269.0661733298
 20
96.3280086406
 10
269.0457406375
 20
96.2831368458
 10
269.037727817
 20
96.2574958201
 10
269.0305162786
 20
96.2282490253
 10
269.0249073042
 20
96.1949958201
 10
269.0200996119
 20
96.1581368458
 10
269.0160932016
 20
96.1168708201
 10
269.0132887145
 20
96.0719990253
 10
269.0116861504
 20
96.0231208201
 10
269.0112855093
 20
95.9706368458
 10
269.0112855093
 20
95.9706368458
 10
269.0112855093
 20
95.5956368458
  0
LWPOLYLINE
  5
430
330
1F
100
AcDbEntity
  8
0
  6
Continuous
 62
     7
100
AcDbPolyline
 90
       26
 70
   128
 43
0.0
 10
268.8059806824
 20
91.3776881278
 10
268.8061573042
 20
91.5631849227
 10
268.8061573042
 20
91.5631849227
 10
270.2729040991
 20
91.9546112048
 10
270.2729040991
 20
91.9546112048
 10
268.8061573042
 20
92.536742615
 10
268.8061573042
 20
92.536742615
 10
268.8061573042
 20
92.5627842817
 10
268.8061573042
 20
92.5627842817
 10
270.2628880734
 20
93.1340983842
 10
270.2628880734
 20
93.1340983842
 10
268.8061573042
 20
93.5275278714
 10
268.8061573042
 20
93.5275278714
 10
268.8061573042
 20
93.7110214612
 10
268.8061573042
 20
93.7110214612
 10
270.8061573042
 20
93.1717586406
 10
270.8061573042
 20
93.1717586406
 10
270.8061573042
 20
93.146117615
 10
270.8061573042
 20
93.146117615
 10
269.2765098683
 20
92.5443547945
 10
269.2765098683
 20
92.5443547945
 10
270.8061573042
 20
91.9353804355
 10
270.8061573042
 20
91.9353804355
 10
270.8061573042
 20
91.9097394099
 10
270.8061573042
 20
91.9097394099
 10
268.8061573042
 20
91.3776881278
  0
LWPOLYLINE
  5
431
330
1F
100
AcDbEntity
  8
0
  6
Continuous
 62
     7
100
AcDbPolyline
 90
       62
 70
   128
 43
0.0
 10
298.1786727905
 20
117.945019068
 10
298.1788570962
 20
118.1245062475
 10
298.1788570962
 20
118.1245062475
 10
298.4492897885
 20
118.1245062475
 10
298.4492897885
 20
118.1245062475
 10
298.3775750449
 20
118.1834004782
 10
298.3158763269
 20
118.2463011192
 10
298.2649949167
 20
118.3136088116
 10
298.2241295321
 20
118.3853235551
 10
298.1932801731
 20
118.46144535
 10
298.1708442756
 20
118.5415735551
 10
298.1576231218
 20
118.6261088116
 10
298.1532160705
 20
118.7150511192
 10
298.1532160705
 20
118.7150511192
 10
298.1568218397
 20
118.7927754782
 10
298.1668378654
 20
118.868095991
 10
298.1840654295
 20
118.9402113757
 10
298.2085045321
 20
119.0095222731
 10
298.239353891
 20
119.0760286833
 10
298.2774147885
 20
119.1393299654
 10
298.3222865833
 20
119.2002274013
 10
298.3739692756
 20
119.257919709
 10
298.4304596603
 20
119.3108043244
 10
298.4901551731
 20
119.3564774013
 10
298.5522545321
 20
119.3953395808
 10
298.6171583782
 20
119.4269902218
 10
298.6852673526
 20
119.4518299654
 10
298.7557801731
 20
119.4694581705
 10
298.8294981218
 20
119.4798748372
 10
298.9056199167
 20
119.4834806064
 10
298.9056199167
 20
119.4834806064
 10
298.9833442756
 20
119.4798748372
 10
299.0582641474
 20
119.4694581705
 10
299.129978891
 20
119.4522306064
 10
299.1988891474
 20
119.4277915039
 10
299.2649949167
 20
119.3961408628
 10
299.3278955577
 20
119.3576793244
 10
299.3875910705
 20
119.3124068885
 10
299.4444820962
 20
119.2599229141
 10
299.4965654295
 20
119.2026312475
 10
299.5414372244
 20
119.1425350936
 10
299.5794981218
 20
119.0792338116
 10
299.6107481218
 20
119.0135286833
 10
299.6347865833
 20
118.9446184269
 10
299.6520141474
 20
118.8729036833
 10
299.6624308141
 20
118.7979838116
 10
299.6660365833
 20
118.7206600936
 10
299.6660365833
 20
118.7206600936
 10
299.6616295321
 20
118.633720991
 10
299.6480077372
 20
118.5499870167
 10
299.6251711987
 20
118.4702594526
 10
299.5931199167
 20
118.3937370167
 10
299.5522545321
 20
118.321220991
 10
299.5021744038
 20
118.2519100936
 10
299.4432801731
 20
118.1866056064
 10
299.3755718397
 20
118.1245062475
 10
299.3755718397
 20
118.1245062475
 10
300.1788570962
 20
118.1245062475
 10
300.1788570962
 20
118.1245062475
 10
300.1788570962
 20
117.945019068
 10
300.1788570962
 20
117.945019068
 10
298.1788570962
 20
117.945019068
  0
LWPOLYLINE
  5
432
330
1F
100
AcDbEntity
  8
0
  6
Continuous
 62
     7
100
AcDbPolyline
 90
       56
 70
   128
 43
0.0
 10
298.3326911926
 20
118.7134485551
 10
298.3351070962
 20
118.6525511192
 10
298.3431199167
 20
118.5940575295
 10
298.3559404295
 20
118.5379677859
 10
298.3743699167
 20
118.4842818885
 10
298.3976070962
 20
118.4329998372
 10
298.426052609
 20
118.3845222731
 10
298.4601070962
 20
118.3380479141
 10
298.4989692756
 20
118.2943780423
 10
298.5418378654
 20
118.2547145808
 10
298.5871103013
 20
118.2202594526
 10
298.6351872244
 20
118.1910126577
 10
298.6856679936
 20
118.1669741962
 10
298.738552609
 20
118.148544709
 10
298.7942417115
 20
118.1353235551
 10
298.8523346603
 20
118.1273107346
 10
298.9128314551
 20
118.1245062475
 10
298.9128314551
 20
118.1245062475
 10
298.9921583782
 20
118.1293139398
 10
299.06707825
 20
118.1433363757
 10
299.1379917115
 20
118.1669741962
 10
299.2048987628
 20
118.2002274013
 10
299.2665974808
 20
118.242294709
 10
299.3210846603
 20
118.2927754782
 10
299.3691615833
 20
118.351269068
 10
299.410427609
 20
118.4177754782
 10
299.4436808141
 20
118.4894902218
 10
299.4677192756
 20
118.5632081705
 10
299.4817417115
 20
118.6385286833
 10
299.4865494038
 20
118.7162530423
 10
299.4865494038
 20
118.7162530423
 10
299.4817417115
 20
118.7923748372
 10
299.4673186346
 20
118.8660927859
 10
299.4436808141
 20
118.9378075295
 10
299.4100269679
 20
119.0067177859
 10
299.3679596603
 20
119.071220991
 10
299.3182801731
 20
119.1289132987
 10
299.2605878654
 20
119.179394068
 10
299.1956840192
 20
119.2230639398
 10
299.1259724808
 20
119.25832035
 10
299.0550590192
 20
119.2839613757
 10
298.9821423526
 20
119.2987850936
 10
298.9076231218
 20
119.3039934269
 10
298.9076231218
 20
119.3039934269
 10
298.83270325
 20
119.2991857346
 10
298.7597865833
 20
119.2839613757
 10
298.6884724808
 20
119.2591216321
 10
298.6195622244
 20
119.2238652218
 10
298.5554596603
 20
119.180595991
 10
298.4985686346
 20
119.1301152218
 10
298.4496904295
 20
119.0728235551
 10
298.4080237628
 20
119.008720991
 10
298.3751711987
 20
118.9394100936
 10
298.3515333782
 20
118.867294709
 10
298.3375109423
 20
118.7919741962
 10
298.33270325
 20
118.7134485551
  0
LWPOLYLINE
  5
433
330
1F
100
AcDbEntity
  8
0
  6
Continuous
 62
     7
100
AcDbPolyline
 90
      100
 70
   128
 43
0.0
 10
299.1788387299
 20
115.2342818885
 10
299.2625910705
 20
115.3937370167
 10
299.2625910705
 20
115.3937370167
 10
299.3294981218
 20
115.3544741962
 10
299.3895942756
 20
115.3124068885
 10
299.4428795321
 20
115.2675350936
 10
299.489353891
 20
115.2194581705
 10
299.5302192756
 20
115.1685767603
 10
299.5654756859
 20
115.1148908628
 10
299.5959244038
 20
115.0575991962
 10
299.6207641474
 20
114.9975030423
 10
299.6403955577
 20
114.9338011192
 10
299.6548186346
 20
114.8660927859
 10
299.6632320962
 20
114.7943780423
 10
299.6660365833
 20
114.7186568885
 10
299.6660365833
 20
114.7186568885
 10
299.6624308141
 20
114.6345222731
 10
299.6516135064
 20
114.55519535
 10
299.6335846603
 20
114.4806761192
 10
299.6083442756
 20
114.4105639398
 10
299.5758923526
 20
114.3456600936
 10
299.536228891
 20
114.2851632987
 10
299.489353891
 20
114.2290735551
 10
299.4352673526
 20
114.1781921449
 10
299.3767737628
 20
114.132519068
 10
299.3162769679
 20
114.0928556064
 10
299.2537769679
 20
114.0596024013
 10
299.1896744038
 20
114.0323588116
 10
299.1231679936
 20
114.0107241962
 10
299.0554596603
 20
113.9954998372
 10
298.9853474808
 20
113.9866857346
 10
298.9136327372
 20
113.9834806064
 10
298.9136327372
 20
113.9834806064
 10
298.8463250449
 20
113.9862850936
 10
298.7806199167
 20
113.9938972731
 10
298.7169179936
 20
114.0071184269
 10
298.6548186346
 20
114.0255479141
 10
298.5947224808
 20
114.0491857346
 10
298.5366295321
 20
114.0780318885
 10
298.4801391474
 20
114.1124870167
 10
298.4256519679
 20
114.1517498372
 10
298.4256519679
 20
114.1517498372
 10
298.3619500449
 20
114.2074389398
 10
298.3066615833
 20
114.2675350936
 10
298.2597865833
 20
114.3320382987
 10
298.2213250449
 20
114.4013491962
 10
298.191677609
 20
114.4750671449
 10
298.1704436346
 20
114.5531921449
 10
298.1576231218
 20
114.6357241962
 10
298.1532160705
 20
114.7230639398
 10
298.1532160705
 20
114.7230639398
 10
298.1576231218
 20
114.8128075295
 10
298.1712449167
 20
114.898144068
 10
298.1936808141
 20
114.9786729141
 10
298.2253314551
 20
115.054394068
 10
298.2653955577
 20
115.1257081705
 10
298.3150750449
 20
115.1922145808
 10
298.3735686346
 20
115.2543139398
 10
298.4408763269
 20
115.3116056064
 10
298.4408763269
 20
115.3116056064
 10
298.4933603013
 20
115.3484645808
 10
298.5486487628
 20
115.3801152218
 10
298.6075429936
 20
115.4073588116
 10
298.6692417115
 20
115.429394068
 10
298.7341455577
 20
115.4470222731
 10
298.8022545321
 20
115.4598427859
 10
298.8735686346
 20
115.4674549654
 10
298.9480878654
 20
115.4706600936
 10
298.9480878654
 20
115.4706600936
 10
298.9480878654
 20
114.1629677859
 10
298.9480878654
 20
114.1629677859
 10
299.0057801731
 20
114.1665735551
 10
299.0610686346
 20
114.1745863757
 10
299.113552609
 20
114.1874068885
 10
299.1632320962
 20
114.2050350936
 10
299.2101070962
 20
114.226669709
 10
299.25457825
 20
114.2531120167
 10
299.2962449167
 20
114.2843620167
 10
299.3355077372
 20
114.320019068
 10
299.3707641474
 20
114.3592818885
 10
299.4016135064
 20
114.4005479141
 10
299.4276551731
 20
114.4442177859
 10
299.4488891474
 20
114.4902915039
 10
299.4653154295
 20
114.5383684269
 10
299.4769340192
 20
114.5888491962
 10
299.4841455577
 20
114.6413331705
 10
299.4865494038
 20
114.696220991
 10
299.4865494038
 20
114.696220991
 10
299.4845461987
 20
114.7499068885
 10
299.4781359423
 20
114.8023908628
 10
299.4673186346
 20
114.8544741962
 10
299.4520942756
 20
114.9057562475
 10
299.4336647885
 20
114.9550350936
 10
299.4124308141
 20
115.0003075295
 10
299.3883923526
 20
115.0415735551
 10
299.3615494038
 20
115.0792338116
 10
299.3290974808
 20
115.1156921449
 10
299.2878314551
 20
115.1537530423
 10
299.2377513269
 20
115.1934165039
 10
299.1788570962
 20
115.2342818885
  0
LWPOLYLINE
  5
434
330
1F
100
AcDbEntity
  8
0
  6
Continuous
 62
     7
100
AcDbPolyline
 90
       33
 70
   128
 43
0.0
 10
298.7685203552
 20
115.2911729141
 10
298.6976872244
 20
115.2699389398
 10
298.6347865833
 20
115.2438972731
 10
298.5786968397
 20
115.2138491962
 10
298.5306199167
 20
115.179394068
 10
298.4881519679
 20
115.1401312475
 10
298.4504917115
 20
115.0944581705
 10
298.4164372244
 20
115.0431761192
 10
298.3871904295
 20
114.9858844526
 10
298.363552609
 20
114.9249870167
 10
298.3463250449
 20
114.8620863757
 10
298.3363090192
 20
114.7979838116
 10
298.33270325
 20
114.7322786833
 10
298.33270325
 20
114.7322786833
 10
298.3347064551
 20
114.6785927859
 10
298.3411167115
 20
114.6265094526
 10
298.3519340192
 20
114.5764293244
 10
298.3671583782
 20
114.5287530423
 10
298.3863891474
 20
114.4822786833
 10
298.4096263269
 20
114.4382081705
 10
298.4376711987
 20
114.3961408628
 10
298.4697224808
 20
114.3556761192
 10
298.4697224808
 20
114.3556761192
 10
298.4961647885
 20
114.3276312475
 10
298.5258122244
 20
114.3015895808
 10
298.5582641474
 20
114.2771504782
 10
298.5943218397
 20
114.2547145808
 10
298.6331840192
 20
114.2338812475
 10
298.6752513269
 20
114.2146504782
 10
298.7201231218
 20
114.1974229141
 10
298.7686006859
 20
114.1817979141
 10
298.7686006859
 20
114.1817979141
 10
298.7686006859
 20
115.2911729141
  0
LWPOLYLINE
  5
435
330
1F
100
AcDbEntity
  8
0
  6
Continuous
 62
     7
100
AcDbPolyline
 90
      100
 70
   128
 43
0.0
 10
299.1788387299
 20
111.3240254782
 10
299.2625910705
 20
111.4834806064
 10
299.2625910705
 20
111.4834806064
 10
299.3294981218
 20
111.4442177859
 10
299.3895942756
 20
111.4021504782
 10
299.4428795321
 20
111.3572786833
 10
299.489353891
 20
111.3092017603
 10
299.5302192756
 20
111.25832035
 10
299.5654756859
 20
111.2046344526
 10
299.5959244038
 20
111.1473427859
 10
299.6207641474
 20
111.0872466321
 10
299.6403955577
 20
111.023544709
 10
299.6548186346
 20
110.9558363757
 10
299.6632320962
 20
110.8841216321
 10
299.6660365833
 20
110.8084004782
 10
299.6660365833
 20
110.8084004782
 10
299.6624308141
 20
110.7242658628
 10
299.6516135064
 20
110.6449389398
 10
299.6335846603
 20
110.570419709
 10
299.6083442756
 20
110.5003075295
 10
299.5758923526
 20
110.4354036833
 10
299.536228891
 20
110.3749068885
 10
299.489353891
 20
110.3188171449
 10
299.4352673526
 20
110.2679357346
 10
299.3767737628
 20
110.2222626577
 10
299.3162769679
 20
110.1825991962
 10
299.2537769679
 20
110.149345991
 10
299.1896744038
 20
110.1221024013
 10
299.1231679936
 20
110.1004677859
 10
299.0554596603
 20
110.0852434269
 10
298.9853474808
 20
110.0764293244
 10
298.9136327372
 20
110.0732241962
 10
298.9136327372
 20
110.0732241962
 10
298.8463250449
 20
110.0760286833
 10
298.7806199167
 20
110.0836408628
 10
298.7169179936
 20
110.0968620167
 10
298.6548186346
 20
110.1152915039
 10
298.5947224808
 20
110.1389293244
 10
298.5366295321
 20
110.1677754782
 10
298.4801391474
 20
110.2022306064
 10
298.4256519679
 20
110.2414934269
 10
298.4256519679
 20
110.2414934269
 10
298.3619500449
 20
110.2971825295
 10
298.3066615833
 20
110.3572786833
 10
298.2597865833
 20
110.4217818885
 10
298.2213250449
 20
110.4910927859
 10
298.191677609
 20
110.5648107346
 10
298.1704436346
 20
110.6429357346
 10
298.1576231218
 20
110.7254677859
 10
298.1532160705
 20
110.8128075295
 10
298.1532160705
 20
110.8128075295
 10
298.1576231218
 20
110.9025511192
 10
298.1712449167
 20
110.9878876577
 10
298.1936808141
 20
111.0684165039
 10
298.2253314551
 20
111.1441376577
 10
298.2653955577
 20
111.2154517603
 10
298.3150750449
 20
111.2819581705
 10
298.3735686346
 20
111.3440575295
 10
298.4408763269
 20
111.4013491962
 10
298.4408763269
 20
111.4013491962
 10
298.4933603013
 20
111.4382081705
 10
298.5486487628
 20
111.4698588116
 10
298.6075429936
 20
111.4971024013
 10
298.6692417115
 20
111.5191376577
 10
298.7341455577
 20
111.5367658628
 10
298.8022545321
 20
111.5495863757
 10
298.8735686346
 20
111.5571985551
 10
298.9480878654
 20
111.5604036833
 10
298.9480878654
 20
111.5604036833
 10
298.9480878654
 20
110.2527113757
 10
298.9480878654
 20
110.2527113757
 10
299.0057801731
 20
110.2563171449
 10
299.0610686346
 20
110.2643299654
 10
299.113552609
 20
110.2771504782
 10
299.1632320962
 20
110.2947786833
 10
299.2101070962
 20
110.3164132987
 10
299.25457825
 20
110.3428556064
 10
299.2962449167
 20
110.3741056064
 10
299.3355077372
 20
110.4097626577
 10
299.3707641474
 20
110.4490254782
 10
299.4016135064
 20
110.4902915039
 10
299.4276551731
 20
110.5339613757
 10
299.4488891474
 20
110.5800350936
 10
299.4653154295
 20
110.6281120167
 10
299.4769340192
 20
110.6785927859
 10
299.4841455577
 20
110.7310767603
 10
299.4865494038
 20
110.7859645808
 10
299.4865494038
 20
110.7859645808
 10
299.4845461987
 20
110.8396504782
 10
299.4781359423
 20
110.8921344526
 10
299.4673186346
 20
110.9442177859
 10
299.4520942756
 20
110.9954998372
 10
299.4336647885
 20
111.0447786833
 10
299.4124308141
 20
111.0900511192
 10
299.3883923526
 20
111.1313171449
 10
299.3615494038
 20
111.1689774013
 10
299.3290974808
 20
111.2054357346
 10
299.2878314551
 20
111.2434966321
 10
299.2377513269
 20
111.2831600936
 10
299.1788570962
 20
111.3240254782
  0
LWPOLYLINE
  5
436
330
1F
100
AcDbEntity
  8
0
  6
Continuous
 62
     7
100
AcDbPolyline
 90
       33
 70
   128
 43
0.0
 10
298.7685203552
 20
111.3809165039
 10
298.6976872244
 20
111.3596825295
 10
298.6347865833
 20
111.3336408628
 10
298.5786968397
 20
111.3035927859
 10
298.5306199167
 20
111.2691376577
 10
298.4881519679
 20
111.2298748372
 10
298.4504917115
 20
111.1842017603
 10
298.4164372244
 20
111.132919709
 10
298.3871904295
 20
111.0756280423
 10
298.363552609
 20
111.0147306064
 10
298.3463250449
 20
110.9518299654
 10
298.3363090192
 20
110.8877274013
 10
298.33270325
 20
110.8220222731
 10
298.33270325
 20
110.8220222731
 10
298.3347064551
 20
110.7683363757
 10
298.3411167115
 20
110.7162530423
 10
298.3519340192
 20
110.6661729141
 10
298.3671583782
 20
110.6184966321
 10
298.3863891474
 20
110.5720222731
 10
298.4096263269
 20
110.5279517603
 10
298.4376711987
 20
110.4858844526
 10
298.4697224808
 20
110.445419709
 10
298.4697224808
 20
110.445419709
 10
298.4961647885
 20
110.4173748372
 10
298.5258122244
 20
110.3913331705
 10
298.5582641474
 20
110.366894068
 10
298.5943218397
 20
110.3444581705
 10
298.6331840192
 20
110.3236248372
 10
298.6752513269
 20
110.304394068
 10
298.7201231218
 20
110.2871665039
 10
298.7686006859
 20
110.2715415039
 10
298.7686006859
 20
110.2715415039
 10
298.7686006859
 20
111.3809165039
  0
LWPOLYLINE
  5
437
330
1F
100
AcDbEntity
  8
0
  6
Continuous
 62
     7
100
AcDbPolyline
 90
       61
 70
   128
 43
0.0
 10
297.6403236389
 20
106.9065575295
 10
297.6403955577
 20
107.086044709
 10
297.6403955577
 20
107.086044709
 10
298.9909564551
 20
107.086044709
 10
298.9909564551
 20
107.086044709
 10
299.0658763269
 20
107.0852434269
 10
299.1347865833
 20
107.0832402218
 10
299.1980878654
 20
107.0796344526
 10
299.2553795321
 20
107.0744261192
 10
299.3062609423
 20
107.0676152218
 10
299.3515333782
 20
107.0596024013
 10
299.3911968397
 20
107.0499870167
 10
299.4244500449
 20
107.039169709
 10
299.4821423526
 20
107.0119261192
 10
299.5338250449
 20
106.97707035
 10
299.5794981218
 20
106.9342017603
 10
299.6187609423
 20
106.883720991
 10
299.6508122244
 20
106.8264293244
 10
299.6736487628
 20
106.7631280423
 10
299.6872705577
 20
106.6942177859
 10
299.691677609
 20
106.6196985551
 10
299.691677609
 20
106.6196985551
 10
299.6884724808
 20
106.5616056064
 10
299.6788570962
 20
106.5035126577
 10
299.6628314551
 20
106.446220991
 10
299.6403955577
 20
106.3889293244
 10
299.6099468397
 20
106.3304357346
 10
299.5702833782
 20
106.2691376577
 10
299.52020325
 20
106.2046344526
 10
299.4609083782
 20
106.1373267603
 10
299.4609083782
 20
106.1373267603
 10
299.3070622244
 20
106.243095991
 10
299.3070622244
 20
106.243095991
 10
299.3567417115
 20
106.3168139398
 10
299.3984083782
 20
106.3841216321
 10
299.4320622244
 20
106.4446184269
 10
299.45770325
 20
106.4987049654
 10
299.45770325
 20
106.4987049654
 10
299.4705237628
 20
106.5319581705
 10
299.4793378654
 20
106.5648107346
 10
299.4849468397
 20
106.5976632987
 10
299.4865494038
 20
106.6297145808
 10
299.4865494038
 20
106.6297145808
 10
299.4833442756
 20
106.6709806064
 10
299.473728891
 20
106.7102434269
 10
299.45770325
 20
106.7475030423
 10
299.4352673526
 20
106.7827594526
 10
299.4076231218
 20
106.8148107346
 10
299.3759724808
 20
106.8412530423
 10
299.3399147885
 20
106.8628876577
 10
299.2994500449
 20
106.8789132987
 10
299.2758122244
 20
106.8853235551
 10
299.2469660705
 20
106.8909325295
 10
299.2133122244
 20
106.8957402218
 10
299.1748506859
 20
106.8997466321
 10
299.1311808141
 20
106.9025511192
 10
299.08270325
 20
106.9049549654
 10
299.0294179936
 20
106.9061568885
 10
298.9709244038
 20
106.9065575295
 10
298.9709244038
 20
106.9065575295
 10
297.6403955577
 20
106.9065575295
  0
LWPOLYLINE
  5
438
330
1F
100
AcDbEntity
  8
0
  6
Continuous
 62
     7
100
AcDbPolyline
 90
      100
 70
   128
 43
0.0
 10
275.3314971924
 20
110.4330167037
 10
275.2354268843
 20
110.4342186268
 10
275.1448820125
 20
110.438225037
 10
275.059545474
 20
110.4450359345
 10
274.980218551
 20
110.454250678
 10
274.9065006023
 20
110.4658692678
 10
274.8383916279
 20
110.4806929857
 10
274.7758916279
 20
110.4979205498
 10
274.7190006023
 20
110.5175519601
 10
274.6665166279
 20
110.5395872165
 10
274.6172377817
 20
110.5640263191
 10
274.5715647048
 20
110.5908692678
 10
274.5286961151
 20
110.6197154216
 10
274.4894332946
 20
110.6505647806
 10
274.4533756023
 20
110.6834173447
 10
274.4205230381
 20
110.718673755
 10
274.3908756023
 20
110.7563340114
 10
274.3648339356
 20
110.7955968319
 10
274.3419973971
 20
110.8360615755
 10
274.3231672689
 20
110.8773276011
 10
274.3075422689
 20
110.9201961909
 10
274.2951223971
 20
110.9638660627
 10
274.2863082946
 20
111.0087378575
 10
274.2810999612
 20
111.0544109345
 10
274.2794973971
 20
111.1016865755
 10
274.2794973971
 20
111.1016865755
 10
274.2810999612
 20
111.1493628575
 10
274.2867089356
 20
111.1962378575
 10
274.2951223971
 20
111.2415102934
 10
274.3075422689
 20
111.2859814473
 10
274.3231672689
 20
111.329250678
 10
274.3427986792
 20
111.3713179857
 10
274.3652345766
 20
111.4125840114
 10
274.3916768843
 20
111.4522474729
 10
274.4213243202
 20
111.4903083704
 10
274.4549781664
 20
111.5267667037
 10
274.4914364997
 20
111.5608211909
 10
274.5319012433
 20
111.5928724729
 10
274.5755711151
 20
111.6229205498
 10
274.6232473971
 20
111.6509654216
 10
274.6737281664
 20
111.6766064473
 10
274.7282153458
 20
111.7006449088
 10
274.7867089356
 20
111.7218788832
 10
274.8504108587
 20
111.7407090114
 10
274.918519833
 20
111.7563340114
 10
274.9914364997
 20
111.7691545242
 10
275.0691608587
 20
111.7791705498
 10
275.152093551
 20
111.7863820883
 10
275.2394332946
 20
111.7903884986
 10
275.3315807305
 20
111.7919910627
 10
275.3315807305
 20
111.7919910627
 10
275.4233275253
 20
111.7903884986
 10
275.5106672689
 20
111.7863820883
 10
275.5927986792
 20
111.7791705498
 10
275.6701223971
 20
111.7695551652
 10
275.7426384228
 20
111.7567346524
 10
275.8107473971
 20
111.7411096524
 10
275.8736480381
 20
111.7230808063
 10
275.9317409869
 20
111.7018468319
 10
275.9858275253
 20
111.6782090114
 10
276.0363082946
 20
111.6525679857
 10
276.0835839356
 20
111.624923755
 10
276.1276544484
 20
111.594875678
 10
276.167718551
 20
111.562824396
 10
276.2045775253
 20
111.5283692678
 10
276.2382313715
 20
111.4919109345
 10
276.2682794484
 20
111.453449396
 10
276.2951223971
 20
111.4133852934
 10
276.3179589356
 20
111.3721192678
 10
276.3375903458
 20
111.3296513191
 10
276.3536159869
 20
111.2863820883
 10
276.3660358587
 20
111.2419109345
 10
276.3748499612
 20
111.1962378575
 10
276.3804589356
 20
111.1493628575
 10
276.3820614997
 20
111.1016865755
 10
276.3820614997
 20
111.1016865755
 10
276.3804589356
 20
111.0544109345
 10
276.3752506023
 20
111.0087378575
 10
276.3664364997
 20
110.9638660627
 10
276.3544172689
 20
110.9205968319
 10
276.3391929099
 20
110.8781288832
 10
276.3199621407
 20
110.8368628575
 10
276.2975262433
 20
110.796798755
 10
276.2718852176
 20
110.7579365755
 10
276.2426384228
 20
110.7206769601
 10
276.2101864997
 20
110.6854205498
 10
276.1741288074
 20
110.6525679857
 10
276.1344653458
 20
110.6217186268
 10
276.0915967561
 20
110.5928724729
 10
276.0455230381
 20
110.5660295242
 10
275.995843551
 20
110.5411897806
 10
275.9429589356
 20
110.5187538832
 10
275.8856672689
 20
110.4987218319
 10
275.8227666279
 20
110.4810936268
 10
275.7546576535
 20
110.4666705498
 10
275.6809397048
 20
110.4546513191
 10
275.6016127817
 20
110.4450359345
 10
275.5170775253
 20
110.438225037
 10
275.4269332946
 20
110.4342186268
 10
275.3315807305
 20
110.4330167037
  0
LWPOLYLINE
  5
439
330
1F
100
AcDbEntity
  8
0
  6
Continuous
 62
     7
100
AcDbPolyline
 90
       85
 70
   128
 43
0.0
 10
275.3305435181
 20
110.6125038832
 10
275.4109076535
 20
110.6133051652
 10
275.4862281664
 20
110.6165102934
 10
275.5563403458
 20
110.6213179857
 10
275.621644833
 20
110.6277282421
 10
275.6817409869
 20
110.6365423447
 10
275.7366288074
 20
110.6469590114
 10
275.7867089356
 20
110.6593788832
 10
275.8315807305
 20
110.6738019601
 10
275.8728467561
 20
110.6902282421
 10
275.9113082946
 20
110.7082570883
 10
275.9473659869
 20
110.7278884986
 10
275.981019833
 20
110.7495231139
 10
276.011869192
 20
110.7731609345
 10
276.0403147048
 20
110.7984013191
 10
276.0659557305
 20
110.8256449088
 10
276.0891929099
 20
110.8544910627
 10
276.1276544484
 20
110.9153884986
 10
276.1548980381
 20
110.9778884986
 10
276.1713243202
 20
111.0419910627
 10
276.1769332946
 20
111.1076961909
 10
276.1769332946
 20
111.1076961909
 10
276.1717249612
 20
111.1738019601
 10
276.1556993202
 20
111.2379045242
 10
276.1288563715
 20
111.2996032421
 10
276.0911961151
 20
111.359298755
 10
276.0683595766
 20
111.3877442678
 10
276.043119192
 20
111.4141865755
 10
276.0146736792
 20
111.4390263191
 10
275.9838243202
 20
111.4622634986
 10
275.9505711151
 20
111.4834974729
 10
275.9141127817
 20
111.5031288832
 10
275.8752506023
 20
111.5207570883
 10
275.8335839356
 20
111.5367827293
 10
275.8335839356
 20
111.5367827293
 10
275.7798980381
 20
111.5544109345
 10
275.7238082946
 20
111.5700359345
 10
275.6649140638
 20
111.5828564473
 10
275.6036159869
 20
111.593673755
 10
275.5395134228
 20
111.6016865755
 10
275.4726063715
 20
111.6076961909
 10
275.402894833
 20
111.6113019601
 10
275.3307794484
 20
111.6125038832
 10
275.3307794484
 20
111.6125038832
 10
275.2586640638
 20
111.6113019601
 10
275.1897538074
 20
111.6084974729
 10
275.1244493202
 20
111.6028884986
 10
275.0623499612
 20
111.5956769601
 10
275.0034557305
 20
111.5860615755
 10
274.9481672689
 20
111.5748436268
 10
274.8960839356
 20
111.5608211909
 10
274.8472057305
 20
111.5451961909
 10
274.8015326535
 20
111.5275679857
 10
274.7594653458
 20
111.5083372165
 10
274.7202025253
 20
111.4875038832
 10
274.684144833
 20
111.4650679857
 10
274.6512922689
 20
111.4410295242
 10
274.621644833
 20
111.4149878575
 10
274.5948018843
 20
111.3877442678
 10
274.5715647048
 20
111.3588981139
 10
274.5335038074
 20
111.2984013191
 10
274.5062602176
 20
111.2367026011
 10
274.4902345766
 20
111.173000678
 10
274.4846256023
 20
111.1076961909
 10
274.4846256023
 20
111.1076961909
 10
274.4902345766
 20
111.0415904216
 10
274.5062602176
 20
110.9770872165
 10
274.5335038074
 20
110.9149878575
 10
274.5715647048
 20
110.8544910627
 10
274.5948018843
 20
110.8256449088
 10
274.6204429099
 20
110.7988019601
 10
274.6484877817
 20
110.7735615755
 10
274.6793371407
 20
110.750324396
 10
274.7129909869
 20
110.7286897806
 10
274.7486480381
 20
110.7086577293
 10
274.7871095766
 20
110.6906288832
 10
274.8283756023
 20
110.6742026011
 10
274.8732473971
 20
110.6597795242
 10
274.9233275253
 20
110.6473596524
 10
274.9786159869
 20
110.6365423447
 10
275.0391127817
 20
110.6281288832
 10
275.1044172689
 20
110.6213179857
 10
275.1745294484
 20
110.6165102934
 10
275.2502506023
 20
110.6133051652
 10
275.3307794484
 20
110.6125038832
  0
LWPOLYLINE
  5
43A
330
1F
100
AcDbEntity
  8
0
  6
Continuous
 62
     7
100
AcDbPolyline
 90
       36
 70
   128
 43
0.0
 10
276.0229110718
 20
106.8432731139
 10
276.0262922689
 20
106.8765263191
 10
276.0351063715
 20
106.907375678
 10
276.0503307305
 20
106.9354205498
 10
276.0715647048
 20
106.9610615755
 10
276.0972057305
 20
106.9822955498
 10
276.1252506023
 20
106.9979205498
 10
276.1560999612
 20
107.0067346524
 10
276.1897538074
 20
107.0099397806
 10
276.1897538074
 20
107.0099397806
 10
276.2226063715
 20
107.0067346524
 10
276.2534557305
 20
106.9979205498
 10
276.2815006023
 20
106.9822955498
 10
276.3071416279
 20
106.9610615755
 10
276.3287762433
 20
106.9354205498
 10
276.3440006023
 20
106.907375678
 10
276.3532153458
 20
106.8765263191
 10
276.356420474
 20
106.8432731139
 10
276.356420474
 20
106.8432731139
 10
276.3532153458
 20
106.8100199088
 10
276.3440006023
 20
106.7795711909
 10
276.3287762433
 20
106.751125678
 10
276.3071416279
 20
106.7254846524
 10
276.2815006023
 20
106.704250678
 10
276.2534557305
 20
106.6890263191
 10
276.2226063715
 20
106.6798115755
 10
276.1897538074
 20
106.6766064473
 10
276.1897538074
 20
106.6766064473
 10
276.1560999612
 20
106.6798115755
 10
276.1252506023
 20
106.6890263191
 10
276.0972057305
 20
106.704250678
 10
276.0715647048
 20
106.7254846524
 10
276.0503307305
 20
106.751125678
 10
276.0351063715
 20
106.7795711909
 10
276.0262922689
 20
106.8100199088
 10
276.0230871407
 20
106.8432731139
  0
LWPOLYLINE
  5
43B
330
1F
100
AcDbEntity
  8
0
  6
Continuous
 62
     7
100
AcDbPolyline
 90
       20
 70
   128
 43
0.0
 10
274.2793560028
 20
103.704250678
 10
274.2794973971
 20
103.7407090114
 10
274.2794973971
 20
103.7407090114
 10
275.6641127817
 20
103.7407090114
 10
275.6641127817
 20
103.7407090114
 10
275.6641127817
 20
103.9714782421
 10
275.6641127817
 20
103.9714782421
 10
275.8692409869
 20
103.9714782421
 10
275.8692409869
 20
103.9714782421
 10
275.8692409869
 20
103.7407090114
 10
275.8692409869
 20
103.7407090114
 10
276.3307794484
 20
103.7407090114
 10
276.3307794484
 20
103.7407090114
 10
276.3307794484
 20
103.5612218319
 10
276.3307794484
 20
103.5612218319
 10
275.8692409869
 20
103.5612218319
 10
275.8692409869
 20
103.5612218319
 10
275.8692409869
 20
102.6125038832
 10
275.8692409869
 20
102.6125038832
 10
274.2794973971
 20
103.704250678
  0
LWPOLYLINE
  5
43C
330
1F
100
AcDbEntity
  8
0
  6
Continuous
 62
     7
100
AcDbPolyline
 90
        6
 70
   128
 43
0.0
 10
275.6640911102
 20
103.5612218319
 10
274.7955230381
 20
103.5612218319
 10
274.7955230381
 20
103.5612218319
 10
275.6641127817
 20
102.9650679857
 10
275.6641127817
 20
102.9650679857
 10
275.6641127817
 20
103.5612218319
  0
LWPOLYLINE
  5
43D
330
1F
100
AcDbEntity
  8
0
  6
Continuous
 62
     7
100
AcDbPolyline
 90
      186
 70
   128
 43
0.0
 10
281.8012237549
 20
118.7881882174
 10
282.9909305176
 20
118.3093030823
 10
282.9909305176
 20
118.3093030823
 10
283.0948156527
 20
118.2670733526
 10
283.1902548419
 20
118.2269551093
 10
283.2772480852
 20
118.1897929472
 10
283.3553730852
 20
118.1547422715
 10
283.4250521392
 20
118.1226476769
 10
283.4862852473
 20
118.0926645688
 10
283.5390724095
 20
118.0656375418
 10
283.5829913284
 20
118.0407220012
 10
283.6611163284
 20
117.9896240282
 10
283.7350183554
 20
117.929657812
 10
283.8055420041
 20
117.8612456499
 10
283.8722649771
 20
117.7843875418
 10
283.8722649771
 20
117.7843875418
 10
283.9128055176
 20
117.7277997039
 10
283.9478561933
 20
117.6686780823
 10
283.9774170041
 20
117.6066003796
 10
284.00148795
 20
117.5424111904
 10
284.0204913284
 20
117.4756882174
 10
284.0340048419
 20
117.4064314607
 10
284.0420284906
 20
117.3342186228
 10
284.0445622744
 20
117.2598942985
 10
284.0445622744
 20
117.2598942985
 10
284.0416061933
 20
117.1847253796
 10
284.0323156527
 20
117.1133571363
 10
284.01711295
 20
117.0453672715
 10
283.9955757879
 20
116.9811780823
 10
283.9681264636
 20
116.9203672715
 10
283.9343426798
 20
116.8633571363
 10
283.8946467338
 20
116.8097253796
 10
283.8486163284
 20
116.7598942985
 10
283.7979406527
 20
116.7147084877
 10
283.7434643014
 20
116.6758571363
 10
283.6856095717
 20
116.6429179472
 10
283.6239541663
 20
116.6158909201
 10
283.5584980852
 20
116.5947760553
 10
283.4892413284
 20
116.5795733526
 10
283.4166061933
 20
116.5707051093
 10
283.3401703825
 20
116.5677490282
 10
283.3401703825
 20
116.5677490282
 10
283.2396636257
 20
116.5723942985
 10
283.14211295
 20
116.5867524066
 10
283.0479406527
 20
116.609978758
 10
282.9571467338
 20
116.6433402445
 10
282.869308896
 20
116.6855699742
 10
282.7844271392
 20
116.7375125418
 10
282.7029237609
 20
116.7987456499
 10
282.6247987609
 20
116.8692692985
 10
282.6247987609
 20
116.8692692985
 10
282.5846805176
 20
116.9110767309
 10
282.5466737609
 20
116.9554179472
 10
282.5103561933
 20
117.0022929472
 10
282.4765724095
 20
117.0512794336
 10
282.4444778149
 20
117.1032220012
 10
282.4144947068
 20
117.1572760553
 10
282.3862007879
 20
117.2142861904
 10
282.3604406527
 20
117.273407812
 10
282.3169440311
 20
117.3941848391
 10
282.2856940311
 20
117.5141172715
 10
282.26711295
 20
117.6332051093
 10
282.2607784906
 20
117.7518706499
 10
282.2607784906
 20
117.7518706499
 10
282.2645791663
 20
117.8160598391
 10
282.2764034906
 20
117.8743368661
 10
282.2958291663
 20
117.9254348391
 10
282.3228561933
 20
117.9706206499
 10
282.3553730852
 20
118.0073605147
 10
282.3912683554
 20
118.0335429472
 10
282.4301197068
 20
118.0491679472
 10
282.4723494365
 20
118.0542355147
 10
282.4723494365
 20
118.0542355147
 10
282.4955757879
 20
118.0525463255
 10
282.5179575446
 20
118.0479010553
 10
282.5399170041
 20
118.0402997039
 10
282.561031869
 20
118.0297422715
 10
282.5808798419
 20
118.0158064607
 10
282.6003055176
 20
117.9989145688
 10
282.619308896
 20
117.9790665958
 10
282.6370453825
 20
117.9558402445
 10
282.6370453825
 20
117.9558402445
 10
282.6450690311
 20
117.9427490282
 10
282.6522480852
 20
117.9267017309
 10
282.6590048419
 20
117.9072760553
 10
282.6653393014
 20
117.8844720012
 10
282.6712514636
 20
117.8587118661
 10
282.6763190311
 20
117.8295733526
 10
282.6809643014
 20
117.7970564607
 10
282.6851872744
 20
117.7615834877
 10
282.6851872744
 20
117.7615834877
 10
282.6923663284
 20
117.695282812
 10
282.7020791663
 20
117.6323605147
 10
282.7143257879
 20
117.5723942985
 10
282.7291061933
 20
117.5158064607
 10
282.7459980852
 20
117.4621747039
 10
282.7658460581
 20
117.4114990282
 10
282.7878055176
 20
117.3637794336
 10
282.8122987609
 20
117.3194382174
 10
282.8122987609
 20
117.3194382174
 10
282.8549507879
 20
117.2582051093
 10
282.9043595717
 20
117.2028841634
 10
282.9613697068
 20
117.1530530823
 10
283.025558896
 20
117.1091341634
 10
283.0948156527
 20
117.0732388931
 10
283.1666061933
 20
117.0479010553
 10
283.2409305176
 20
117.0322760553
 10
283.3177886257
 20
117.0272084877
 10
283.3177886257
 20
117.0272084877
 10
283.3566399771
 20
117.0284753796
 10
283.3925352473
 20
117.031853758
 10
283.4263190311
 20
117.0373436228
 10
283.4575690311
 20
117.0453672715
 10
283.4862852473
 20
117.0555024066
 10
283.5128899771
 20
117.0677490282
 10
283.5365386257
 20
117.0825294336
 10
283.5580757879
 20
117.0994213255
 10
283.5935487609
 20
117.1382726769
 10
283.6188865987
 20
117.1821915958
 10
283.6340893014
 20
117.230755785
 10
283.639156869
 20
117.2843875418
 10
283.639156869
 20
117.2843875418
 10
283.6370453825
 20
117.3232388931
 10
283.6302886257
 20
117.3612456499
 10
283.619308896
 20
117.3979855147
 10
283.603683896
 20
117.433880785
 10
283.5834136257
 20
117.4680868661
 10
283.5589203825
 20
117.5014483526
 10
283.5302041663
 20
117.5335429472
 10
283.4968426798
 20
117.5647929472
 10
283.4579913284
 20
117.5956206499
 10
283.4115386257
 20
117.6277152445
 10
283.3583291663
 20
117.6602321363
 10
283.2979406527
 20
117.6940159201
 10
283.2303730852
 20
117.7282220012
 10
283.1560487609
 20
117.7632726769
 10
283.0741230852
 20
117.7995902445
 10
282.9854406527
 20
117.8363301093
 10
282.9854406527
 20
117.8363301093
 10
281.8013190311
 20
118.3266172715
 10
281.8013190311
 20
118.3266172715
 10
281.8013190311
 20
118.0808402445
 10
281.8013190311
 20
118.0808402445
 10
281.7987852473
 20
118.0301645688
 10
281.791183896
 20
117.9862456499
 10
281.7789372744
 20
117.949505785
 10
281.7612007879
 20
117.9191003796
 10
281.7388190311
 20
117.8954517309
 10
281.7113697068
 20
117.8785598391
 10
281.6788528149
 20
117.8684247039
 10
281.6412683554
 20
117.8650463255
 10
281.6412683554
 20
117.8650463255
 10
281.5927041663
 20
117.8696915958
 10
281.5496298419
 20
117.8840497039
 10
281.5120453825
 20
117.9081206499
 10
281.4803730852
 20
117.9414821363
 10
281.4554575446
 20
117.9828672715
 10
281.4372987609
 20
118.0310091634
 10
281.4267413284
 20
118.0854855147
 10
281.4229406527
 20
118.1467186228
 10
281.4229406527
 20
118.1467186228
 10
281.4229406527
 20
119.0656375418
 10
281.4229406527
 20
119.0656375418
 10
281.4229406527
 20
119.1091341634
 10
281.4229406527
 20
119.1091341634
 10
281.4478561933
 20
119.2231544336
 10
281.4478561933
 20
119.2231544336
 10
281.4596805176
 20
119.2468030823
 10
281.4731940311
 20
119.2674956499
 10
281.4879744365
 20
119.2848098391
 10
281.5044440311
 20
119.2991679472
 10
281.5217582203
 20
119.3101476769
 10
281.5407615987
 20
119.3181713255
 10
281.561031869
 20
119.3228165958
 10
281.5829913284
 20
119.324505785
 10
281.5829913284
 20
119.324505785
 10
281.6285994365
 20
119.3190159201
 10
281.670406869
 20
119.3029686228
 10
281.7071467338
 20
119.2759415958
 10
281.740085923
 20
119.2379348391
 10
281.7666906527
 20
119.1906375418
 10
281.7861163284
 20
119.1353165958
 10
281.7975183554
 20
119.0715497039
 10
281.8013190311
 20
118.9997591634
 10
281.8013190311
 20
118.9997591634
 10
281.8013190311
 20
118.7881882174
  0
LWPOLYLINE
  5
43E
330
1F
100
AcDbEntity
  8
0
  6
Continuous
 62
     7
100
AcDbPolyline
 90
      251
 70
   128
 43
0.0
 10
282.5865745544
 20
114.5880192985
 10
283.2751365987
 20
114.8785598391
 10
283.2751365987
 20
114.8785598391
 10
283.3034305176
 20
114.891228758
 10
283.3279237609
 20
114.9034753796
 10
283.3486163284
 20
114.9161442985
 10
283.3659305176
 20
114.9288132174
 10
283.3790217338
 20
114.9410598391
 10
283.3883122744
 20
114.953728758
 10
283.3942244365
 20
114.9659753796
 10
283.3959136257
 20
114.9786442985
 10
283.3959136257
 20
114.9786442985
 10
283.3959136257
 20
115.0343875418
 10
283.3959136257
 20
115.0343875418
 10
283.3959136257
 20
115.6192692985
 10
283.3959136257
 20
115.6192692985
 10
283.3984474095
 20
115.6800801093
 10
283.4056264636
 20
115.7328672715
 10
283.4174507879
 20
115.7772084877
 10
283.4347649771
 20
115.8139483526
 10
283.4563021392
 20
115.8422422715
 10
283.482906869
 20
115.8625125418
 10
283.514156869
 20
115.8743368661
 10
283.5504744365
 20
115.8785598391
 10
283.5504744365
 20
115.8785598391
 10
283.5977717338
 20
115.8730699742
 10
283.6404237609
 20
115.8574449742
 10
283.6784305176
 20
115.8304179472
 10
283.7117920041
 20
115.793255785
 10
283.7392413284
 20
115.746380785
 10
283.7586670041
 20
115.6906375418
 10
283.7704913284
 20
115.6264483526
 10
283.7742920041
 20
115.5533909201
 10
283.7742920041
 20
115.5533909201
 10
283.7742920041
 20
114.9085429472
 10
283.7742920041
 20
114.9085429472
 10
283.7700690311
 20
114.840130785
 10
283.7574001122
 20
114.7772084877
 10
283.7362852473
 20
114.7197760553
 10
283.7071467338
 20
114.6678334877
 10
283.6691399771
 20
114.621380785
 10
283.6226872744
 20
114.5799956499
 10
283.568210923
 20
114.5445226769
 10
283.5048663284
 20
114.5141172715
 10
283.5048663284
 20
114.5141172715
 10
282.5441399771
 20
114.1479855147
 10
282.5441399771
 20
114.1479855147
 10
282.9930420041
 20
113.9968030823
 10
282.9930420041
 20
113.9968030823
 10
283.0711670041
 20
113.965130785
 10
283.1429575446
 20
113.9355699742
 10
283.2084136257
 20
113.9085429472
 10
283.26711295
 20
113.8840497039
 10
283.3194778149
 20
113.8612456499
 10
283.3655082203
 20
113.8409753796
 10
283.4052041663
 20
113.8232388931
 10
283.4381433554
 20
113.8076138931
 10
283.4976872744
 20
113.7772084877
 10
283.5559643014
 20
113.7438470012
 10
283.6133967338
 20
113.7071071363
 10
283.6699845717
 20
113.6669888931
 10
283.6699845717
 20
113.6669888931
 10
283.7151703825
 20
113.6319382174
 10
283.7578224095
 20
113.5951983526
 10
283.7970960581
 20
113.5576138931
 10
283.833835923
 20
113.5183402445
 10
283.8676197068
 20
113.4782220012
 10
283.8984474095
 20
113.4364145688
 10
283.9258967338
 20
113.3933402445
 10
283.9508122744
 20
113.3494213255
 10
283.9727717338
 20
113.3038132174
 10
283.9917751122
 20
113.2569382174
 10
284.0078224095
 20
113.2087963255
 10
284.021335923
 20
113.1589652445
 10
284.0314710581
 20
113.1082895688
 10
284.0386501122
 20
113.0563470012
 10
284.0432953825
 20
113.0027152445
 10
284.0445622744
 20
112.9482388931
 10
284.0445622744
 20
112.9482388931
 10
284.0416061933
 20
112.8730699742
 10
284.0323156527
 20
112.8017017309
 10
284.01711295
 20
112.7337118661
 10
283.9959980852
 20
112.6695226769
 10
283.9685487609
 20
112.6087118661
 10
283.9347649771
 20
112.5517017309
 10
283.8950690311
 20
112.4984922715
 10
283.849460923
 20
112.4486611904
 10
283.7987852473
 20
112.4038976769
 10
283.744308896
 20
112.3646240282
 10
283.6864541663
 20
112.3316848391
 10
283.6247987609
 20
112.3050801093
 10
283.5589203825
 20
112.2839652445
 10
283.4896636257
 20
112.2687625418
 10
283.4170284906
 20
112.2598942985
 10
283.3401703825
 20
112.2569382174
 10
283.3401703825
 20
112.2569382174
 10
283.2405082203
 20
112.2615834877
 10
283.1433798419
 20
112.2755192985
 10
283.0496298419
 20
112.2991679472
 10
282.958835923
 20
112.3321071363
 10
282.8709980852
 20
112.3739145688
 10
282.7865386257
 20
112.4254348391
 10
282.70461295
 20
112.4866679472
 10
282.6260656527
 20
112.5567692985
 10
282.6260656527
 20
112.5567692985
 10
282.5859474095
 20
112.5985767309
 10
282.5479406527
 20
112.6429179472
 10
282.5116230852
 20
112.6897929472
 10
282.4774170041
 20
112.7392017309
 10
282.4453224095
 20
112.7907220012
 10
282.4153393014
 20
112.8451983526
 10
282.3870453825
 20
112.9017861904
 10
282.36086295
 20
112.960907812
 10
282.3169440311
 20
113.0816848391
 10
282.2856940311
 20
113.2020395688
 10
282.26711295
 20
113.3215497039
 10
282.2607784906
 20
113.4410598391
 10
282.2607784906
 20
113.4410598391
 10
282.2645791663
 20
113.5052490282
 10
282.2764034906
 20
113.5635260553
 10
282.2958291663
 20
113.6146240282
 10
282.3228561933
 20
113.6598098391
 10
282.3553730852
 20
113.6965497039
 10
282.3912683554
 20
113.7227321363
 10
282.4301197068
 20
113.7383571363
 10
282.4723494365
 20
113.7434247039
 10
282.4723494365
 20
113.7434247039
 10
282.4955757879
 20
113.7417355147
 10
282.5179575446
 20
113.7370902445
 10
282.5399170041
 20
113.7294888931
 10
282.561031869
 20
113.7189314607
 10
282.5808798419
 20
113.7049956499
 10
282.6003055176
 20
113.6876814607
 10
282.619308896
 20
113.6678334877
 10
282.6370453825
 20
113.6446071363
 10
282.6370453825
 20
113.6446071363
 10
282.6450690311
 20
113.6315159201
 10
282.6522480852
 20
113.6150463255
 10
282.6594271392
 20
113.5951983526
 10
282.6657615987
 20
113.5728165958
 10
282.6712514636
 20
113.5470564607
 10
282.6763190311
 20
113.5179179472
 10
282.6809643014
 20
113.4858233526
 10
282.6851872744
 20
113.4507726769
 10
282.6851872744
 20
113.4507726769
 10
282.6923663284
 20
113.3844720012
 10
282.7020791663
 20
113.3215497039
 10
282.7143257879
 20
113.2615834877
 10
282.7291061933
 20
113.2049956499
 10
282.7459980852
 20
113.1513638931
 10
282.7658460581
 20
113.1006882174
 10
282.7878055176
 20
113.0529686228
 10
282.8122987609
 20
113.0086274066
 10
282.8122987609
 20
113.0086274066
 10
282.8549507879
 20
112.9473942985
 10
282.9043595717
 20
112.8920733526
 10
282.9613697068
 20
112.8422422715
 10
283.025558896
 20
112.7983233526
 10
283.0948156527
 20
112.7624280823
 10
283.1657615987
 20
112.7370902445
 10
283.2392413284
 20
112.7214652445
 10
283.3148325446
 20
112.7163976769
 10
283.3148325446
 20
112.7163976769
 10
283.353683896
 20
112.7176645688
 10
283.3904237609
 20
112.7206206499
 10
283.4242075446
 20
112.7261105147
 10
283.4558798419
 20
112.7341341634
 10
283.4850183554
 20
112.7438470012
 10
283.5116230852
 20
112.7560936228
 10
283.5356940311
 20
112.7704517309
 10
283.5572311933
 20
112.7869213255
 10
283.5931264636
 20
112.8249280823
 10
283.6188865987
 20
112.867157812
 10
283.6340893014
 20
112.9144551093
 10
283.639156869
 20
112.9663976769
 10
283.639156869
 20
112.9663976769
 10
283.6370453825
 20
113.0060936228
 10
283.6302886257
 20
113.0445226769
 10
283.619308896
 20
113.0816848391
 10
283.6041061933
 20
113.1180024066
 10
283.5842582203
 20
113.152630785
 10
283.5597649771
 20
113.1859922715
 10
283.5310487609
 20
113.2185091634
 10
283.4981095717
 20
113.2493368661
 10
283.4592582203
 20
113.2801645688
 10
283.4132278149
 20
113.3118368661
 10
283.3600183554
 20
113.3447760553
 10
283.2996298419
 20
113.3781375418
 10
283.2316399771
 20
113.4127659201
 10
283.1568933554
 20
113.4478165958
 10
283.0745453825
 20
113.4841341634
 10
282.9854406527
 20
113.5212963255
 10
282.9854406527
 20
113.5212963255
 10
281.8013190311
 20
114.0115834877
 10
281.8013190311
 20
114.0115834877
 10
281.8013190311
 20
113.8946071363
 10
281.8013190311
 20
113.8946071363
 10
281.7987852473
 20
113.840130785
 10
281.7916061933
 20
113.7928334877
 10
281.7793595717
 20
113.7531375418
 10
281.7624676798
 20
113.7206206499
 10
281.7405082203
 20
113.6948605147
 10
281.7134811933
 20
113.6767017309
 10
281.681808896
 20
113.6661442985
 10
281.6454913284
 20
113.6623436228
 10
281.6454913284
 20
113.6623436228
 10
281.5948156527
 20
113.6674111904
 10
281.5504744365
 20
113.6821915958
 10
281.5124676798
 20
113.7071071363
 10
281.4803730852
 20
113.7417355147
 10
281.4554575446
 20
113.7852321363
 10
281.4372987609
 20
113.835907812
 10
281.4267413284
 20
113.8937625418
 10
281.4229406527
 20
113.9587963255
 10
281.4229406527
 20
113.9587963255
 10
281.4229406527
 20
114.4233233526
 10
281.4229406527
 20
114.4233233526
 10
281.4246298419
 20
114.5128503796
 10
281.4288528149
 20
114.5909753796
 10
281.4364541663
 20
114.656853758
 10
281.4470115987
 20
114.7113301093
 10
281.4617920041
 20
114.7586274066
 10
281.4820622744
 20
114.8038132174
 10
281.5069778149
 20
114.8464652445
 10
281.5373832203
 20
114.8865834877
 10
281.5373832203
 20
114.8865834877
 10
281.5770791663
 20
114.9292355147
 10
281.6197311933
 20
114.9659753796
 10
281.6653393014
 20
114.9968030823
 10
281.7143257879
 20
115.0225632174
 10
281.7662683554
 20
115.0424111904
 10
281.8211670041
 20
115.0563470012
 10
281.8790217338
 20
115.0647929472
 10
281.9402548419
 20
115.0677490282
 10
281.9402548419
 20
115.0677490282
 10
281.9959980852
 20
115.0656375418
 10
282.0508967338
 20
115.0593030823
 10
282.103683896
 20
115.0483233526
 10
282.1556264636
 20
115.0331206499
 10
282.2058798419
 20
115.0136949742
 10
282.2552886257
 20
114.9900463255
 10
282.302585923
 20
114.9621747039
 10
282.3490386257
 20
114.929657812
 10
282.3925352473
 20
114.8941848391
 10
282.4322311933
 20
114.8566003796
 10
282.4681264636
 20
114.8169044336
 10
282.4997987609
 20
114.7755192985
 10
282.5272480852
 20
114.7316003796
 10
282.5513190311
 20
114.6859922715
 10
282.5711670041
 20
114.6378503796
 10
282.5867920041
 20
114.5880192985
  0
LWPOLYLINE
  5
43F
330
1F
100
AcDbEntity
  8
0
  6
Continuous
 62
     7
100
AcDbPolyline
 90
       29
 70
   128
 43
0.0
 10
282.2799682617
 20
114.2729855147
 10
282.2776703825
 20
114.2560936228
 10
282.2776703825
 20
114.2560936228
 10
282.2704913284
 20
114.3249280823
 10
282.2586670041
 20
114.3840497039
 10
282.2417751122
 20
114.4334584877
 10
282.2198156527
 20
114.4731544336
 10
282.2198156527
 20
114.4731544336
 10
282.1957447068
 20
114.5048267309
 10
282.1695622744
 20
114.5322760553
 10
282.1412683554
 20
114.5555024066
 10
282.11086295
 20
114.574505785
 10
282.0787683554
 20
114.5892861904
 10
282.0445622744
 20
114.5998436228
 10
282.0082447068
 20
114.6061780823
 10
281.97023795
 20
114.6082895688
 10
281.97023795
 20
114.6082895688
 10
281.9305420041
 20
114.6061780823
 10
281.896335923
 20
114.5989990282
 10
281.8671974095
 20
114.5875970012
 10
281.8435487609
 20
114.5715497039
 10
281.8249676798
 20
114.5508571363
 10
281.8118764636
 20
114.5259415958
 10
281.8038528149
 20
114.4959584877
 10
281.8013190311
 20
114.4617524066
 10
281.8013190311
 20
114.4617524066
 10
281.8013190311
 20
114.4761105147
 10
281.8013190311
 20
114.4761105147
 10
282.2802041663
 20
114.2729855147
  0
LWPOLYLINE
  5
440
330
1F
100
AcDbEntity
  8
0
  6
Continuous
 62
     7
100
AcDbPolyline
 90
      185
 70
   128
 43
0.0
 10
282.4227809906
 20
108.406853758
 10
282.4229406527
 20
108.3637794336
 10
282.4229406527
 20
108.3637794336
 10
282.420406869
 20
108.3101476769
 10
282.4132278149
 20
108.2636949742
 10
282.4009811933
 20
108.2244213255
 10
282.3840893014
 20
108.1923267309
 10
282.3621298419
 20
108.1674111904
 10
282.3351028149
 20
108.1496747039
 10
282.3034305176
 20
108.1386949742
 10
282.26711295
 20
108.1353165958
 10
282.26711295
 20
108.1353165958
 10
282.2168595717
 20
108.1403841634
 10
282.1729406527
 20
108.1551645688
 10
282.1345115987
 20
108.179657812
 10
282.1024170041
 20
108.2138638931
 10
282.0770791663
 20
108.2569382174
 10
282.0589203825
 20
108.3067692985
 10
282.04836295
 20
108.3642017309
 10
282.0445622744
 20
108.4283909201
 10
282.0445622744
 20
108.4283909201
 10
282.0445622744
 20
108.6104010553
 10
282.0445622744
 20
108.6104010553
 10
282.0027548419
 20
108.6408064607
 10
282.0027548419
 20
108.6408064607
 10
281.9292751122
 20
108.6961274066
 10
281.8604406527
 20
108.7514483526
 10
281.7966737609
 20
108.8067692985
 10
281.7371298419
 20
108.8625125418
 10
281.6826534906
 20
108.9178334877
 10
281.6328224095
 20
108.9735767309
 10
281.588058896
 20
109.0293199742
 10
281.5475183554
 20
109.0850632174
 10
281.5120453825
 20
109.141228758
 10
281.4812176798
 20
109.1969720012
 10
281.4550352473
 20
109.2531375418
 10
281.4339203825
 20
109.308880785
 10
281.4174507879
 20
109.3650463255
 10
281.4052041663
 20
109.4212118661
 10
281.3984474095
 20
109.4777997039
 10
281.3959136257
 20
109.5339652445
 10
281.3959136257
 20
109.5339652445
 10
281.3980251122
 20
109.5939314607
 10
281.4043595717
 20
109.6505192985
 10
281.4153393014
 20
109.7045733526
 10
281.4301197068
 20
109.7556713255
 10
281.4495453825
 20
109.8033909201
 10
281.4727717338
 20
109.8485767309
 10
281.5006433554
 20
109.8908064607
 10
281.53273795
 20
109.9300801093
 10
281.5677886257
 20
109.9655530823
 10
281.6049507879
 20
109.996380785
 10
281.6442244365
 20
110.0221409201
 10
281.6851872744
 20
110.0436780823
 10
281.7282615987
 20
110.0601476769
 10
281.7734474095
 20
110.0719720012
 10
281.8203224095
 20
110.078728758
 10
281.869308896
 20
110.0812625418
 10
281.869308896
 20
110.0812625418
 10
281.9385656527
 20
110.0766172715
 10
282.0040217338
 20
110.063103758
 10
282.0660994365
 20
110.0407220012
 10
282.1243764636
 20
110.0090497039
 10
282.1788528149
 20
109.9685091634
 10
282.2295284906
 20
109.9186780823
 10
282.2764034906
 20
109.859978758
 10
282.3199001122
 20
109.7924111904
 10
282.3199001122
 20
109.7924111904
 10
282.3439710581
 20
109.7446915958
 10
282.365085923
 20
109.6910598391
 10
282.3828224095
 20
109.6315159201
 10
282.3971805176
 20
109.5660598391
 10
282.4085825446
 20
109.4946915958
 10
282.4166061933
 20
109.4174111904
 10
282.4212514636
 20
109.3342186228
 10
282.4229406527
 20
109.2451138931
 10
282.4229406527
 20
109.2451138931
 10
282.4229406527
 20
108.8650463255
 10
282.4229406527
 20
108.8650463255
 10
282.5120453825
 20
108.8207051093
 10
282.5986163284
 20
108.7822760553
 10
282.6822311933
 20
108.7497591634
 10
282.7633122744
 20
108.7231544336
 10
282.8414372744
 20
108.7024618661
 10
282.9166061933
 20
108.6876814607
 10
282.9892413284
 20
108.6788132174
 10
283.0589203825
 20
108.6758571363
 10
283.0589203825
 20
108.6758571363
 10
283.1298663284
 20
108.6800801093
 10
283.1923663284
 20
108.6931713255
 10
283.2451534906
 20
108.7147084877
 10
283.2894947068
 20
108.7451138931
 10
283.3241230852
 20
108.781853758
 10
283.3490386257
 20
108.8223942985
 10
283.3638190311
 20
108.8667355147
 10
283.3688865987
 20
108.9148774066
 10
283.3688865987
 20
108.9148774066
 10
283.3655082203
 20
108.9579517309
 10
283.3557953825
 20
109.0010260553
 10
283.3389034906
 20
109.0441003796
 10
283.3156771392
 20
109.0871747039
 10
283.2861163284
 20
109.1306713255
 10
283.2493764636
 20
109.1741679472
 10
283.2063021392
 20
109.2176645688
 10
283.1564710581
 20
109.2615834877
 10
283.1015724095
 20
109.3038132174
 10
283.0432953825
 20
109.3435091634
 10
282.9816399771
 20
109.3802490282
 10
282.916183896
 20
109.4144551093
 10
282.8473494365
 20
109.4457051093
 10
282.7751365987
 20
109.4739990282
 10
282.6991230852
 20
109.4993368661
 10
282.6197311933
 20
109.5221409201
 10
282.6197311933
 20
109.5221409201
 10
282.5352717338
 20
109.5445226769
 10
282.5352717338
 20
109.5445226769
 10
282.490085923
 20
109.558880785
 10
282.4508122744
 20
109.5766172715
 10
282.4174507879
 20
109.5977321363
 10
282.3904237609
 20
109.6222253796
 10
282.3688865987
 20
109.6500970012
 10
282.3541061933
 20
109.6809247039
 10
282.3448156527
 20
109.7155530823
 10
282.3418595717
 20
109.7531375418
 10
282.3418595717
 20
109.7531375418
 10
282.3460825446
 20
109.8033909201
 10
282.3587514636
 20
109.8473098391
 10
282.3798663284
 20
109.8853165958
 10
282.4094271392
 20
109.9165665958
 10
282.4444778149
 20
109.9414821363
 10
282.4824845717
 20
109.9592186228
 10
282.5230251122
 20
109.9697760553
 10
282.5665217338
 20
109.9731544336
 10
282.5665217338
 20
109.9731544336
 10
282.6378899771
 20
109.969353758
 10
282.7126365987
 20
109.9579517309
 10
282.7907615987
 20
109.9389483526
 10
282.8726872744
 20
109.9123436228
 10
282.9579913284
 20
109.8781375418
 10
283.0466737609
 20
109.8363301093
 10
283.139156869
 20
109.7869213255
 10
283.2350183554
 20
109.7299111904
 10
283.2350183554
 20
109.7299111904
 10
283.3004744365
 20
109.6872591634
 10
283.3612852473
 20
109.6433402445
 10
283.4182953825
 20
109.5985767309
 10
283.4710825446
 20
109.5521240282
 10
283.5192244365
 20
109.5044044336
 10
283.5635656527
 20
109.4554179472
 10
283.603683896
 20
109.4051645688
 10
283.6395791663
 20
109.3536442985
 10
283.6712514636
 20
109.3008571363
 10
283.6982784906
 20
109.2468030823
 10
283.7215048419
 20
109.1910598391
 10
283.7405082203
 20
109.1344720012
 10
283.7552886257
 20
109.0766172715
 10
283.7658460581
 20
109.0174956499
 10
283.7721805176
 20
108.9566848391
 10
283.7742920041
 20
108.8950294336
 10
283.7742920041
 20
108.8950294336
 10
283.771335923
 20
108.8219720012
 10
283.7616230852
 20
108.7527152445
 10
283.7459980852
 20
108.6864145688
 10
283.7240386257
 20
108.6234922715
 10
283.6957447068
 20
108.5643706499
 10
283.6611163284
 20
108.5082051093
 10
283.6205757879
 20
108.4558402445
 10
283.5732784906
 20
108.4064314607
 10
283.521335923
 20
108.3620902445
 10
283.4660149771
 20
108.3232388931
 10
283.4068933554
 20
108.2907220012
 10
283.3443933554
 20
108.2641172715
 10
283.2785149771
 20
108.2430024066
 10
283.208835923
 20
108.2282220012
 10
283.1357784906
 20
108.219353758
 10
283.0589203825
 20
108.2163976769
 10
283.0589203825
 20
108.2163976769
 10
282.9850183554
 20
108.219353758
 10
282.9094271392
 20
108.2282220012
 10
282.8321467338
 20
108.2430024066
 10
282.7535994365
 20
108.2641172715
 10
282.67336295
 20
108.2907220012
 10
282.5914372744
 20
108.3236611904
 10
282.5078224095
 20
108.3620902445
 10
282.4229406527
 20
108.406853758
  0
LWPOLYLINE
  5
441
330
1F
100
AcDbEntity
  8
0
  6
Continuous
 62
     7
100
AcDbPolyline
 90
       29
 70
   128
 43
0.0
 10
282.0444107056
 20
109.0977321363
 10
282.0445622744
 20
109.3164821363
 10
282.0445622744
 20
109.3164821363
 10
282.0420284906
 20
109.3878503796
 10
282.0344271392
 20
109.4499280823
 10
282.021335923
 20
109.5027152445
 10
282.0031771392
 20
109.5453672715
 10
281.9799507879
 20
109.578728758
 10
281.951656869
 20
109.6027997039
 10
281.9182953825
 20
109.617157812
 10
281.8794440311
 20
109.6218030823
 10
281.8794440311
 20
109.6218030823
 10
281.8583291663
 20
109.6196915958
 10
281.8389034906
 20
109.6129348391
 10
281.8207447068
 20
109.601532812
 10
281.8046974095
 20
109.5854855147
 10
281.7916061933
 20
109.5660598391
 10
281.7818933554
 20
109.5441003796
 10
281.7764034906
 20
109.5191848391
 10
281.7742920041
 20
109.4917355147
 10
281.7742920041
 20
109.4917355147
 10
281.7793595717
 20
109.449505785
 10
281.7937176798
 20
109.4038976769
 10
281.818210923
 20
109.3544888931
 10
281.8524170041
 20
109.3021240282
 10
281.8938021392
 20
109.2489145688
 10
281.9394102473
 20
109.1969720012
 10
281.9896636257
 20
109.1467186228
 10
282.0445622744
 20
109.0977321363
  0
LWPOLYLINE
  5
442
330
1F
100
AcDbEntity
  8
0
  6
Continuous
 62
     7
100
AcDbPolyline
 90
      195
 70
   128
 43
0.0
 10
282.4227809906
 20
105.594353758
 10
282.9875521392
 20
105.3680024066
 10
282.9875521392
 20
105.3680024066
 10
283.0901703825
 20
105.3261949742
 10
283.1843426798
 20
105.2869213255
 10
283.2704913284
 20
105.2497591634
 10
283.3481940311
 20
105.215130785
 10
283.4178730852
 20
105.1830361904
 10
283.4795284906
 20
105.1530530823
 10
283.53273795
 20
105.125603758
 10
283.5779237609
 20
105.1002659201
 10
283.6581602473
 20
105.0483233526
 10
283.7337514636
 20
104.9883571363
 10
283.8051197068
 20
104.9195226769
 10
283.8718426798
 20
104.8426645688
 10
283.8718426798
 20
104.8426645688
 10
283.9123832203
 20
104.7869213255
 10
283.947433896
 20
104.7286442985
 10
283.9769947068
 20
104.6674111904
 10
284.00148795
 20
104.6036442985
 10
284.0200690311
 20
104.5369213255
 10
284.0335825446
 20
104.4676645688
 10
284.0420284906
 20
104.3958740282
 10
284.0445622744
 20
104.3211274066
 10
284.0445622744
 20
104.3211274066
 10
284.0416061933
 20
104.2468030823
 10
284.0323156527
 20
104.1758571363
 10
284.01711295
 20
104.1087118661
 10
283.9959980852
 20
104.0449449742
 10
283.9685487609
 20
103.9845564607
 10
283.9347649771
 20
103.9279686228
 10
283.8950690311
 20
103.8751814607
 10
283.849460923
 20
103.8257726769
 10
283.7987852473
 20
103.7810091634
 10
283.7447311933
 20
103.7425801093
 10
283.6872987609
 20
103.7096409201
 10
283.6260656527
 20
103.6830361904
 10
283.561031869
 20
103.6619213255
 10
283.4926197068
 20
103.6471409201
 10
283.420406869
 20
103.6382726769
 10
283.3448156527
 20
103.6353165958
 10
283.3448156527
 20
103.6353165958
 10
283.2438865987
 20
103.6399618661
 10
283.1459136257
 20
103.6538976769
 10
283.0517413284
 20
103.6775463255
 10
282.9605251122
 20
103.7104855147
 10
282.8722649771
 20
103.7522929472
 10
282.7873832203
 20
103.8038132174
 10
282.7058798419
 20
103.8650463255
 10
282.6277548419
 20
103.9351476769
 10
282.6277548419
 20
103.9351476769
 10
282.5872143014
 20
103.9769551093
 10
282.5487852473
 20
104.0212963255
 10
282.5120453825
 20
104.0681713255
 10
282.4778393014
 20
104.1175801093
 10
282.4453224095
 20
104.1691003796
 10
282.4153393014
 20
104.2235767309
 10
282.3870453825
 20
104.2801645688
 10
282.36086295
 20
104.3392861904
 10
282.3169440311
 20
104.4600632174
 10
282.2856940311
 20
104.5804179472
 10
282.26711295
 20
104.6999280823
 10
282.2607784906
 20
104.8194382174
 10
282.2607784906
 20
104.8194382174
 10
282.2645791663
 20
104.8844720012
 10
282.2764034906
 20
104.9427490282
 10
282.2958291663
 20
104.9942692985
 10
282.3228561933
 20
105.039032812
 10
282.3553730852
 20
105.0753503796
 10
282.3916906527
 20
105.1011105147
 10
282.4309643014
 20
105.1167355147
 10
282.4736163284
 20
105.1218030823
 10
282.4736163284
 20
105.1218030823
 10
282.4968426798
 20
105.1201138931
 10
282.5188021392
 20
105.1154686228
 10
282.5403393014
 20
105.1078672715
 10
282.5614541663
 20
105.0973098391
 10
282.5813021392
 20
105.0833740282
 10
282.6007278149
 20
105.0660598391
 10
282.619308896
 20
105.0462118661
 10
282.6370453825
 20
105.0229855147
 10
282.6370453825
 20
105.0229855147
 10
282.6530926798
 20
104.9930024066
 10
282.666183896
 20
104.9511949742
 10
282.6771636257
 20
104.8967186228
 10
282.6851872744
 20
104.8299956499
 10
282.6851872744
 20
104.8299956499
 10
282.6923663284
 20
104.7645395688
 10
282.7020791663
 20
104.7020395688
 10
282.7143257879
 20
104.6424956499
 10
282.7291061933
 20
104.5854855147
 10
282.7464203825
 20
104.531853758
 10
282.7658460581
 20
104.480755785
 10
282.7882278149
 20
104.4321915958
 10
282.8127210581
 20
104.387005785
 10
282.8127210581
 20
104.387005785
 10
282.8545284906
 20
104.3257726769
 10
282.9039372744
 20
104.2704517309
 10
282.9605251122
 20
104.2206206499
 10
283.0247143014
 20
104.1767017309
 10
283.0939710581
 20
104.1408064607
 10
283.166183896
 20
104.1154686228
 10
283.2405082203
 20
104.0998436228
 10
283.3177886257
 20
104.0947760553
 10
283.3177886257
 20
104.0947760553
 10
283.3562176798
 20
104.0960429472
 10
283.39211295
 20
104.0994213255
 10
283.4254744365
 20
104.1049111904
 10
283.4567244365
 20
104.1125125418
 10
283.4854406527
 20
104.1226476769
 10
283.5116230852
 20
104.1348942985
 10
283.5356940311
 20
104.1492524066
 10
283.5572311933
 20
104.1657220012
 10
283.5931264636
 20
104.2033064607
 10
283.6188865987
 20
104.2455361904
 10
283.6340893014
 20
104.2919888931
 10
283.639156869
 20
104.3426645688
 10
283.639156869
 20
104.3426645688
 10
283.6370453825
 20
104.3823605147
 10
283.6302886257
 20
104.4207895688
 10
283.619308896
 20
104.4579517309
 10
283.6041061933
 20
104.4938470012
 10
283.5842582203
 20
104.5284753796
 10
283.5601872744
 20
104.5618368661
 10
283.5314710581
 20
104.5939314607
 10
283.498531869
 20
104.6247591634
 10
283.4596805176
 20
104.6555868661
 10
283.4136501122
 20
104.6872591634
 10
283.3604406527
 20
104.7197760553
 10
283.3000521392
 20
104.7531375418
 10
283.2320622744
 20
104.7877659201
 10
283.1573156527
 20
104.8228165958
 10
283.0749676798
 20
104.8591341634
 10
282.9854406527
 20
104.8962963255
 10
282.9854406527
 20
104.8962963255
 10
281.8013190311
 20
105.3886949742
 10
281.8013190311
 20
105.3886949742
 10
281.8013190311
 20
105.2632726769
 10
281.8013190311
 20
105.2632726769
 10
281.7987852473
 20
105.210907812
 10
281.7916061933
 20
105.1657220012
 10
281.7793595717
 20
105.1277152445
 10
281.7620453825
 20
105.0964652445
 10
281.740085923
 20
105.0719720012
 10
281.713058896
 20
105.054657812
 10
281.6809643014
 20
105.0441003796
 10
281.6442244365
 20
105.0407220012
 10
281.6442244365
 20
105.0407220012
 10
281.5943933554
 20
105.0453672715
 10
281.5504744365
 20
105.0601476769
 10
281.5124676798
 20
105.0842186228
 10
281.4803730852
 20
105.1180024066
 10
281.4554575446
 20
105.1602321363
 10
281.4372987609
 20
105.2096409201
 10
281.4267413284
 20
105.2658064607
 10
281.4229406527
 20
105.328728758
 10
281.4229406527
 20
105.328728758
 10
281.4229406527
 20
105.8616679472
 10
281.4229406527
 20
105.8616679472
 10
281.4246298419
 20
105.9334584877
 10
281.4301197068
 20
106.000603758
 10
281.4385656527
 20
106.0626814607
 10
281.4508122744
 20
106.1201138931
 10
281.4664372744
 20
106.1729010553
 10
281.48586295
 20
106.2206206499
 10
281.5082447068
 20
106.2636949742
 10
281.5344271392
 20
106.3021240282
 10
281.56398795
 20
106.335907812
 10
281.5969271392
 20
106.3650463255
 10
281.6328224095
 20
106.3899618661
 10
281.6720960581
 20
106.4102321363
 10
281.7143257879
 20
106.4258571363
 10
281.759933896
 20
106.4372591634
 10
281.8084980852
 20
106.4440159201
 10
281.8604406527
 20
106.4461274066
 10
281.8604406527
 20
106.4461274066
 10
281.9242075446
 20
106.4427490282
 10
281.9854406527
 20
106.4321915958
 10
282.0441399771
 20
106.4152997039
 10
282.1003055176
 20
106.391228758
 10
282.1539372744
 20
106.359978758
 10
282.20461295
 20
106.3219720012
 10
282.2531771392
 20
106.2772084877
 10
282.2992075446
 20
106.2256882174
 10
282.2992075446
 20
106.2256882174
 10
282.3283460581
 20
106.1847253796
 10
282.3532615987
 20
106.1382726769
 10
282.3747987609
 20
106.0863301093
 10
282.39211295
 20
106.0284753796
 10
282.4056264636
 20
105.9655530823
 10
282.4153393014
 20
105.8967186228
 10
282.4208291663
 20
105.8228165958
 10
282.4229406527
 20
105.7430024066
 10
282.4229406527
 20
105.7430024066
 10
282.4229406527
 20
105.594353758
  0
LWPOLYLINE
  5
443
330
1F
100
AcDbEntity
  8
0
  6
Continuous
 62
     7
100
AcDbPolyline
 90
       24
 70
   128
 43
0.0
 10
282.0444107056
 20
105.7408909201
 10
282.0445622744
 20
105.8004348391
 10
282.0445622744
 20
105.8004348391
 10
282.0420284906
 20
105.8439314607
 10
282.0344271392
 20
105.8819382174
 10
282.0217582203
 20
105.914032812
 10
282.0040217338
 20
105.9402152445
 10
281.9812176798
 20
105.9604855147
 10
281.9529237609
 20
105.9748436228
 10
281.9199845717
 20
105.9837118661
 10
281.8819778149
 20
105.9866679472
 10
281.8819778149
 20
105.9866679472
 10
281.8629744365
 20
105.9854010553
 10
281.8465048419
 20
105.9811780823
 10
281.8329913284
 20
105.9739990282
 10
281.8215893014
 20
105.9642861904
 10
281.8127210581
 20
105.9516172715
 10
281.8063865987
 20
105.9359922715
 10
281.802585923
 20
105.9178334877
 10
281.8013190311
 20
105.8967186228
 10
281.8013190311
 20
105.8967186228
 10
281.8013190311
 20
105.8460429472
 10
281.8013190311
 20
105.8460429472
 10
282.0445622744
 20
105.7408909201
  0
LWPOLYLINE
  5
444
330
1F
100
AcDbEntity
  8
0
  6
Continuous
 62
     7
100
AcDbPolyline
 90
      223
 70
   128
 43
0.0
 10
282.4227809906
 20
100.7907220012
 10
282.5416061933
 20
100.9085429472
 10
282.5416061933
 20
100.9085429472
 10
282.6315555176
 20
100.9841341634
 10
282.6315555176
 20
100.9841341634
 10
282.7020791663
 20
101.0386105147
 10
282.7734474095
 20
101.085907812
 10
282.84523795
 20
101.125603758
 10
282.9174507879
 20
101.1585429472
 10
282.9905082203
 20
101.183880785
 10
283.06398795
 20
101.2020395688
 10
283.1378899771
 20
101.2125970012
 10
283.2122143014
 20
101.2163976769
 10
283.2122143014
 20
101.2163976769
 10
283.2844271392
 20
101.2130192985
 10
283.3545284906
 20
101.203728758
 10
283.4229406527
 20
101.1876814607
 10
283.4896636257
 20
101.1652997039
 10
283.5542751122
 20
101.1365834877
 10
283.6167751122
 20
101.1011105147
 10
283.677585923
 20
101.0597253796
 10
283.7367075446
 20
101.0115834877
 10
283.7367075446
 20
101.0115834877
 10
283.8089203825
 20
100.9414821363
 10
283.8714203825
 20
100.8654686228
 10
283.9242075446
 20
100.7839652445
 10
283.9677041663
 20
100.6961274066
 10
284.0010656527
 20
100.6027997039
 10
284.0251365987
 20
100.5031375418
 10
284.0399170041
 20
100.3979855147
 10
284.0445622744
 20
100.2869213255
 10
284.0445622744
 20
100.2869213255
 10
284.041183896
 20
100.2041510553
 10
284.0314710581
 20
100.1251814607
 10
284.0154237609
 20
100.0500125418
 10
283.9926197068
 20
99.9786442985
 10
283.9634811933
 20
99.9110767309
 10
283.927585923
 20
99.8468875418
 10
283.8853561933
 20
99.7869213255
 10
283.8367920041
 20
99.730755785
 10
283.7831602473
 20
99.6800801093
 10
283.7257278149
 20
99.6357388931
 10
283.6644947068
 20
99.5985767309
 10
283.5998832203
 20
99.5681713255
 10
283.5314710581
 20
99.5441003796
 10
283.4592582203
 20
99.5272084877
 10
283.3836670041
 20
99.5170733526
 10
283.3042751122
 20
99.5136949742
 10
283.3042751122
 20
99.5136949742
 10
283.2075690311
 20
99.5187625418
 10
283.1146636257
 20
99.5343875418
 10
283.0259811933
 20
99.5605699742
 10
282.9419440311
 20
99.5973098391
 10
282.8612852473
 20
99.6441848391
 10
282.7852717338
 20
99.7016172715
 10
282.7134811933
 20
99.7696071363
 10
282.6454913284
 20
99.8477321363
 10
282.6454913284
 20
99.8477321363
 10
282.6121298419
 20
99.8920733526
 10
282.5834136257
 20
99.9355699742
 10
282.5593426798
 20
99.9782220012
 10
282.5394947068
 20
100.0204517309
 10
282.5238697068
 20
100.0618368661
 10
282.5128899771
 20
100.1023774066
 10
282.5061332203
 20
100.1420733526
 10
282.5040217338
 20
100.1813470012
 10
282.5040217338
 20
100.1813470012
 10
282.5074001122
 20
100.2299111904
 10
282.5179575446
 20
100.273407812
 10
282.5348494365
 20
100.3118368661
 10
282.5589203825
 20
100.3447760553
 10
282.5872143014
 20
100.371380785
 10
282.6180420041
 20
100.3903841634
 10
282.6501365987
 20
100.4017861904
 10
282.6847649771
 20
100.4055868661
 10
282.6847649771
 20
100.4055868661
 10
282.7092582203
 20
100.4034753796
 10
282.732906869
 20
100.3975632174
 10
282.7565555176
 20
100.387005785
 10
282.7793595717
 20
100.3726476769
 10
282.8017413284
 20
100.3544888931
 10
282.8237007879
 20
100.3316848391
 10
282.8448156527
 20
100.3050801093
 10
282.8659305176
 20
100.2742524066
 10
282.8659305176
 20
100.2742524066
 10
282.9334980852
 20
100.1657220012
 10
282.9334980852
 20
100.1657220012
 10
282.9605251122
 20
100.1298267309
 10
282.994308896
 20
100.0956206499
 10
283.0348494365
 20
100.0635260553
 10
283.0821467338
 20
100.0326983526
 10
283.1332447068
 20
100.0065159201
 10
283.1843426798
 20
99.9879348391
 10
283.2354406527
 20
99.9769551093
 10
283.286960923
 20
99.9731544336
 10
283.286960923
 20
99.9731544336
 10
283.3262345717
 20
99.9748436228
 10
283.3633967338
 20
99.9794888931
 10
283.3988697068
 20
99.9870902445
 10
283.431808896
 20
99.9980699742
 10
283.463058896
 20
100.012005785
 10
283.4917751122
 20
100.0288976769
 10
283.5188021392
 20
100.0491679472
 10
283.5437176798
 20
100.0723942985
 10
283.5660994365
 20
100.0977321363
 10
283.5855251122
 20
100.1247591634
 10
283.6019947068
 20
100.1530530823
 10
283.6155082203
 20
100.1826138931
 10
283.6256433554
 20
100.2134415958
 10
283.6332447068
 20
100.2455361904
 10
283.6374676798
 20
100.2788976769
 10
283.639156869
 20
100.3139483526
 10
283.639156869
 20
100.3139483526
 10
283.6370453825
 20
100.3578672715
 10
283.630710923
 20
100.4005192985
 10
283.6201534906
 20
100.4414821363
 10
283.6053730852
 20
100.4811780823
 10
283.5863697068
 20
100.5191848391
 10
283.5631433554
 20
100.5559247039
 10
283.5356940311
 20
100.5909753796
 10
283.5040217338
 20
100.6247591634
 10
283.4693933554
 20
100.6555868661
 10
283.4334980852
 20
100.6826138931
 10
283.396335923
 20
100.7054179472
 10
283.3574845717
 20
100.7239990282
 10
283.3169440311
 20
100.7383571363
 10
283.2747143014
 20
100.7484922715
 10
283.2312176798
 20
100.7548267309
 10
283.1864541663
 20
100.7569382174
 10
283.1864541663
 20
100.7569382174
 10
283.1302886257
 20
100.7535598391
 10
283.0762345717
 20
100.7430024066
 10
283.0247143014
 20
100.7256882174
 10
282.9757278149
 20
100.7016172715
 10
282.9499676798
 20
100.6859922715
 10
282.9208291663
 20
100.6657220012
 10
282.8883122744
 20
100.6416510553
 10
282.8519947068
 20
100.6129348391
 10
282.8118764636
 20
100.5804179472
 10
282.7688021392
 20
100.543255785
 10
282.7219271392
 20
100.5022929472
 10
282.6712514636
 20
100.4566848391
 10
282.6712514636
 20
100.4566848391
 10
282.6003055176
 20
100.3941848391
 10
282.5352717338
 20
100.3418199742
 10
282.4761501122
 20
100.3000125418
 10
282.4229406527
 20
100.2687625418
 10
282.4229406527
 20
100.2687625418
 10
282.4229406527
 20
99.9072760553
 10
282.4229406527
 20
99.9072760553
 10
282.420406869
 20
99.8532220012
 10
282.4132278149
 20
99.8059247039
 10
282.4009811933
 20
99.766228758
 10
282.3840893014
 20
99.7337118661
 10
282.3621298419
 20
99.7083740282
 10
282.3351028149
 20
99.6902152445
 10
282.3034305176
 20
99.679657812
 10
282.26711295
 20
99.6758571363
 10
282.26711295
 20
99.6758571363
 10
282.2164372744
 20
99.6809247039
 10
282.1720960581
 20
99.6957051093
 10
282.1336670041
 20
99.7206206499
 10
282.1019947068
 20
99.7556713255
 10
282.0770791663
 20
99.7991679472
 10
282.0589203825
 20
99.8502659201
 10
282.04836295
 20
99.9081206499
 10
282.0445622744
 20
99.9731544336
 10
282.0445622744
 20
99.9731544336
 10
282.0445622744
 20
100.1876814607
 10
282.0445622744
 20
100.1876814607
 10
281.9816399771
 20
100.1973942985
 10
281.9208291663
 20
100.2138638931
 10
281.8625521392
 20
100.2366679472
 10
281.8063865987
 20
100.266228758
 10
281.7527548419
 20
100.3017017309
 10
281.7012345717
 20
100.3439314607
 10
281.6522480852
 20
100.3924956499
 10
281.6053730852
 20
100.4478165958
 10
281.5627210581
 20
100.507782812
 10
281.525558896
 20
100.570282812
 10
281.494308896
 20
100.6361611904
 10
281.4685487609
 20
100.7045733526
 10
281.4487007879
 20
100.7755192985
 10
281.4343426798
 20
100.8494213255
 10
281.4258967338
 20
100.9262794336
 10
281.4229406527
 20
101.0060936228
 10
281.4229406527
 20
101.0060936228
 10
281.4250521392
 20
101.070282812
 10
281.4313865987
 20
101.1315159201
 10
281.4423663284
 20
101.1893706499
 10
281.4575690311
 20
101.2442692985
 10
281.4769947068
 20
101.2957895688
 10
281.5006433554
 20
101.344353758
 10
281.5285149771
 20
101.3895395688
 10
281.561031869
 20
101.4317692985
 10
281.5965048419
 20
101.4697760553
 10
281.6340893014
 20
101.5031375418
 10
281.6737852473
 20
101.5310091634
 10
281.7160149771
 20
101.5542355147
 10
281.7595115987
 20
101.5719720012
 10
281.8055420041
 20
101.5846409201
 10
281.853683896
 20
101.5922422715
 10
281.9039372744
 20
101.5947760553
 10
281.9039372744
 20
101.5947760553
 10
281.9710825446
 20
101.5905530823
 10
282.0344271392
 20
101.5783064607
 10
282.0939710581
 20
101.5580361904
 10
282.1501365987
 20
101.5293199742
 10
282.2025014636
 20
101.492157812
 10
282.2510656527
 20
101.4469720012
 10
282.2962514636
 20
101.3937625418
 10
282.3376365987
 20
101.3321071363
 10
282.3376365987
 20
101.3321071363
 10
282.3574845717
 20
101.2941003796
 10
282.3747987609
 20
101.250603758
 10
282.3895791663
 20
101.2020395688
 10
282.4018257879
 20
101.1479855147
 10
282.4111163284
 20
101.0880192985
 10
282.4174507879
 20
101.0229855147
 10
282.4216737609
 20
100.9528841634
 10
282.4229406527
 20
100.8768706499
 10
282.4229406527
 20
100.8768706499
 10
282.4229406527
 20
100.7907220012
  0
LWPOLYLINE
  5
445
330
1F
100
AcDbEntity
  8
0
  6
Continuous
 62
     7
100
AcDbPolyline
 90
       29
 70
   128
 43
0.0
 10
282.0444107056
 20
100.6230699742
 10
282.0445622744
 20
100.9047422715
 10
282.0445622744
 20
100.9047422715
 10
282.0424507879
 20
100.9587963255
 10
282.0361163284
 20
101.0056713255
 10
282.0259811933
 20
101.0453672715
 10
282.0116230852
 20
101.0778841634
 10
281.9926197068
 20
101.1027997039
 10
281.9698156527
 20
101.1209584877
 10
281.943210923
 20
101.1315159201
 10
281.911960923
 20
101.1353165958
 10
281.911960923
 20
101.1353165958
 10
281.889156869
 20
101.1323605147
 10
281.8684643014
 20
101.1239145688
 10
281.8498832203
 20
101.1091341634
 10
281.8329913284
 20
101.0888638931
 10
281.8190555176
 20
101.0635260553
 10
281.8093426798
 20
101.0331206499
 10
281.8034305176
 20
100.9984922715
 10
281.8013190311
 20
100.9587963255
 10
281.8013190311
 20
100.9587963255
 10
281.8063865987
 20
100.8996747039
 10
281.8211670041
 20
100.8426645688
 10
281.8460825446
 20
100.7873436228
 10
281.8811332203
 20
100.7341341634
 10
281.9212514636
 20
100.688103758
 10
281.9617920041
 20
100.6543199742
 10
282.0031771392
 20
100.6323605147
 10
282.0445622744
 20
100.6230699742
  0
LWPOLYLINE
  5
446
330
1F
100
AcDbEntity
  8
0
  6
Continuous
 62
     7
100
AcDbPolyline
 90
       14
 70
   128
 43
0.0
 10
392.8580284119
 20
27.9203300939
 10
393.8073599265
 20
27.9203300939
 10
393.8073599265
 20
27.9203300939
 10
395.0118871701
 20
25.4341522093
 10
395.0118871701
 20
25.4341522093
 10
396.2171155354
 20
27.9203300939
 10
396.2171155354
 20
27.9203300939
 10
397.1657333239
 20
27.9203300939
 10
397.1657333239
 20
27.9203300939
 10
395.4690185803
 20
24.4203300939
 10
395.4690185803
 20
24.4203300939
 10
394.5533535162
 20
24.4203300939
 10
394.5533535162
 20
24.4203300939
 10
392.8580410162
 20
27.9203300939
  0
LWPOLYLINE
  5
447
330
1F
100
AcDbEntity
  8
0
  6
Continuous
 62
     7
100
AcDbPolyline
 90
        8
 70
   128
 43
0.0
 10
397.77135849
 20
27.9203300939
 10
398.6689384521
 20
27.9203300939
 10
398.6689384521
 20
27.9203300939
 10
398.6689384521
 20
24.4203300939
 10
398.6689384521
 20
24.4203300939
 10
397.7715025547
 20
24.4203300939
 10
397.7715025547
 20
24.4203300939
 10
397.7715025547
 20
27.9203300939
  0
LWPOLYLINE
  5
448
330
1F
100
AcDbEntity
  8
0
  6
Continuous
 62
     7
100
AcDbPolyline
 90
      152
 70
   128
 43
0.0
 10
404.0534496307
 20
27.3131586195
 10
403.4316588047
 20
26.8728541323
 10
403.4316588047
 20
26.8728541323
 10
403.2704007919
 20
26.9920448375
 10
403.1049360483
 20
27.0958108631
 10
402.9338623303
 20
27.1827499657
 10
402.7578807598
 20
27.2549655105
 10
402.5769913367
 20
27.3103541323
 10
402.3911940611
 20
27.3503180746
 10
402.2004889329
 20
27.3741562157
 10
402.0048759521
 20
27.3818685554
 10
402.0048759521
 20
27.3818685554
 10
401.8408134521
 20
27.3762595811
 10
401.6830610483
 20
27.3601337798
 10
401.5323198624
 20
27.3327900298
 10
401.3878887726
 20
27.2949294529
 10
401.2504689008
 20
27.2458509272
 10
401.1193591252
 20
27.1862555746
 10
400.9945594457
 20
27.1154422734
 10
400.8767709842
 20
27.0341121452
 10
400.7694993496
 20
26.9450696772
 10
400.6762501508
 20
26.8504182349
 10
400.5977245098
 20
26.75085894
 10
400.5332213047
 20
26.6463917926
 10
400.4834416572
 20
26.5370167926
 10
400.4476844457
 20
26.4220328182
 10
400.4259496701
 20
26.3021409913
 10
400.4189384521
 20
26.1773413118
 10
400.4189384521
 20
26.1773413118
 10
400.4224440611
 20
26.0897010875
 10
400.4315586444
 20
26.0048653503
 10
400.4476844457
 20
25.9221329785
 10
400.4694192213
 20
25.8422050939
 10
400.4981652149
 20
25.7650816964
 10
400.5332213047
 20
25.6900616644
 10
400.5738863688
 20
25.6171449977
 10
400.6215626508
 20
25.5470328182
 10
400.6748479072
 20
25.4804262477
 10
400.733742138
 20
25.4173252862
 10
400.7975442213
 20
25.3577299336
 10
400.866955279
 20
25.30164019
 10
400.9412741893
 20
25.2497571772
 10
401.0205009521
 20
25.2013797734
 10
401.1053366893
 20
25.1565079785
 10
401.1957814008
 20
25.1151417926
 10
401.2897317213
 20
25.0786834593
 10
401.386486529
 20
25.0464318567
 10
401.4860458239
 20
25.0197892285
 10
401.5877084842
 20
24.9980544529
 10
401.6921756316
 20
24.980526408
 10
401.7987461444
 20
24.9686073375
 10
401.9081211444
 20
24.9608949977
 10
402.0203006316
 20
24.9587916323
 10
402.0203006316
 20
24.9587916323
 10
402.2096035162
 20
24.9658028503
 10
402.3904929393
 20
24.9861353823
 10
402.5636700226
 20
25.0204903503
 10
402.7277325226
 20
25.0681666323
 10
402.8090626508
 20
25.0983148695
 10
402.8917950226
 20
25.1347732029
 10
402.9773318816
 20
25.1761393888
 10
403.0642709842
 20
25.223114549
 10
403.1533134521
 20
25.2756986836
 10
403.2444592854
 20
25.3345929144
 10
403.3370073624
 20
25.3983949977
 10
403.4323599265
 20
25.4678060554
 10
403.4323599265
 20
25.4678060554
 10
404.0346235483
 20
24.9987555746
 10
404.0346235483
 20
24.9987555746
 10
403.9063182598
 20
24.9083108631
 10
403.7794152149
 20
24.8248773695
 10
403.6539144137
 20
24.7491562157
 10
403.5305169778
 20
24.679745158
 10
403.4092229072
 20
24.61804644
 10
403.2893310803
 20
24.5640600618
 10
403.1715426188
 20
24.5163837798
 10
403.0551564008
 20
24.4764198375
 10
402.9380690611
 20
24.4420648695
 10
402.8160738688
 20
24.4126177541
 10
402.6905730675
 20
24.3873773695
 10
402.5615666572
 20
24.3670448375
 10
402.4276523944
 20
24.3509190362
 10
402.2895314008
 20
24.3397010875
 10
402.1479047983
 20
24.3326898695
 10
402.0020714649
 20
24.3305865041
 10
402.0020714649
 20
24.3305865041
 10
401.7356451829
 20
24.3389999657
 10
401.4811379713
 20
24.3628381067
 10
401.2392509521
 20
24.4035031708
 10
401.0099841252
 20
24.4602940362
 10
400.7933374906
 20
24.5332107029
 10
400.5886099265
 20
24.6222531708
 10
400.3965025547
 20
24.72742144
 10
400.2163142534
 20
24.8487155105
 10
400.132179638
 20
24.9146209593
 10
400.053653997
 20
24.9826297734
 10
399.9800362085
 20
25.0534430746
 10
399.9120273944
 20
25.1256586195
 10
399.8496275547
 20
25.2006786516
 10
399.7928366893
 20
25.2785031708
 10
399.7416547983
 20
25.3577299336
 10
399.6953807598
 20
25.4397611836
 10
399.6547156957
 20
25.523895799
 10
399.6189584842
 20
25.6101337798
 10
399.5895113688
 20
25.6984751259
 10
399.564972106
 20
25.7896209593
 10
399.5460418175
 20
25.882870158
 10
399.5320193816
 20
25.9782227221
 10
399.5243070419
 20
26.0756786516
 10
399.5215025547
 20
26.1759390682
 10
399.5215025547
 20
26.1759390682
 10
399.5264104072
 20
26.3049454785
 10
399.5411339649
 20
26.4311474016
 10
399.5656732278
 20
26.5524414721
 10
399.6007293175
 20
26.6709310554
 10
399.6448999906
 20
26.785213908
 10
399.6995874906
 20
26.8966922734
 10
399.7633895739
 20
27.0032627862
 10
399.8377084842
 20
27.1070288118
 10
399.9211419778
 20
27.2065881067
 10
400.0129889329
 20
27.3005384272
 10
400.1139504713
 20
27.390282017
 10
400.2226243496
 20
27.4744166323
 10
400.3404128111
 20
27.5536433952
 10
400.4666147342
 20
27.6279623054
 10
400.6012301188
 20
27.6973733631
 10
400.7442589649
 20
27.7618765682
 10
400.8935979072
 20
27.8200696772
 10
401.0450402149
 20
27.8705504464
 10
401.1999881316
 20
27.9133188759
 10
401.3570394137
 20
27.9483749657
 10
401.5175963047
 20
27.9750175939
 10
401.6802565611
 20
27.9946490041
 10
401.8464224265
 20
28.0058669529
 10
402.0146916572
 20
28.0100736836
 10
402.0146916572
 20
28.0100736836
 10
402.159122747
 20
28.0072691964
 10
402.3014504713
 20
27.9988557349
 10
402.4430770739
 20
27.984833299
 10
402.5833014329
 20
27.964500767
 10
402.7214224265
 20
27.9392603823
 10
402.8588422983
 20
27.9077099016
 10
402.9948599265
 20
27.8712515682
 10
403.1294753111
 20
27.8284831388
 10
403.2612862085
 20
27.7808068567
 10
403.3881892534
 20
27.7282227221
 10
403.5108855675
 20
27.6714318567
 10
403.628674029
 20
27.609032017
 10
403.741554638
 20
27.5424254464
 10
403.8502285162
 20
27.4709110234
 10
403.9539945419
 20
27.3944887477
 10
404.0535538367
 20
27.3131586195
  0
LWPOLYLINE
  5
449
330
1F
100
AcDbEntity
  8
0
  6
Continuous
 62
     7
100
AcDbPolyline
 90
       16
 70
   128
 43
0.0
 10
404.5021533966
 20
27.9203300939
 10
407.104835888
 20
27.9203300939
 10
407.104835888
 20
27.9203300939
 10
407.104835888
 20
27.2921249657
 10
407.104835888
 20
27.2921249657
 10
406.2522717854
 20
27.2921249657
 10
406.2522717854
 20
27.2921249657
 10
406.2522717854
 20
24.4203300939
 10
406.2522717854
 20
24.4203300939
 10
405.354835888
 20
24.4203300939
 10
405.354835888
 20
24.4203300939
 10
405.354835888
 20
27.2921249657
 10
405.354835888
 20
27.2921249657
 10
404.5022717854
 20
27.2921249657
 10
404.5022717854
 20
27.2921249657
 10
404.5022717854
 20
27.9203300939
  0
LWPOLYLINE
  5
44A
330
1F
100
AcDbEntity
  8
0
  6
Continuous
 62
     7
100
AcDbPolyline
 90
      108
 70
   128
 43
0.0
 10
409.9862575531
 20
28.0100736836
 10
410.2339424585
 20
28.0016602221
 10
410.4723238688
 20
27.9764198375
 10
410.7022918175
 20
27.9343525298
 10
410.9231451829
 20
27.875458299
 10
411.1355850867
 20
27.7997371452
 10
411.3389104072
 20
27.7071890682
 10
411.5331211444
 20
27.5978140682
 10
411.7189184201
 20
27.4716121452
 10
411.8065586444
 20
27.4036033311
 10
411.8892910162
 20
27.3334911516
 10
411.9657132919
 20
27.2619767285
 10
412.0365265931
 20
27.1876578182
 10
412.1017309201
 20
27.1126377862
 10
412.1613262726
 20
27.034813267
 10
412.2153126508
 20
26.9555865041
 10
412.2629889329
 20
26.8749574977
 10
412.3057573624
 20
26.7915240041
 10
412.3422156957
 20
26.7073893888
 10
412.3737661765
 20
26.6204502862
 10
412.3990065611
 20
26.53210894
 10
412.4193390931
 20
26.4416642285
 10
412.433361529
 20
26.3498172734
 10
412.4417749906
 20
26.2558669529
 10
412.4445794778
 20
26.159813267
 10
412.4445794778
 20
26.159813267
 10
412.4417749906
 20
26.0651618246
 10
412.433361529
 20
25.9719126259
 10
412.4193390931
 20
25.8807667926
 10
412.3997076829
 20
25.7910232029
 10
412.3744672983
 20
25.7033829785
 10
412.3436179393
 20
25.6178461195
 10
412.3078607278
 20
25.5337115041
 10
412.2657934201
 20
25.4516802541
 10
412.218117138
 20
25.3717523695
 10
412.1648318816
 20
25.2932267285
 10
412.1059376508
 20
25.2168044529
 10
412.0421355675
 20
25.1417844208
 10
411.972023388
 20
25.0688677541
 10
411.8963022342
 20
24.9980544529
 10
411.8156732278
 20
24.9286433952
 10
411.7287341252
 20
24.8613357029
 10
411.5450402149
 20
24.7372371452
 10
411.3522317213
 20
24.6292643888
 10
411.1496075226
 20
24.5381185554
 10
410.9371676188
 20
24.4630985234
 10
410.7156131316
 20
24.4049054144
 10
410.4842429393
 20
24.3635392285
 10
410.2430570419
 20
24.3389999657
 10
409.9927565611
 20
24.3305865041
 10
409.9927565611
 20
24.3305865041
 10
409.8602445419
 20
24.3326898695
 10
409.7312381316
 20
24.3389999657
 10
409.6043350867
 20
24.3495167926
 10
409.4809376508
 20
24.3649414721
 10
409.3596435803
 20
24.3838717605
 10
409.2418551188
 20
24.4070087798
 10
409.1261700226
 20
24.4350536516
 10
409.0139905354
 20
24.4673052541
 10
408.9046155354
 20
24.5030624657
 10
408.7973439008
 20
24.5437275298
 10
408.6935778752
 20
24.5885993246
 10
408.5926163367
 20
24.6376778503
 10
408.4944592854
 20
24.6909631067
 10
408.3984055996
 20
24.7484550939
 10
408.3058575226
 20
24.8101538118
 10
408.2161139329
 20
24.8760592605
 10
408.1305770739
 20
24.9447691964
 10
408.0506491893
 20
25.0155824977
 10
407.9756291572
 20
25.0877980426
 10
407.9069192213
 20
25.1614158311
 10
407.843117138
 20
25.2371369849
 10
407.784924029
 20
25.3142603823
 10
407.7323398944
 20
25.3927860234
 10
407.6853647342
 20
25.472713908
 10
407.6439985483
 20
25.554745158
 10
407.6082413367
 20
25.6381786516
 10
407.5780930996
 20
25.7230143888
 10
407.5528527149
 20
25.8092523695
 10
407.5332213047
 20
25.8975937157
 10
407.5198999906
 20
25.9873373054
 10
407.511486529
 20
26.0784831388
 10
407.5086820419
 20
26.1717323375
 10
407.5086820419
 20
26.1717323375
 10
407.5135898944
 20
26.2958308952
 10
407.5290145739
 20
26.4178260875
 10
407.5549560803
 20
26.5370167926
 10
407.5914144137
 20
26.6534030105
 10
407.6376884521
 20
26.7676858631
 10
407.6937781957
 20
26.8791642285
 10
407.761085888
 20
26.9885392285
 10
407.8382092854
 20
27.0951097413
 10
407.9244472662
 20
27.1981746452
 10
408.0183975867
 20
27.2949294529
 10
408.120060247
 20
27.386776408
 10
408.229435247
 20
27.4730143888
 10
408.3465225867
 20
27.5536433952
 10
408.4713222662
 20
27.629364549
 10
408.6038342854
 20
27.6987756067
 10
408.7440586444
 20
27.7632788118
 10
408.8898919778
 20
27.8214719208
 10
409.0378286765
 20
27.8712515682
 10
409.1892709842
 20
27.9140199977
 10
409.343517779
 20
27.9483749657
 10
409.4998679393
 20
27.9757187157
 10
409.6590225867
 20
27.9946490041
 10
409.8216828431
 20
28.0065680746
 10
409.9864464649
 20
28.0100736836
  0
LWPOLYLINE
  5
44B
330
1F
100
AcDbEntity
  8
0
  6
Continuous
 62
     7
100
AcDbPolyline
 90
       69
 70
   128
 43
0.0
 10
409.9729061127
 20
27.3818685554
 10
409.8104648944
 20
27.3762595811
 10
409.654815856
 20
27.3601337798
 10
409.5054769137
 20
27.3334911516
 10
409.3624480675
 20
27.2956305746
 10
409.2264304393
 20
27.2472531708
 10
409.0967229072
 20
27.18835894
 10
408.9740265931
 20
27.1182467605
 10
408.8576403752
 20
27.0376177541
 10
408.7517709842
 20
26.9485752862
 10
408.659924029
 20
26.8539238439
 10
408.5828006316
 20
26.7529623054
 10
408.5189985483
 20
26.6470929144
 10
408.4699200226
 20
26.5349134272
 10
408.4341628111
 20
26.4164238439
 10
408.4131291572
 20
26.293026408
 10
408.4061179393
 20
26.1633188759
 10
408.4061179393
 20
26.1633188759
 10
408.4152325226
 20
26.019588908
 10
408.4418751508
 20
25.882870158
 10
408.4860458239
 20
25.7545648695
 10
408.5484456637
 20
25.6339719208
 10
408.6283735483
 20
25.52039019
 10
408.7265305996
 20
25.4152219208
 10
408.8422156957
 20
25.3177659913
 10
408.9754288367
 20
25.2280224016
 10
408.9754288367
 20
25.2280224016
 10
409.0876083239
 20
25.16492144
 10
409.2046956637
 20
25.11023394
 10
409.3252886124
 20
25.0639599016
 10
409.4500882919
 20
25.0260993246
 10
409.5790947021
 20
24.9966522093
 10
409.7116067213
 20
24.9756185554
 10
409.8490265931
 20
24.9629983631
 10
409.9899520739
 20
24.9587916323
 10
409.9899520739
 20
24.9587916323
 10
410.1484055996
 20
24.9644006067
 10
410.3012501508
 20
24.980526408
 10
410.447784606
 20
25.007870158
 10
410.5887100867
 20
25.0457307349
 10
410.7233254713
 20
25.0948092605
 10
410.8516307598
 20
25.1551057349
 10
410.9743270739
 20
25.2259190362
 10
411.0914144137
 20
25.3072491644
 10
411.1979849265
 20
25.3969927541
 10
411.2905330034
 20
25.4923453182
 10
411.3690586444
 20
25.5919046131
 10
411.4335618496
 20
25.6970728823
 10
411.483341497
 20
25.8071490041
 10
411.5183975867
 20
25.9228341003
 10
411.5401323624
 20
26.0427259272
 10
411.5471435803
 20
26.1682267285
 10
411.5471435803
 20
26.1682267285
 10
411.5401323624
 20
26.293026408
 10
411.5183975867
 20
26.4129182349
 10
411.4826403752
 20
26.5279022093
 10
411.4328607278
 20
26.6379783311
 10
411.3683575226
 20
26.7431466003
 10
411.2891307598
 20
26.843407017
 10
411.1958815611
 20
26.9387595811
 10
411.0886099265
 20
27.0292042926
 10
410.9708214649
 20
27.1119366644
 10
410.8467229072
 20
27.1834510875
 10
410.7170153752
 20
27.2444486836
 10
410.5802966252
 20
27.2935272093
 10
410.4379689008
 20
27.332088908
 10
410.2893310803
 20
27.3601337798
 10
410.1343831637
 20
27.3762595811
 10
409.9731251508
 20
27.3818685554
  0
LWPOLYLINE
  5
44C
330
1F
100
AcDbEntity
  8
0
  6
Continuous
 62
     7
100
AcDbPolyline
 90
       58
 70
   128
 43
0.0
 10
413.341999054
 20
27.9203300939
 10
414.3481251508
 20
27.9203300939
 10
414.3481251508
 20
27.9203300939
 10
414.5472437406
 20
27.9189278503
 10
414.7323398944
 20
27.9140199977
 10
414.901310247
 20
27.906307658
 10
415.0562581637
 20
27.8950897093
 10
415.1957814008
 20
27.8803661516
 10
415.3212822021
 20
27.8628381067
 10
415.4306572021
 20
27.8425055746
 10
415.5260097662
 20
27.8186674336
 10
415.6115466252
 20
27.7913236836
 10
415.6928767534
 20
27.7597732029
 10
415.769299029
 20
27.7240159913
 10
415.8422156957
 20
27.684052049
 10
415.9102245098
 20
27.6398813759
 10
415.9747277149
 20
27.5915039721
 10
416.0343230675
 20
27.5389198375
 10
416.0897116893
 20
27.4821289721
 10
416.1394913367
 20
27.4218324977
 10
416.182960888
 20
27.359432658
 10
416.2201203431
 20
27.2935272093
 10
416.2502685803
 20
27.2255183952
 10
416.2734055996
 20
27.1547050939
 10
416.2902325226
 20
27.0810873054
 10
416.3000482278
 20
27.0053661516
 10
416.3035538367
 20
26.9261393888
 10
416.3035538367
 20
26.9261393888
 10
416.3000482278
 20
26.843407017
 10
416.288830279
 20
26.7641802541
 10
416.2713022342
 20
26.6884591003
 10
416.2460618496
 20
26.6162435554
 10
416.2131091252
 20
26.5468324977
 10
416.1738463047
 20
26.4816281708
 10
416.1268711444
 20
26.4192283311
 10
416.0728847662
 20
26.3610352221
 10
416.0118871701
 20
26.3056466003
 10
415.9431772342
 20
26.2544647093
 10
415.8667549585
 20
26.2060873054
 10
415.7840225867
 20
26.1619166323
 10
415.6928767534
 20
26.1205504464
 10
415.5954208239
 20
26.0826898695
 10
415.4902525547
 20
26.0483349016
 10
415.3773719457
 20
26.0174855426
 10
415.3773719457
 20
26.0174855426
 10
416.5054769137
 20
24.4203300939
 10
416.5054769137
 20
24.4203300939
 10
415.495861529
 20
24.4203300939
 10
415.495861529
 20
24.4203300939
 10
414.4182373303
 20
25.9459711195
 10
414.4182373303
 20
25.9459711195
 10
414.2394512726
 20
25.9459711195
 10
414.2394512726
 20
25.9459711195
 10
414.2394512726
 20
24.4203300939
 10
414.2394512726
 20
24.4203300939
 10
413.3420153752
 20
24.4203300939
 10
413.3420153752
 20
24.4203300939
 10
413.3420153752
 20
27.9203300939
  0
LWPOLYLINE
  5
44D
330
1F
100
AcDbEntity
  8
0
  6
Continuous
 62
     7
100
AcDbPolyline
 90
       40
 70
   128
 43
0.0
 10
414.2394065857
 20
26.5741762477
 10
414.5570594457
 20
26.5741762477
 10
414.5570594457
 20
26.5741762477
 10
414.6734456637
 20
26.5755784913
 10
414.7807172983
 20
26.5790841003
 10
414.8781732278
 20
26.5860953182
 10
414.9658134521
 20
26.5952099016
 10
415.0443390931
 20
26.6064278503
 10
415.1137501508
 20
26.621151408
 10
415.1733455034
 20
26.6379783311
 10
415.2238262726
 20
26.6576097413
 10
415.2665947021
 20
26.6800456388
 10
415.3037541572
 20
26.7059871452
 10
415.3346035162
 20
26.7354342605
 10
415.3605450226
 20
26.7683869849
 10
415.3801764329
 20
26.8048453182
 10
415.3948999906
 20
26.8448092605
 10
415.4033134521
 20
26.88757769
 10
415.4061179393
 20
26.9345528503
 10
415.4061179393
 20
26.9345528503
 10
415.4005089649
 20
26.9899414721
 10
415.3836820419
 20
27.0418244849
 10
415.3549360483
 20
27.089500767
 10
415.3156732278
 20
27.13367144
 10
415.2665947021
 20
27.1729342605
 10
415.2098038367
 20
27.2065881067
 10
415.1460017534
 20
27.2339318567
 10
415.0737862085
 20
27.2549655105
 10
415.0317189008
 20
27.2633789721
 10
414.9819392534
 20
27.2710913118
 10
414.9244472662
 20
27.277401408
 10
414.8592429393
 20
27.2830103823
 10
414.7856251508
 20
27.2872171131
 10
414.7042950226
 20
27.2900216003
 10
414.6152525547
 20
27.2914238439
 10
414.5177966252
 20
27.2921249657
 10
414.5177966252
 20
27.2921249657
 10
414.2394512726
 20
27.2921249657
 10
414.2394512726
 20
27.2921249657
 10
414.2394512726
 20
26.5741762477
  0
LWPOLYLINE
  5
44E
330
1F
100
AcDbEntity
  8
0
  6
Continuous
 62
     7
100
AcDbPolyline
 90
       14
 70
   128
 43
0.0
 10
548.2034683228
 20
340.9861258132
 10
548.5401944154
 20
340.9861258132
 10
548.5401944154
 20
340.9861258132
 10
549.7068610821
 20
338.2279126722
 10
549.7068610821
 20
338.2279126722
 10
550.8735277487
 20
340.9861258132
 10
550.8735277487
 20
340.9861258132
 10
551.2100662103
 20
340.9861258132
 10
551.2100662103
 20
340.9861258132
 10
549.7292969795
 20
337.4861258132
 10
549.7292969795
 20
337.4861258132
 10
549.6844251846
 20
337.4861258132
 10
549.6844251846
 20
337.4861258132
 10
548.2036559539
 20
340.9861258132
  0
LWPOLYLINE
  5
44F
330
1F
100
AcDbEntity
  8
0
  6
Continuous
 62
     7
100
AcDbPolyline
 90
        8
 70
   128
 43
0.0
 10
551.8379211426
 20
340.9861258132
 10
552.1523739026
 20
340.9861258132
 10
552.1523739026
 20
340.9861258132
 10
552.1523739026
 20
337.4861258132
 10
552.1523739026
 20
337.4861258132
 10
551.8382713385
 20
337.4861258132
 10
551.8382713385
 20
337.4861258132
 10
551.8382713385
 20
340.9861258132
  0
LWPOLYLINE
  5
450
330
1F
100
AcDbEntity
  8
0
  6
Continuous
 62
     7
100
AcDbPolyline
 90
      145
 70
   128
 43
0.0
 10
556.2801361084
 20
340.3438982491
 10
556.0057392872
 20
340.1335617107
 10
556.0057392872
 20
340.1335617107
 10
555.9461439346
 20
340.2029727684
 10
555.8837440949
 20
340.2681770953
 10
555.818539768
 20
340.3291746914
 10
555.7505309539
 20
340.3859655568
 10
555.6790165308
 20
340.4378485696
 10
555.6053987423
 20
340.4855248517
 10
555.5282753449
 20
340.528994403
 10
555.4483474603
 20
340.5682572235
 10
555.2814804731
 20
340.6334615504
 10
555.1069011462
 20
340.6797355889
 10
554.9246094795
 20
340.7077804607
 10
554.7339043513
 20
340.716895044
 10
554.7339043513
 20
340.716895044
 10
554.6287360821
 20
340.7140905568
 10
554.5249700564
 20
340.7042748517
 10
554.4233073962
 20
340.6888501722
 10
554.3244492231
 20
340.6671153966
 10
554.2262921718
 20
340.6390705248
 10
554.1309396077
 20
340.6054166786
 10
554.037690409
 20
340.5647516145
 10
553.9458434539
 20
340.5184775761
 10
553.8575021077
 20
340.4665945632
 10
553.7747697359
 20
340.4105048196
 10
553.6969452167
 20
340.3502083453
 10
553.62402855
 20
340.2857051402
 10
553.5560197359
 20
340.2169952043
 10
553.4936198962
 20
340.1440785376
 10
553.436127909
 20
340.0662540184
 10
553.3835437744
 20
339.9849238902
 10
553.3365686141
 20
339.900088153
 10
553.2966046718
 20
339.8124479286
 10
553.2622497039
 20
339.7227043389
 10
553.2342048321
 20
339.6294551402
 10
553.2124700564
 20
339.5341025761
 10
553.197045377
 20
339.4366466466
 10
553.1872296718
 20
339.3356851081
 10
553.1844251846
 20
339.2326202043
 10
553.1844251846
 20
339.2326202043
 10
553.1914364026
 20
339.0776722876
 10
553.2124700564
 20
338.9297355889
 10
553.2468250244
 20
338.7881089863
 10
553.29590355
 20
338.6534936017
 10
553.3583033898
 20
338.5244871914
 10
553.4354267872
 20
338.4024919991
 10
553.5258714987
 20
338.286806903
 10
553.6303386462
 20
338.1781330248
 10
553.7453226205
 20
338.0792748517
 10
553.8680189346
 20
337.9930368709
 10
553.9977264667
 20
337.9208213261
 10
554.1344452167
 20
337.8612259735
 10
554.2788763064
 20
337.814951935
 10
554.4303186141
 20
337.7819992107
 10
554.5894732616
 20
337.7616666786
 10
554.755639127
 20
337.7553565825
 10
554.755639127
 20
337.7553565825
 10
554.9386319154
 20
337.7644711658
 10
555.1139123641
 20
337.7918149158
 10
555.2814804731
 20
337.8373878325
 10
555.4420373641
 20
337.9011899158
 10
555.5941807936
 20
337.9832211658
 10
555.7393130052
 20
338.0834815825
 10
555.8760317552
 20
338.2019711658
 10
556.0057392872
 20
338.3386899158
 10
556.0057392872
 20
338.3386899158
 10
556.2805790308
 20
338.1304567427
 10
556.2805790308
 20
338.1304567427
 10
556.2132713385
 20
338.0456210055
 10
556.1417569154
 20
337.9649919991
 10
556.0667368834
 20
337.8899719671
 10
555.9875101205
 20
337.8198597876
 10
555.904076627
 20
337.7539543389
 10
555.8164364026
 20
337.6936578645
 10
555.7245894475
 20
337.6382692427
 10
555.6292368834
 20
337.5877884735
 10
555.5303787103
 20
337.5429166786
 10
555.42871605
 20
337.5043549799
 10
555.3242489026
 20
337.4714022555
 10
555.2162761462
 20
337.4440585055
 10
555.1062000244
 20
337.4230248517
 10
554.9926182936
 20
337.408301294
 10
554.8769331975
 20
337.3991867107
 10
554.7577424923
 20
337.3963822235
 10
554.7577424923
 20
337.3963822235
 10
554.6448618834
 20
337.3984855889
 10
554.5347857616
 20
337.4061979286
 10
554.4282152487
 20
337.4181169991
 10
554.3244492231
 20
337.4349439222
 10
554.2234876846
 20
337.4559775761
 10
554.1260317552
 20
337.4826202043
 10
554.0313803128
 20
337.5134695632
 10
553.9395333577
 20
337.5492267748
 10
553.8504908898
 20
337.5898918389
 10
553.7649540308
 20
337.6354647555
 10
553.682221659
 20
337.6859455248
 10
553.6022937744
 20
337.7406330248
 10
553.5258714987
 20
337.8002283773
 10
553.4522537103
 20
337.8647315825
 10
553.381440409
 20
337.9341426402
 10
553.3141327167
 20
338.0084615504
 10
553.3141327167
 20
338.0084615504
 10
553.2103666911
 20
338.1409735696
 10
553.1199219795
 20
338.2804968068
 10
553.0434997039
 20
338.4263301402
 10
552.9810998641
 20
338.5791746914
 10
552.9327224603
 20
338.7383293389
 10
552.8983674923
 20
338.9044952043
 10
552.8773338385
 20
339.0769711658
 10
552.8703226205
 20
339.2564583453
 10
552.8703226205
 20
339.2564583453
 10
552.8787360821
 20
339.4450601081
 10
552.9039764667
 20
339.6259495312
 10
552.9460437744
 20
339.7991266145
 10
553.0049380052
 20
339.9645913581
 10
553.0799580372
 20
340.122343762
 10
553.1725061141
 20
340.2730849479
 10
553.2811799923
 20
340.4154126722
 10
553.4073819154
 20
340.5507291786
 10
553.5462040308
 20
340.6741266145
 10
553.6927384859
 20
340.7806971273
 10
553.8483875244
 20
340.8704407171
 10
554.0124500244
 20
340.9447596273
 10
554.1849259859
 20
341.0022516145
 10
554.365815409
 20
341.0429166786
 10
554.5558194154
 20
341.0674559414
 10
554.7535357616
 20
341.075869403
 10
554.7535357616
 20
341.075869403
 10
554.8741287103
 20
341.0730649158
 10
554.9919171718
 20
341.0639503325
 10
555.1062000244
 20
341.048525653
 10
555.2176783898
 20
341.0274919991
 10
555.326352268
 20
341.0008493709
 10
555.432221659
 20
340.9671955248
 10
555.5352865628
 20
340.9279327043
 10
555.6348458577
 20
340.8830609094
 10
555.7308995436
 20
340.8325801402
 10
555.8227464987
 20
340.7771915184
 10
555.9103867231
 20
340.716895044
 10
555.9931190949
 20
340.6523918389
 10
556.0716447359
 20
340.5822796594
 10
556.1459636462
 20
340.5079607491
 10
556.2153747039
 20
340.4280328645
 10
556.2805790308
 20
340.3438982491
  0
LWPOLYLINE
  5
451
330
1F
100
AcDbEntity
  8
0
  6
Continuous
 62
     7
100
AcDbPolyline
 90
       16
 70
   128
 43
0.0
 10
556.5943717957
 20
340.6271514543
 10
556.5946815949
 20
340.9861258132
 10
556.5946815949
 20
340.9861258132
 10
558.4344251846
 20
340.9861258132
 10
558.4344251846
 20
340.9861258132
 10
558.4344251846
 20
340.6271514543
 10
558.4344251846
 20
340.6271514543
 10
557.6716046718
 20
340.6271514543
 10
557.6716046718
 20
340.6271514543
 10
557.6716046718
 20
337.4861258132
 10
557.6716046718
 20
337.4861258132
 10
557.3575021077
 20
337.4861258132
 10
557.3575021077
 20
337.4861258132
 10
557.3575021077
 20
340.6271514543
 10
557.3575021077
 20
340.6271514543
 10
556.5946815949
 20
340.6271514543
  0
ARC
  5
452
330
1F
100
AcDbEntity
  8
0
  6
Continuous
 62
     7
100
AcDbCircle
 10
560.610500789
 20
339.2391888276
 30
0.0
 40
1.836680586966576
100
AcDbArc
 50
89.9935598274
 51
90.006440171
  0
LWPOLYLINE
  5
453
330
1F
100
AcDbEntity
  8
0
  6
Continuous
 62
     7
100
AcDbPolyline
 90
       92
 70
   128
 43
0.0
 10
560.6260299683
 20
340.716895044
 10
560.5265726205
 20
340.7140905568
 10
560.4284155693
 20
340.7042748517
 10
560.3316607616
 20
340.6888501722
 10
560.2363081975
 20
340.6671153966
 10
560.142357877
 20
340.638369403
 10
560.0491086782
 20
340.604014435
 10
559.9579628449
 20
340.5633493709
 10
559.8675181334
 20
340.5163742107
 10
559.7805790308
 20
340.4644911979
 10
559.6985477808
 20
340.4077003325
 10
559.6214243834
 20
340.3467027363
 10
559.5492088385
 20
340.2814984094
 10
559.4819011462
 20
340.2120873517
 10
559.4188001846
 20
340.1384695632
 10
559.3613081975
 20
340.0599439222
 10
559.3087240628
 20
339.9772115504
 10
559.2617489026
 20
339.8916746914
 10
559.2203827167
 20
339.8033333453
 10
559.1860277487
 20
339.712187512
 10
559.157982877
 20
339.6189383132
 10
559.1355469795
 20
339.5235857491
 10
559.1201223
 20
339.4254286979
 10
559.1103065949
 20
339.3251682812
 10
559.1075021077
 20
339.2221033773
 10
559.1075021077
 20
339.2221033773
 10
559.1145133257
 20
339.0706610696
 10
559.1355469795
 20
338.9255288581
 10
559.1699019475
 20
338.7867067427
 10
559.2189804731
 20
338.6534936017
 10
559.2813803128
 20
338.525889435
 10
559.3578025885
 20
338.4045953645
 10
559.4482473
 20
338.2896113902
 10
559.5527144475
 20
338.1802363902
 10
559.6669973
 20
338.0806770953
 10
559.786889127
 20
337.9944391145
 10
559.9123899282
 20
337.9215224479
 10
560.0434997039
 20
337.8619270953
 10
560.1809195757
 20
337.814951935
 10
560.3232473
 20
337.7819992107
 10
560.4718851205
 20
337.7616666786
 10
560.6261319154
 20
337.7553565825
 10
560.6261319154
 20
337.7553565825
 10
560.7298979411
 20
337.7581610696
 10
560.8315606013
 20
337.767275653
 10
560.931821018
 20
337.7827003325
 10
561.0299780693
 20
337.8044351081
 10
561.1260317552
 20
337.8317788581
 10
561.2199820757
 20
337.8647315825
 10
561.3118290308
 20
337.9046955248
 10
561.4022737423
 20
337.9502684414
 10
561.4892128449
 20
338.0014503325
 10
561.5712440949
 20
338.0568389543
 10
561.6476663705
 20
338.1171354286
 10
561.7198819154
 20
338.1816386337
 10
561.7871896077
 20
338.2503485696
 10
561.8495894475
 20
338.3239663581
 10
561.9063803128
 20
338.4017908773
 10
561.9589644475
 20
338.4845232491
 10
562.0059396077
 20
338.5707612299
 10
562.0466046718
 20
338.6591025761
 10
562.0809596398
 20
338.7495472876
 10
562.1090045116
 20
338.8427964863
 10
562.1307392872
 20
338.9381490504
 10
562.1461639667
 20
339.0356049799
 10
562.1559796718
 20
339.1358653966
 10
562.158784159
 20
339.2382291786
 10
562.158784159
 20
339.2382291786
 10
562.1559796718
 20
339.3398918389
 10
562.1461639667
 20
339.4394511337
 10
562.1307392872
 20
339.5362059414
 10
562.1090045116
 20
339.6308573837
 10
562.0809596398
 20
339.7227043389
 10
562.0466046718
 20
339.8117468068
 10
562.0059396077
 20
339.8986859094
 10
561.9589644475
 20
339.9835216466
 10
561.9063803128
 20
340.0648517748
 10
561.8488883257
 20
340.1419751722
 10
561.7857873641
 20
340.2148918389
 10
561.7184796718
 20
340.2836017748
 10
561.6455630052
 20
340.3481049799
 10
561.5670373641
 20
340.4084014543
 10
561.4843049923
 20
340.4644911979
 10
561.3959636462
 20
340.5163742107
 10
561.3048178128
 20
340.5633493709
 10
561.2115686141
 20
340.604014435
 10
561.1176182936
 20
340.638369403
 10
561.0222657295
 20
340.6671153966
 10
560.9248098
 20
340.6888501722
 10
560.8266527487
 20
340.7042748517
 10
560.7270934539
 20
340.7140905568
 10
560.6261319154
 20
340.716895044
  0
LWPOLYLINE
  5
454
330
1F
100
AcDbEntity
  8
0
  6
Continuous
 62
     7
100
AcDbPolyline
 90
       59
 70
   128
 43
0.0
 10
563.1904602051
 20
340.9861258132
 10
563.8912561141
 20
340.9861258132
 10
563.8912561141
 20
340.9861258132
 10
564.0314804731
 20
340.9854246914
 10
564.1604868834
 20
340.9833213261
 10
564.2768731013
 20
340.9791145953
 10
564.3820413705
 20
340.9742067427
 10
564.4752905693
 20
340.9671955248
 10
564.5566206975
 20
340.959483185
 10
564.626732877
 20
340.9496674799
 10
564.6842248641
 20
340.9384495312
 10
564.6842248641
 20
340.9384495312
 10
564.7606471398
 20
340.9181169991
 10
564.8335638064
 20
340.8921754927
 10
564.9029748641
 20
340.8613261337
 10
564.9681791911
 20
340.8255689222
 10
565.029877909
 20
340.7842027363
 10
565.088071018
 20
340.7379286979
 10
565.142758518
 20
340.6867468068
 10
565.1932392872
 20
340.6299559414
 10
565.2395133257
 20
340.5696594671
 10
565.279477268
 20
340.505156262
 10
565.3131311141
 20
340.4378485696
 10
565.3404748641
 20
340.3670352684
 10
565.3622096398
 20
340.2927163581
 10
565.3776343193
 20
340.2155929607
 10
565.3867489026
 20
340.1342628325
 10
565.3895533898
 20
340.0501282171
 10
565.3895533898
 20
340.0501282171
 10
565.3811399282
 20
339.9106049799
 10
565.3551984218
 20
339.7801963261
 10
565.3117288705
 20
339.6582011337
 10
565.2514323962
 20
339.544619403
 10
565.1750101205
 20
339.4422556209
 10
565.0838642872
 20
339.353213153
 10
564.9772937744
 20
339.2774919991
 10
564.8567008257
 20
339.2150921594
 10
564.7893931334
 20
339.189150653
 10
564.7164764667
 20
339.1660136337
 10
564.6372497039
 20
339.1470833453
 10
564.5517128449
 20
339.130957544
 10
564.4598658898
 20
339.1183373517
 10
564.3624099603
 20
339.1092227684
 10
564.2586439346
 20
339.103613794
 10
564.1485678128
 20
339.1015104286
 10
564.1485678128
 20
339.1015104286
 10
565.4344251846
 20
337.4861258132
 10
565.4344251846
 20
337.4861258132
 10
565.0460037103
 20
337.4861258132
 10
565.0460037103
 20
337.4861258132
 10
563.7601463385
 20
339.1015104286
 10
563.7601463385
 20
339.1015104286
 10
563.5049380052
 20
339.1015104286
 10
563.5049380052
 20
339.1015104286
 10
563.5049380052
 20
337.4861258132
 10
563.5049380052
 20
337.4861258132
 10
563.1908354411
 20
337.4861258132
 10
563.1908354411
 20
337.4861258132
 10
563.1908354411
 20
340.9861258132
  0
LWPOLYLINE
  5
455
330
1F
100
AcDbEntity
  8
0
  6
Continuous
 62
     7
100
AcDbPolyline
 90
       40
 70
   128
 43
0.0
 10
563.5046958923
 20
340.6271514543
 10
563.5049380052
 20
339.4604847876
 10
563.5049380052
 20
339.4604847876
 10
564.1457633257
 20
339.455576935
 10
564.1457633257
 20
339.455576935
 10
564.2355069154
 20
339.4562780568
 10
564.3196415308
 20
339.4597836658
 10
564.39746605
 20
339.4646915184
 10
564.4696815949
 20
339.4717027363
 10
564.5355870436
 20
339.4808173196
 10
564.5951823962
 20
339.4920352684
 10
564.6491687744
 20
339.5053565825
 10
564.6968450564
 20
339.520781262
 10
564.7809796718
 20
339.5586418389
 10
564.8559997039
 20
339.6056169991
 10
564.920502909
 20
339.6631089863
 10
564.975190409
 20
339.7297155568
 10
565.0193610821
 20
339.8040344671
 10
565.0502104411
 20
339.8818589863
 10
565.0691407295
 20
339.9645913581
 10
565.0754508257
 20
340.0508293389
 10
565.0754508257
 20
340.0508293389
 10
565.0691407295
 20
340.1349639543
 10
565.0502104411
 20
340.2155929607
 10
565.0179588385
 20
340.2920152363
 10
564.9737881654
 20
340.3642307812
 10
564.9191006654
 20
340.4301362299
 10
564.8567008257
 20
340.4855248517
 10
564.7865886462
 20
340.5310977684
 10
564.7080630052
 20
340.5661538581
 10
564.6631912103
 20
340.580176294
 10
564.6120093193
 20
340.5927964863
 10
564.5538162103
 20
340.6033133132
 10
564.4893130052
 20
340.6117267748
 10
564.4170974603
 20
340.6187379927
 10
564.3385718193
 20
340.6236458453
 10
564.2530349603
 20
340.6264503325
 10
564.1611880052
 20
340.6271514543
 10
564.1611880052
 20
340.6271514543
 10
563.5049380052
 20
340.6271514543
  0
POINT
  5
456
330
1F
100
AcDbEntity
  8
0
  6
Continuous
 62
     7
100
AcDbPoint
 10
77.2109971215
 20
125.0765514416
 30
0.0
  0
POINT
  5
457
330
1F
100
AcDbEntity
  8
0
  6
Continuous
 62
     7
100
AcDbPoint
 10
253.8481728415
 20
128.4654485394
 30
0.0
  0
POINT
  5
458
330
1F
100
AcDbEntity
  8
0
  6
Continuous
 62
     7
100
AcDbPoint
 10
80.9374298756
 20
139.1814660244
 30
0.0
  0
POINT
  5
459
330
1F
100
AcDbEntity
  8
0
  6
Continuous
 62
     7
100
AcDbPoint
 10
68.1876683302
 20
188.0499397207
 30
0.0
  0
POINT
  5
45A
330
1F
100
AcDbEntity
  8
0
  6
Continuous
 62
     7
100
AcDbPoint
 10
106.2885333087
 20
398.1486743138
 30
0.0
  0
POINT
  5
45B
330
1F
100
AcDbEntity
  8
0
  6
Continuous
 62
     7
100
AcDbPoint
 10
132.4769679851
 20
269.5337434196
 30
0.0
  0
POINT
  5
45C
330
1F
100
AcDbEntity
  8
0
  6
Continuous
 62
     7
100
AcDbPoint
 10
105.7732536321
 20
394.1485476898
 30
0.0
  0
POINT
  5
45D
330
1F
100
AcDbEntity
  8
0
  6
Continuous
 62
     7
100
AcDbPoint
 10
347.0913270701
 20
132.2239700611
 30
0.0
  0
POINT
  5
45E
330
1F
100
AcDbEntity
  8
0
  6
Continuous
 62
     7
100
AcDbPoint
 10
405.4308715285
 20
144.4807885764
 30
0.0
  0
POINT
  5
45F
330
1F
100
AcDbEntity
  8
0
  6
Continuous
 62
     7
100
AcDbPoint
 10
386.7753355509
 20
52.1596895476
 30
0.0
  0
POINT
  5
460
330
1F
100
AcDbEntity
  8
0
  6
Continuous
 62
     7
100
AcDbPoint
 10
395.8114088093
 20
52.1846895476
 30
0.0
  0
POINT
  5
461
330
1F
100
AcDbEntity
  8
0
  6
Continuous
 62
     7
100
AcDbPoint
 10
403.3240513521
 20
52.1596895476
 30
0.0
  0
POINT
  5
462
330
1F
100
AcDbEntity
  8
0
  6
Continuous
 62
     7
100
AcDbPoint
 10
412.7758046028
 20
52.1596895476
 30
0.0
  0
POINT
  5
463
330
1F
100
AcDbEntity
  8
0
  6
Continuous
 62
     7
100
AcDbPoint
 10
421.0404774349
 20
52.1596895476
 30
0.0
  0
POINT
  5
464
330
1F
100
AcDbEntity
  8
0
  6
Continuous
 62
     7
100
AcDbPoint
 10
429.2121414173
 20
52.1596895476
 30
0.0
  0
POINT
  5
465
330
1F
100
AcDbEntity
  8
0
  6
Continuous
 62
     7
100
AcDbPoint
 10
379.2864075061
 20
52.1596895476
 30
0.0
  0
POINT
  5
466
330
1F
100
AcDbEntity
  8
0
  6
Continuous
 62
     7
100
AcDbPoint
 10
404.4178788458
 20
52.1596895476
 30
0.0
  0
POINT
  5
467
330
1F
100
AcDbEntity
  8
0
  6
Continuous
 62
     7
100
AcDbPoint
 10
465.5844036285
 20
132.2239700611
 30
0.0
  0
POINT
  5
468
330
1F
100
AcDbEntity
  8
0
  6
Continuous
 62
     7
100
AcDbPoint
 10
404.5178110031
 20
211.1440487579
 30
0.0
  0
POINT
  5
469
330
1F
100
AcDbEntity
  8
0
  6
Continuous
 62
     7
100
AcDbPoint
 10
444.1000069423
 20
213.4888552151
 30
0.0
  0
POINT
  5
46A
330
1F
100
AcDbEntity
  8
0
  6
Continuous
 62
     7
100
AcDbPoint
 10
341.1558715285
 20
144.5057885764
 30
0.0
  0
POINT
  5
46B
330
1F
100
AcDbEntity
  8
0
  6
Continuous
 62
     7
100
AcDbPoint
 10
504.4020218772
 20
344.05136074
 30
0.0
  0
POINT
  5
46C
330
1F
100
AcDbEntity
  8
0
  6
Continuous
 62
     7
100
AcDbPoint
 10
353.2864088093
 20
35.2098315319
 30
0.0
  0
POINT
  5
46D
330
1F
100
AcDbEntity
  8
0
  6
Continuous
 62
     7
100
AcDbPoint
 10
556.8699191393
 20
344.6143685025
 30
0.0
  0
POINT
  5
46E
330
1F
100
AcDbEntity
  8
0
  6
Continuous
 62
     7
100
AcDbPoint
 10
532.3153352462
 20
346.3389280991
 30
0.0
  0
POINT
  5
46F
330
1F
100
AcDbEntity
  8
0
  6
Continuous
 62
     7
100
AcDbPoint
 10
512.7702395945
 20
349.8253328288
 30
0.0
  0
POINT
  5
470
330
1F
100
AcDbEntity
  8
0
  6
Continuous
 62
     7
100
AcDbPoint
 10
541.7321432629
 20
381.3375108206
 30
0.0
  0
POINT
  5
471
330
1F
100
AcDbEntity
  8
0
  6
Continuous
 62
     7
100
AcDbPoint
 10
523.9949195078
 20
331.3401805453
 30
0.0
  0
POINT
  5
472
330
1F
100
AcDbEntity
  8
0
  6
Continuous
 62
     7
100
AcDbPoint
 10
556.8716411098
 20
377.335232083
 30
0.0
  0
POINT
  5
473
330
1F
100
AcDbEntity
  8
0
  6
Continuous
 62
     7
100
AcDbPoint
 10
556.7605992532
 20
381.3352154113
 30
0.0
  0
POINT
  5
474
330
1F
100
AcDbEntity
  8
0
  6
Continuous
 62
     7
100
AcDbPoint
 10
600.969598674
 20
349.8253328288
 30
0.0
  0
MTEXT
  5
476
330
1F
100
AcDbEntity
  8
0
  6
Continuous
 62
     7
100
AcDbMText
 10
-0.3724117102
 20
6.6555029819
 30
0.0
 40
4.83362
 41
0.0
 71
     1
 72
     1
  1
Producto SOLIDWORKS Educational.
  7
SLDTEXTSTYLE0
 73
     1
 44
1.0
  0
MTEXT
  5
477
330
1F
100
AcDbEntity
  8
0
  6
Continuous
 62
     7
100
AcDbMText
 10
-0.3724117102
 20
-0.5949270181
 30
0.0
 40
4.83362
 41
0.0
 71
     1
 72
     1
  1
Solo para uso en la ense�anza.
  7
SLDTEXTSTYLE0
 73
     1
 44
1.0
  0
ENDSEC
  0
SECTION
  2
OBJECTS
  0
DICTIONARY
  5
C
330
0
100
AcDbDictionary
281
     1
  3
ACAD_GROUP
350
D
  3
ACAD_LAYOUT
350
1A
  3
ACAD_MLINESTYLE
350
17
  3
ACAD_PLOTSETTINGS
350
19
  3
ACAD_PLOTSTYLENAME
350
E
  3
ACAD_SCALELIST
350
47
  3
DWGPROPS
350
478
  0
DICTIONARY
  5
D
102
{ACAD_REACTORS
330
C
102
}
330
C
100
AcDbDictionary
281
     1
  0
DICTIONARY
  5
1A
102
{ACAD_REACTORS
330
C
102
}
330
C
100
AcDbDictionary
281
     1
  3
Layout1
350
1E
  3
Layout2
350
26
  3
Model
350
22
  0
DICTIONARY
  5
17
102
{ACAD_REACTORS
330
C
102
}
330
C
100
AcDbDictionary
281
     1
  3
Standard
350
18
  0
DICTIONARY
  5
19
102
{ACAD_REACTORS
330
C
102
}
330
C
100
AcDbDictionary
281
     1
  0
ACDBDICTIONARYWDFLT
  5
E
102
{ACAD_REACTORS
330
C
102
}
330
C
100
AcDbDictionary
281
     1
  3
Normal
350
F
100
AcDbDictionaryWithDefault
340
F
  0
DICTIONARY
  5
47
102
{ACAD_REACTORS
330
C
102
}
330
C
100
AcDbDictionary
281
     1
  3
A0
350
48
  3
A1
350
49
  3
A2
350
4A
  3
A3
350
4B
  3
A4
350
4C
  3
A5
350
4D
  3
A6
350
4E
  3
A7
350
4F
  3
A8
350
50
  3
A9
350
51
  3
B0
350
52
  3
B1
350
53
  3
B2
350
54
  3
B3
350
55
  3
B4
350
56
  3
B5
350
57
  3
B6
350
58
  0
XRECORD
  5
478
102
{ACAD_REACTORS
330
C
102
}
330
C
100
AcDbXrecord
280
     1
  1
DWGPROPS COOKIE
  2

  3

  4

  6

  7

  8
KAREN
  9

300
=
301
=
302
=
303
=
304
=
305
=
306
=
307
=
308
=
309
=
 40
0.0
 41
2460951.72309507
 42
2460951.723363611
  1

 90
        0
  0
LAYOUT
  5
1E
102
{ACAD_REACTORS
330
1A
102
}
330
1A
100
AcDbPlotSettings
  1

  2
none_device
  4

  6

 40
0.0
 41
0.0
 42
0.0
 43
0.0
 44
0.0
 45
0.0
 46
0.0
 47
0.0
 48
0.0
 49
0.0
140
0.0
141
0.0
142
1.0
143
1.0
 70
   688
 72
     1
 73
     0
 74
     5
  7

 75
    16
147
1.0
148
0.0
149
0.0
100
AcDbLayout
  1
Layout1
 70
     1
 71
     1
 10
0.0
 20
0.0
 11
420.0
 21
297.0
 12
0.0
 22
0.0
 32
0.0
 14
1.0000000000E+20
 24
1.0000000000E+20
 34
1.0000000000E+20
 15
-1.0000000000E+20
 25
-1.0000000000E+20
 35
-1.0000000000E+20
146
0.0
 13
0.0
 23
0.0
 33
0.0
 16
1.0
 26
0.0
 36
0.0
 17
0.0
 27
1.0
 37
0.0
 76
     0
330
1B
  0
LAYOUT
  5
26
102
{ACAD_REACTORS
330
1A
102
}
330
1A
100
AcDbPlotSettings
  1

  2
none_device
  4

  6

 40
0.0
 41
0.0
 42
0.0
 43
0.0
 44
0.0
 45
0.0
 46
0.0
 47
0.0
 48
0.0
 49
0.0
140
0.0
141
0.0
142
1.0
143
1.0
 70
   688
 72
     1
 73
     0
 74
     5
  7

 75
    16
147
1.0
148
0.0
149
0.0
100
AcDbLayout
  1
Layout2
 70
     1
 71
     2
 10
0.0
 20
0.0
 11
0.0
 21
0.0
 12
0.0
 22
0.0
 32
0.0
 14
0.0
 24
0.0
 34
0.0
 15
0.0
 25
0.0
 35
0.0
146
0.0
 13
0.0
 23
0.0
 33
0.0
 16
1.0
 26
0.0
 36
0.0
 17
0.0
 27
1.0
 37
0.0
 76
     0
330
23
  0
LAYOUT
  5
22
102
{ACAD_REACTORS
330
1A
102
}
330
1A
100
AcDbPlotSettings
  1

  2
none_device
  4
ANSI_A_(11.00_x_8.50_Inches)
  6

 40
6.35
 41
19.05
 42
6.35000508
 43
19.05000254
 44
279.4
 45
215.9
 46
-4.7889279907
 47
-10.1605355535
 48
0.0
 49
0.0
140
0.0
141
0.0
142
0.0173453942
143
1.0
 70
  1696
 72
     0
 73
     0
 74
     0
  7

 75
     0
147
0.0179189148
148
-1300.4909072572
149
0.0
100
AcDbLayout
  1
Model
 70
     1
 71
     0
 10
0.0
 20
0.0
 11
420.0
 21
297.0
 12
0.0
 22
0.0
 32
0.0
 14
-0.3724117102
 24
7.6750693736
 34
0.0
 15
627.4599606109
 25
442.0144546615
 35
0.0
146
0.0
 13
0.0
 23
0.0
 33
0.0
 16
1.0
 26
0.0
 36
0.0
 17
0.0
 27
1.0
 37
0.0
 76
     0
330
1F
331
29
  0
MLINESTYLE
  5
18
102
{ACAD_REACTORS
330
17
102
}
330
17
100
AcDbMlineStyle
  2
Standard
 70
     0
  3

 62
   256
 51
90.0
 52
90.0
 71
     2
 49
0.5
 62
   256
  6
BYLAYER
 49
-0.5
 62
   256
  6
BYLAYER
  0
ACDBPLACEHOLDER
  5
F
102
{ACAD_REACTORS
330
E
102
}
330
E
  0
SCALE
  5
48
102
{ACAD_REACTORS
330
47
102
}
330
47
100
AcDbScale
 70
     0
300
1:1
140
1.0
141
1.0
290
     1
  0
SCALE
  5
49
102
{ACAD_REACTORS
330
47
102
}
330
47
100
AcDbScale
 70
     0
300
1:2
140
1.0
141
2.0
290
     0
  0
SCALE
  5
4A
102
{ACAD_REACTORS
330
47
102
}
330
47
100
AcDbScale
 70
     0
300
1:4
140
1.0
141
4.0
290
     0
  0
SCALE
  5
4B
102
{ACAD_REACTORS
330
47
102
}
330
47
100
AcDbScale
 70
     0
300
1:5
140
1.0
141
5.0
290
     0
  0
SCALE
  5
4C
102
{ACAD_REACTORS
330
47
102
}
330
47
100
AcDbScale
 70
     0
300
1:8
140
1.0
141
8.0
290
     0
  0
SCALE
  5
4D
102
{ACAD_REACTORS
330
47
102
}
330
47
100
AcDbScale
 70
     0
300
1:10
140
1.0
141
10.0
290
     0
  0
SCALE
  5
4E
102
{ACAD_REACTORS
330
47
102
}
330
47
100
AcDbScale
 70
     0
300
1:16
140
1.0
141
16.0
290
     0
  0
SCALE
  5
4F
102
{ACAD_REACTORS
330
47
102
}
330
47
100
AcDbScale
 70
     0
300
1:20
140
1.0
141
20.0
290
     0
  0
SCALE
  5
50
102
{ACAD_REACTORS
330
47
102
}
330
47
100
AcDbScale
 70
     0
300
1:30
140
1.0
141
30.0
290
     0
  0
SCALE
  5
51
102
{ACAD_REACTORS
330
47
102
}
330
47
100
AcDbScale
 70
     0
300
1:40
140
1.0
141
40.0
290
     0
  0
SCALE
  5
52
102
{ACAD_REACTORS
330
47
102
}
330
47
100
AcDbScale
 70
     0
300
1:50
140
1.0
141
50.0
290
     0
  0
SCALE
  5
53
102
{ACAD_REACTORS
330
47
102
}
330
47
100
AcDbScale
 70
     0
300
1:100
140
1.0
141
100.0
290
     0
  0
SCALE
  5
54
102
{ACAD_REACTORS
330
47
102
}
330
47
100
AcDbScale
 70
     0
300
2:1
140
2.0
141
1.0
290
     0
  0
SCALE
  5
55
102
{ACAD_REACTORS
330
47
102
}
330
47
100
AcDbScale
 70
     0
300
4:1
140
4.0
141
1.0
290
     0
  0
SCALE
  5
56
102
{ACAD_REACTORS
330
47
102
}
330
47
100
AcDbScale
 70
     0
300
8:1
140
8.0
141
1.0
290
     0
  0
SCALE
  5
57
102
{ACAD_REACTORS
330
47
102
}
330
47
100
AcDbScale
 70
     0
300
10:1
140
10.0
141
1.0
290
     0
  0
SCALE
  5
58
102
{ACAD_REACTORS
330
47
102
}
330
47
100
AcDbScale
 70
     0
300
100:1
140
100.0
141
1.0
290
     0
  0
ENDSEC
  0
EOF
